id;text;emotion_gt;emotion_gt_mapped
ef56cjf;Wow. Of COURSE this happened;surprise;surprise
eetnlji;She’s a disgusting snob.. Feel bad for the workers.  (;disgust;disgust
eehwnpr;[NAME] has no Plan B. She's either dominating the match or praying that her opponent drops her level and playing second fiddle.;neutral;neutral
edncm2k;Damn you and your facts.;anger;anger
eentxjj;She did it once I don’t think she would do it again but they might interfere in [NAME] match with [NAME];neutral;neutral
efdwp12;wow! trust issues.;surprise;surprise
efc18fu;IT'S ALL YOUR FAULT MAMA;disappointment;sadness
edj9uqc;Stupid [NAME] referencing that stupid seagull/cricket myth;neutral;neutral
edmhlr3;1 Corinthians 13 😅 I am lazy so i won't write it down sry;disapproval;anger
ef6menm;"So is liking [NAME] enormous eyebrows ""biological"" too? /s ^I ^think ^her ^eye ^brows ^look ^cool";admiration;joy
eczqtaw;Last time I tried exposure at the grocery store I ended up with eight weeks community service.;neutral;neutral
edcj1kb;That’s a fuckin budgie. You gotta be a moron at birds to not know that. That’s like Bird Basics 101.;annoyance;anger
edv84m1;“It’s not happening right in front of me if I don’t look at it.”;neutral;neutral
eep80n0;Interesting. Can you give some examples?;admiration;joy
eer9s5f;I swear of all the people that dislike artifact, the gwent crew is by far the most obnoxious.;disgust;disgust
ee5jby6;And is that good or bad?;curiosity;neutral
eebu8x7;>Most likely lassaire stones. [NAME]. [NAME]. The bane of gemologists. Glassy garbage.;neutral;neutral
ee7ei1v;As high as ~72% in black families. Truly heartbreaking what the expansion of the welfare state has done to the black family.;disappointment;sadness
eeeuj07;That was so sad. And she kept calling for mommy the whole time. Then they ditched her with grandma.;sadness;sadness
edvc0vc;It's literally not. I love that people believe it. I'd like to see any info showcasing it.;love;love
edcoo9n;You did this, YOU DID THIS;neutral;neutral
eexg491;"Sorry i was thinking of the word ""Plaintiff""";remorse;sadness
edk0odx;Come on, this would be funny with a better caption.;amusement;joy
eef9v2n;Yes they do. Thank you for the idea!;gratitude;joy
eczi9m5;Yeah, this is always my first thought when I read this kind of stuff, kinda sad to be honest ;sadness;sadness
edx48n6;I'm glad people with such foresight are the first to find this place unaffordable. Good riddance.;admiration;joy
ed61oj2;I, too, have experienced weight gain despite eating a clean 500 calories per day (and another 3000 dirty calories on top of that).;neutral;neutral
efhaitr;oh [NAME] I unleashed the beast;fear;fear
edhcni2;No one in particular....i mean to people who believe that [NAME] and [NAME] are actually in love.;love;love
eehri8b;lol [NAME] trying to attack someone with their back turned;amusement;joy
ef5jwdc;That's a welcome relief. Lol.;relief;joy
edw565z;Be the change you want to see in the world!;optimism;joy
edje46l;Lol, I don't know the game that well;amusement;joy
edjdkf5;Ouch, that looks horrible. Tagged his leg on the dumpster. Lucky he didn’t lose a leg going that fast.;disgust;disgust
ed4p2ge;🤣 wow... I read it all in a serious tone until the end! 🤣;excitement;joy
edggsdh;Meaning he had a wank once he got home too r/foursentencehorror;neutral;neutral
edwhaem;The register entries have allot of interesting information, and basically served as the record of service for all personnel.;admiration;joy
ed77sf4;The my bad thing is hilarious.;amusement;joy
ee1t3d5;Thank you! And i understand that one too.;gratitude;joy
ee20m2s;Really appreciate this post and article. I just subscribed and between this and the sidebar I'm feeling pumped about starting he learning.;admiration;joy
edtu6d0;> I feel the big man deserves some love. Because people on places like /r/pcmasterrace doesn't treat him like the second coming of [NAME].;love;love
edjut0h;Trying to read that made me feel like I just huffed formaldehyde amd mercury;annoyance;anger
eef4a51;Everyone clapped too btw;realization;surprise
eekn3rq;I probably just watched whatever episode someone else is rewatching.;approval;joy
efbh0ar;I totally believe it, it's crazy how many drivers are so unaware of their lights;approval;joy
eepp6hl;That’s a really cool GMC van there, love seeing really old, unusual vehicles like that around town.;admiration;joy
ed5plq4;This is sad but not cringe, I hope he finds someone to play with soon 😪;optimism;joy
eep51q7;I know what you mean and with me, I love animals. Do you have any hobbies you like to do? ;love;love
educoe4;They spoofed their number, unfortunately (you know, time travel rules and all). Also  > older ~~then~~ my joke. than*  D;neutral;neutral
edajwk5;Clock the flair but What are the judges on? I live for ms Manila but [NAME] safe again? Gurl..;neutral;neutral
efam4wy;No, you just have to either pay the stable fee to revive it or get the insurance.;neutral;neutral
eda5cuo;I mean... I'm [RELIGION] so...;neutral;neutral
eeqrg1m;Man it’s easy to cut your wiener off. Easy!;neutral;neutral
eeedrev;They were talking about what they should call the 'not Constantinople' release in the meeting- its a crime that nobody thought of this.;disapproval;anger
efd9809;Well I for one think small d**** are adorable;admiration;joy
ee369xg;It’s my favorite Saturday movie, never gets boring;love;love
edcsbk6;I'm still not not going if I've got somewhere else to not go.;neutral;neutral
efcj4cf;[NAME], [get_user_id] is a moron.;anger;anger
ef69n0x;But would the flashing swastikas be unexpected, if you already predicted them?;confusion;neutral
ed7jqag;haha, she doesn't support me for whatever reason. lol you got problems bro. open your ears and shut your mouth;amusement;joy
ee35rxh;I get needing a good education but what is with people acting like spending the most per student is a badge of honor?;admiration;joy
ed3fae8;Let's keep making that trade with different teams until we have all 32 picks in the 6th round one year Sorry, I'll go back to my NHL19;remorse;sadness
edftikh;Gotta love January.;love;love
ed9v2fq;I know and I really genuinely wish there was something I could do or say to help you take this pain away and to help you feel better.;desire;neutral
ed4wmjl;It's really very upsetting to have parents who dismiss this condition.;disappointment;sadness
edplox2;Damn its like that tv show on Netflix called You. Stay safe and hope everything works out for you.;caring;love
eevug8s;Haha love it!;love;love
edjakmo;Without any kind if proof beyond ex gf’s texting eachother, im not going to just up and believe this;neutral;neutral
edw593p;Chronicles of Elyria seems interesting;excitement;joy
ee3n3fu;Oh my [NAME] I completely didn’t realise. I’m so sorry;remorse;sadness
edifdsg;Upfront. Costs a lot more over the term of the contract though.;neutral;neutral
eeci20m;Make a move now. She is ready. The breaking up In her head started 6 months ago so you can go ahead now.;neutral;neutral
ee3l1wi;Bad children get their souls put in the face table;neutral;neutral
eewb8ax;Let’s beat these Lakers!;excitement;joy
ed8sn4l;look more 4th grade comments. sorry you're a child who has no brain. I bet your mother wishes she had a child who lived.;desire;neutral
eep9ir9;Oh gosh that's no good! Perhaps the other options are better places to start;disapproval;anger
ed22gpz;Wait for real? That's how they met? lol that's both terrifying and completely fitting considering how nuts they both are;fear;fear
ef7wwn9;Are socdems welcome here?;confusion;neutral
ee3coph;I have faith that you do it *correctly*;approval;joy
ee7iifb;Not practicing with the team, seems like a bad sign for playing today. ;disapproval;anger
ed5355m;Thanks for the link! I've been looking too and there are like 200 in the area I called one and waiting to hear back.;gratitude;joy
edksr56;I see, good one.;admiration;joy
eduw3ke;Just a quick correction  if the next tax bracket is 10% than $10001 would be taxed $500.10;optimism;joy
eczdv3l;No but some random did afterwards. You’re welcome.;gratitude;joy
ef1703q;He needs an eye patch;neutral;neutral
ef0p7z6;Didn't realize they were shipping the challenge coins with Israeli FAL rifles, that makes this whole thing even weirder.;disapproval;anger
ed3lqa5;Is it bad that I don't want any of them?;confusion;neutral
ee5y5vn;Yo u r awesome op. Gold me  D;admiration;joy
edeu38u;Just be glad you’re not his wife;joy;joy
eeo2s9h;AMAZING!! I can’t wait for your talking head!;excitement;joy
edyh8s2;Me too, except there’s no hookup. (I’m so lonely) ;sadness;sadness
ee7r2wu;Forgot to mention that it contains lanolin, don't know if thats a deal breaker. Regardless, alcohol free emollient + occlusive is the way to go;approval;joy
eevz6aq;I think that stuff started before he was an alderman;neutral;neutral
ee0jq63;Back to formula!;neutral;neutral
eepawzc;That's just....sorry, but stupid is the only correct word.;sadness;sadness
edryb8k;They’re not just cute like everybody supposes;neutral;neutral
ee6pmyi;The lying little slag. If you're squatting properly, turning your neck shouldn't be comfortable enough to consider;neutral;neutral
ed3kl8z;I preferred the old one that only made me want to gouge one eye out;neutral;neutral
ee8d0mo;**IITT'SSSS HIGHHHHH NOOOOOOOONNN**;neutral;neutral
ed211g9;Yeah [NAME] is actually really cute and nice but best boi and best girl goes to [NAME] and [NAME]. Just kidding. [NAME] all the way;admiration;joy
eet5inc;Mauston and Monticello were the beginning and end of my hope;disappointment;sadness
efgmesp;"We're all humans, why would a darker skinned [NAME] not be ""one of their own""?";neutral;neutral
edtt72u;I love it! Guy in front can steer, can't propel. Guy in back can propel, but can't steer.;love;love
ef98mqo;Nobody would be ecstatic to be on welfare.;neutral;neutral
eeh7353;Yes I wish more people did this!;desire;neutral
edtaxhn;Happy birthday!;joy;joy
edjiygc;That’s scary;fear;fear
ef84uva;even the safe queen (pearl) was amazing. i would have had pearl and ginger double win;admiration;joy
eddkjlj;It’s 2019 dude chill out with the gender roles Edit  it’s 2019 I’m tired sorry;disappointment;sadness
eet92uf;To all of you who never had to take the SATs, consider yourselves lucky.;admiration;joy
edj3c30;Lakers would laugh at that;neutral;neutral
ef9zx18;That's not justification to keep doing it. Also this would be the purview of the Democratic party since it's the primaries we're talking about.;neutral;neutral
eez0s1z;You shut your stupid mouth troll. Thy absolutely matter;anger;anger
ee7zjtx;Not probable, I study in the best university in my country, I don't want to stop at all;admiration;joy
ef7dvml;Including the fact that once I pirate something, i usually will purchase it later on either through frustration / poor quality/ actually loving the product / etc;neutral;neutral
ee05ptl;Makes me sad at how brain damage effects boxers so much;sadness;sadness
eff7igy;a guy named [NAME] had a nightmare of [NAME] getting shot at a live performance.;neutral;neutral
ee0ypp0;No. Without getting into spoilers that ring is reserved for something else later in the game.;neutral;neutral
edlqvvo;This post is a waste of time and doesn't belong here.;annoyance;anger
efgzkwo;Agreed, my guy.;approval;joy
edgvxye;Unexpected Funhaus?;surprise;surprise
efdcogh;He seems to have a really cool fashion sense, maybe he can do something with it one day, maybe go to Paris?;admiration;joy
eeze41v;Niagara region getting hit hard;neutral;neutral
ed4ksk4;Surf Wax America, great song;admiration;joy
efedoga;Omg I love these kinds of dates. Who initiated ??;love;love
eedpzts;He already did;neutral;neutral
eetqgfs;Pacific Daydream but with the instrumentation of this album would’ve been way better now that I’m hearing this;neutral;neutral
ef4yyoh;Lol the fact that actual fans can't afford tickets is why there are let's go heat chants at this game;amusement;joy
efhbdea;You will love Happy People! Perfect to watch when you're snowed/iced in.;love;love
ede8za3;All the things you mentioned are basically aligned perfectly in 99% of cases.;admiration;joy
ee9gem8;I wasn't ready for the wholesomeness when I saw it.;disapproval;anger
eedrxfb;Thanks for finding out! That's cool;gratitude;joy
eevdnkn;Northern Ireland?;neutral;neutral
edkrwuy;[NAME] and [NAME]. I can't stand them;neutral;neutral
edltgnf;I keep seeing you around and I love the art. I really want to get into drawing but I’m only good ad heads and faces.;desire;neutral
ef4frq4;In nNevada you get vested in retirement in 5 years. Stay in NV at least 5 years.;neutral;neutral
eefrjg6;You can't compare general economic losses to tax funded expenditures. It would only be fair if we lost 5 billion in tax revenue.;disapproval;anger
edroo3g;With ice time and his defensive liabilities taken into consideration, I'm still not too high on him;neutral;neutral
eee8e9f;Hey, you sound like you're living my exact life. It's a good life. Enjoy sharing the love. ;admiration;joy
edkyovx;For some reason I can't reply to [NAME], but also for the neysayers ;neutral;neutral
eeb6mev;Ah gotcha, lemme move it. New to this reddit stuffs ;neutral;neutral
efc2ddy;I would love to find a like minded boyfriend but I given up on that already...;love;love
ed5x9pt;I got mine a few months ago and honestly apprehensive to wear it out to a game in fear of staining it.;fear;fear
ed75m59;You can listen in the longer vid, chat brings that point up and he addresses the differences. ;neutral;neutral
edbq1ie;Well that sucks. The disconnect reconnect and keeping your bloodpoints I mean. The accidental vs purposeful disconnect seems fair.;annoyance;anger
edannji;Cheers, I will do ;joy;joy
edojeqn;Our education system has been a complete and utter failure...;disapproval;anger
ee2k73r;I love it when cats go all airplane ears;love;love
ed1u0am;"I like the ""filler"" episodes, believe it or not. I actually get bored by the battles ";approval;joy
eewi6tt;Please just tell me [NAME] is in the top four;optimism;joy
eerp0ot;They're currently the opposition party, sadly. ;neutral;neutral
efgm0h0;It's ephemeral. It deteriorates in quality from the second you finish pouring. It isn't going to be framed. Enjoy the moment.;neutral;neutral
ed0ia9w;My favourite series are House Party and A Way Out. The Sonic comics episode is a golden too.;admiration;joy
edms7rw;My balls shrunk up looking at that;fear;fear
ee5uldo;[NAME] insulting his fanbase has literally been a hallmark of his persona from the beginning of barstool;annoyance;anger
edbxfgg;Can’t wait to listen! Look forward to each episode.;curiosity;neutral
edknap9;im alright my dude, didn’t realize how dark this was i might take it down;realization;surprise
eekxxs3;I've got a lovely bunch of coconuts.;neutral;neutral
edvys5p;I wish this was on Betfair, I'd quite enjoy making some money from Remainers.;desire;neutral
edvg1hx;Now you’re reddit staking me? Don’t comment on my stuff dude.. gtfoh;annoyance;anger
ef4fq5k;I know that feeling man;neutral;neutral
ef7ysah;Well you’ll have a lot more fun for these matchups. Can’t say much for the rest of the season;amusement;joy
edikkwu;Wow. So I figure you two are both at least considerably older than me (24) and ...wow his response;surprise;surprise
eeqr3dp;Dogs are so dumb sometimes but always so good  ) I love dem dumb ones;love;love
eee6k55;"I don't filter it out because I enjoy my daily cringe from the constant open letters. ""To the ____ who ____""";joy;joy
eep1vlb;[NAME] stated that Ethtrader polls will be used for important community decisions. So I can see people trying to buy influence through Donuts in these decisions.;approval;joy
ed2wzz9;"Maybe crotch-thrusting ""power pose"" on top of the White Cliffs will scare them all away?";curiosity;neutral
eeabaqg;im here for blood only whether it comes via hostage situation or police chase. a peaceful ending doesnt do it for me anymore;disapproval;anger
edl2odp;Its not that they don’t know how, it is that they just don’t care. “Someone else will get it”;neutral;neutral
edp988f;It still seems dangerous;fear;fear
ed9op9m;[NAME] — 'There is no love sincerer than the love of food.';neutral;neutral
ef9wz7w;Excuse you, rice is the best food. Rice is love, rice is life.;admiration;joy
eecgytp;Can someone give the non-paywall link? I know there's a way but I can't remember it.;neutral;neutral
efffg0m;Oh [NAME] I forgot all about this site for good reason;neutral;neutral
edhovhi;This genuinely made me angry. He and his sociopath of a wife deserve each other.;anger;anger
efepwd3;It was [NAME] and [NAME] that started them. [NAME] left OS even earlier than [NAME] did.;neutral;neutral
efcawtx;I'm working on it. But there is always the fear lurking around....;fear;fear
eehljga;My stress levels are really too high. Let Tuesday bring some good news...;optimism;joy
eexxucz;Haha, small world, I live/work in the Twin Cities already! 😂;amusement;joy
eedsuoa;Thx! Keep waiting for her to take over and say NERF THIS;gratitude;joy
efh0jqp;She should try that w a fresh bloody sidewalk needle from San Fran, oh the rush !!! ;neutral;neutral
edgo6by;Sad truth is you cant run away from who you are no matter how hard you try  (;sadness;sadness
edf80ua;There is irony in what you guys are saying.;disapproval;anger
ef28rme;So she's basically repeating everything they paid CTR to say back during the primaries.;neutral;neutral
ef4zuis;Yeah lets celebrate that only one guy (well maybe put dirk and [NAME] up with him) has come to play.;joy;joy
edo90gb;Luckily he is not.;joy;joy
eczx19r;I'm sorry  ( I hope this year ends up being incredible for you in ways you never anticipated, to make up for it. Hugs.;caring;love
edpe4s7;Cleaning up my balls;neutral;neutral
ee8g9sx;Hopes we all get so sick of his messages we'll vote for him to outlaw them. Courageous strategy Mr [NAME];optimism;joy
eeamzf8;...and that's the second time I got crabs.;neutral;neutral
eeeku7s;Oh my gosh 😂. I do believe it!!;amusement;joy
edjb6js;[NAME] won't think they are bad shots cuz they are open threes. Unfortunately, we cannot hit them consistently. ;neutral;neutral
ee3se8k;me as fuck;disappointment;sadness
eeznhdw;Let me calm you down a bit ;caring;love
eec68ik;Wow you’re mom is truly living by the love first motto that is [RELIGION].;love;love
edw7hzk;You're And no this post was on the front page, I would never subscribe to such a petty and pathetic sub.;neutral;neutral
eedtt0o;Appreciate the reply, I'll look into these. Thank you!;gratitude;joy
eczg8gf;Exactly....we need a car tunnel, and then let the old road to be allowed for truck traffic.;neutral;neutral
eeem310;Did no one else notice your stroke?;confusion;neutral
ef2obiq;lmao i love [NAME] what a legend somebody who really doesn't care what the public thinks i wish i could be like him;admiration;joy
eee67bs;Before the ~~Empire~~ MousePire. ooo ooo Mouse Pyre ! lol;amusement;joy
eds3253;I think so. It’s one of my favorite [NAME] characters and a fun trilogy. At that price point I think it’s really worth it;admiration;joy
ednjmyh;It better not as I only bought the bloody thing last week! Sorry, guess i'm still in shock from the kettle dying.;remorse;sadness
ed5sjxy;You wont bud. Do it, call it just to talk. You dont have to share anything.;neutral;neutral
efagr1k;> a new release is imminent. Hahahaha;amusement;joy
edzyx4t;AE think that's looking harder and harder to defend?;neutral;neutral
edopab9;On the other hand, I'm pretty sure the Phoenix VA is actively trying to kill me lol.;amusement;joy
eeu7kvc;Both consenting adults so nope not creepy;fear;fear
ef4e3pl;Plus, thinking you know someone that you don't just weirds them out. It must be disturbing having people flock around your persona, ffs.;neutral;neutral
ef2hthv;[NAME] damn it I'm so tired of seeing Instagram between fights;annoyance;anger
ee0rs1r;Nothing more Jersey than the sound of car horns over [NAME] rambling out an annoyed answer to a caller.;anger;anger
ed9tuuy;The real reason [NAME] hates pewdiepie;neutral;neutral
eef7rta;I'm not close with my family so option 1.;neutral;neutral
efam83o;Idk, I just need someone who cares but I always lose everyone and I’m sick of trying to be good enough.;disappointment;sadness
ee94idc;Great job, now let's get two points.;admiration;joy
edj3qop;ROLL THE DICE;neutral;neutral
eeixoui;Good mind, good luck.;admiration;joy
ed6z53o;You’re right, my bad;approval;joy
eebwquw;You’re right. My biggest pet peeve is the lights, it washes out all the colors and textures, I hate that BGs use them;approval;joy
eeb44vn;Improvise. Adapt. Overcome;neutral;neutral
ed3rkbz;Mom will get sad. [NAME] still good. Hanging out with friends still good. Money buying foodie exp is still good.;sadness;sadness
ed2le2f;Drs hate him!;anger;anger
ee3y5ml;For those of us that need a little pain with our pleasure.;neutral;neutral
ef8vpbo;You're not my STBXH hehe. He doesn't type like you.;amusement;joy
ed16foy;Move on. On another note, dont ever send more than one picture. If she wants to see you she can meet up.;neutral;neutral
eer3gx2;I dunno...it was used for a meme and it's very fun to look at;amusement;joy
eer5130;When there is 1 in 20 posts that is remotely serious and it gets 20 upvotes Vs 1200 of those that memes get...;annoyance;anger
ed1hip4;I will tell my NP he may have inspired pancakes in someone's future  );optimism;joy
ef3engl;Take an updoot for making me smirk and smile. It might be immature, but it's hilarious.;amusement;joy
edwxmke;MUSK is just HITLER if you remember that  M=HI U=TL S=E K=R!;neutral;neutral
eelj7pz;I was about to say the same lol.;amusement;joy
ef4n85u;Lol for the past 2 weeks I wondered if an unpopular opinions thread should go up and I was hesitant for the same reasons. Lol mind reader sis;amusement;joy
ed9phj4;Just another prototypical Mavs game...;neutral;neutral
edlyj9j;22 years to the day. It was uncanny.;surprise;surprise
eep6z96;You can't control what happens around you. You can only control how you react to it.;approval;joy
edcdj5t;Wait, so you really can't carry bags to school in US? ;neutral;neutral
eeu0xdw;Seriously! I'm on Xbox and all my crew and we have never had an issue!;annoyance;anger
ee4iq91;Thanks. I though it was fooling a penquin.;gratitude;joy
eet5ryt;Large McDonalds fry 🙈;neutral;neutral
edd2zws;Oh man, dream date right there. Zoo then sushi?? Yes please. ;neutral;neutral
ee5ch34;Pretty sure neither team wants this, it's a BS rumor;neutral;neutral
eda1ry0;"""While we've decided not to hire you for this postion mr. [NAME], we have an opening at the ticket window""";remorse;sadness
edzsyk7;Eh, that can happen anywhere. It isn't exclusive to Dallas where that stuff happens. Good luck tho.;approval;joy
eearvih;Same. It's rare we get rain, might as well enjoy it. I sure did during yesterday's hike.;neutral;neutral
ed22fkc;Men and women praying side-by-side doesn't make Israel any less of a [RELIGION] state.;neutral;neutral
ed1makv;I'm just saying as far as having incoherent political worldviews goes... it's ironic...;neutral;neutral
edlei7c;He's sick of people spelling his name wrong.;neutral;neutral
efa8p0b;Imagine that, a powerful union. Maybe we should join one and reap the benefits!;neutral;neutral
ees0f1j;Wrong. You tried to use a WW2 example and it backfired on you.;disapproval;anger
edl6v1u;Sorry to hear that, glad you're feeling better. Take your time ofc  is there anything we non knowing anything people can do to help?;neutral;neutral
ee6guqz;The Internet is a weird place.;disgust;disgust
eea3c2t;Man. I wanna be there to see his face! It’d be great. 🤣;admiration;joy
ed0hr5n;This is alternative facts level populism. The man is a liar.;annoyance;anger
eesw8c3;Cats can be right-pawed or left-pawed. --- LocationBot 4.31977192 | Report Issues;neutral;neutral
ef1zq21;Maybe [NAME] Paganism given the Viking Age, Did I already address Hellenism?;neutral;neutral
eektwb3;Today is just one of those all day long snack days. I will devour anything that is put in front of me;neutral;neutral
ee6m5ue;Sure. We can back another vote if it's found out that remain was illegally funded by [NAME], constantly lied.;approval;joy
edr8zt6;Fuck gateway pundit but it’s not a hoax;neutral;neutral
efg1q2n;Bravo! It's hard saying you need help, and sometimes even harder accepting it. So proud of you momma!;admiration;joy
eewutfg;Media City Building maybe? 1 Heerengracht St, Cape Town City Centre, Cape Town, 8000;neutral;neutral
ee4hn9h;Go exercise together. Eat healthy. Drink plenty of water. Time.;neutral;neutral
eedbnfs;The ONLY thing that would make this the tiniest bit better would be [NAME] installing flat screens in Azusa 😂 thanks for the laugh, all were spot on ;neutral;neutral
edphebd;I'll try to stay patient.;optimism;joy
ef6mgqz;I forget my friends and families names on the regular....;neutral;neutral
ee7ay1h;What do you mean strap around the bulls nuts?!,!? Sorry not into rodeo things ;remorse;sadness
ee20enm;Hey- that's where I play tennis! No slapshots, pls.;disapproval;anger
eeippeu;I actually currently have a girlfriend and I love her. It's just that those past situations gave me trust issues for life I guess.;love;love
edzj808;I'm curious, what words were used? I cannot for the life of me conjure up the Hindi sentence for this in my brain;curiosity;neutral
edgd1ae;It's the worst when it's something you are passionate about;disgust;disgust
eesyfei;>Shes completely self-made too  ) Now I'm imagining her as some sort of entity that brings its own existence about;optimism;joy
edmp10i;So happy for you, enjoy ;joy;joy
edjwjju;wow that's dark;excitement;joy
eeo56tk;Ur a dumbass;annoyance;anger
ed1k0vl;I love polo shirts;love;love
ee67jdw;Wow 😮 you really convinced me... like gtfo here;surprise;surprise
edwat00;Today on 'Days of Our Steelers'...;neutral;neutral
edh5b7z;Ironic. He could save others from secrecy-enabled corruption, but not himself.;neutral;neutral
ed6ysxd;Ah, cool cool cool;neutral;neutral
edftzmy;They can always fall back on Married with Children re-runs.;neutral;neutral
ed1ivu3;Oi he got stabbed in the eye;sadness;sadness
edz45t9;Ever since I could squat, deadlift, and bench more than my father he never questioned my decision. haha;amusement;joy
edctc89;I’m so sorry. <3;remorse;sadness
edbvb1u;> $100m to throw away For the 2nd time no less.;neutral;neutral
ed7gapg;It looks like Livonia flipped light blue as well? That’s pretty impressive.;admiration;joy
eetzupy;Actually you're a [NAME] if you aren't for exterminating the 'wrong inherently evil and guilty race'.;annoyance;anger
edw4saf;You mean the trip advisor era.;neutral;neutral
ee494k8;""" [NAME] has come down with a terrible sickness which caused him to deactivate his twitter account"" Jeez sicknesses these days get worse and worse. ";annoyance;anger
ed68sbx;Just Deep Fry This and post it on r/dankmemes;neutral;neutral
eepxnre;Exceptions prove rules;neutral;neutral
ed2kjxz;Good old guardian refusing to accept that [NAME] is stauncly anti-EU and anti-Brussels;disapproval;anger
eczf8we;$9?! Yeah you git ripped off, hope you kept the receipt pal r/sarcasm;optimism;joy
ee3petp;Entire new coaching philosophy is needed. Enough wasted possessions, contested iso mid-range jumpers with 15 seconds left on the shot clock and terrible 3pt defense.;approval;joy
ef5supc;Best! Episode! Ever! There is like a joke every 20 seconds.;joy;joy
efesnqj;Why didn’t she celebrate, she redirected that one in!!;neutral;neutral
edfdns5;Welp these were my happy tears of the days.  ’);joy;joy
edxmdy2;Bold of you to assume just about everyone here wouldn't do this for you, you absolute gem;admiration;joy
edi2mhf;I wanted a friend. I guess that's too much to ask.;neutral;neutral
edb6aq2;I meant to say provincial ban on smoking in it not law yet?;confusion;neutral
ef4trch;Yep...and they regret it. I hope you stay together!;optimism;joy
eeg5nb4;They want to live like ordinary [NAME] and the superior suburban mainstream way of life, not like a bunch of downtown elitists. ;neutral;neutral
eezffba;Win the information war, freedom fighter.;neutral;neutral
eewh2jo;Love this - beautiful penmanship;admiration;joy
edexrjz;[NAME] still looks him off unfortunately but he made a three;neutral;neutral
ed90jwk;Yeah Yeah Yeah! Im still Standing Yeah Yeah Yeah!;neutral;neutral
eejyd9b;Well, what I meant was that many people, myself included, consider masturbation to be immoral, regardless of its health benefits or harms.;neutral;neutral
ef8jhor;I just worked 6 hrs today and already hate it lol work just sucks. I'm not sure how other people do it.;anger;anger
ee4ocki;Nice try, bot!;admiration;joy
ef842wc;A lawyer is not going to disclose anything to random users, you guys are delusional;disapproval;anger
edm1wb0;Only thing TO know is that this motherfucker is obviously living his best birdy life and good for him. Fly high little buddy, fly high. ;anger;anger
efdctt3;And I've no monkeys left.... Sorry man;disappointment;sadness
ee6wv74;"The sound ISN'T mixed terribly like in high school kids and a nice taxidermised bear in the USA, a beautiful day!"".";admiration;joy
edw4p7v;Apart from the attempted basketball pass he's been great;admiration;joy
ef5tz71;Your girlfriend looks so Irish! You guys are cute as fuck.;admiration;joy
ef7di86;Her only number one this decade was featuring on Perfect with [NAME]  (;neutral;neutral
ef713c5;I like it;love;love
efctnk7;thank you!!;gratitude;joy
edq6dw1;Im so glad that he Reacted that way i feel the same way about my college but im in the last semester 🤓;approval;joy
ee3cgx8;Ohio is weird.;neutral;neutral
ee9paqb;Yet, here we are, a whole sub full of people who seem interested in the stupid things incels say and do... 🤔 /s;annoyance;anger
eeog16n;Mine is Woman by [NAME] 😂 I get the chills when I hear that song. Maybe it is a hymn?;curiosity;neutral
eeu0sv8;How exciting.;excitement;joy
ed95rju;Rule 3 removed.;neutral;neutral
edhnxcb;You deserve this;approval;joy
eeynqfo;I have an 88% wr rn as [NAME].;neutral;neutral
edy6zyp;...says the opioid addicted narcissist with multiple untreated physical and psychological ailments and is completely unable to work with anyone but his own clone.;anger;anger
eeutnq1;You'll be in for a shock in another couple months.;neutral;neutral
eegea4d;Doing nothing is the most tiring thing there is.;annoyance;anger
edng4if;Surely this particular one an extreme example? Thinking his brother is a lizard....;confusion;neutral
eec2ylz;Hey, can you post a pic (or many) of the chow/corgi mix? I really need to see it. Thanks. Actually, the kittens too. ;curiosity;neutral
ef3ss8o;">Turkish [NAME] You are right except ""[NAME]"" part. I could not found the attack but there was a [NAME] [NAME] who was involved..";neutral;neutral
efac05a;Maybe people just don’t like it?;curiosity;neutral
edyxeyd;Cute. I hope it makes you feel empowered.;admiration;joy
ed48jx7;Because idiots in this sub care too much about what other people have on their screen? It only tells me that too many people on here are narcissists.;anger;anger
edli9sc;Lots, play store or apple store vpn. Nord is good;admiration;joy
edxou5w;Everyone makes mistakes tho... at least he only allowed 1 mistake to go for a goal;neutral;neutral
ed9gsc0;Its not fake. Its real. You now look hilarious for making ridiculous accusations and praises about a person that doesn't exist. Lmao.;amusement;joy
eexn9zv;Demeaning women is the same as mocking the clown president? Cool.;realization;surprise
eedbxya;I think only Germany would have this kind of organization skills. Source  Know 2 Germans. Am therefore expert.;admiration;joy
edx3ear;We don't deserves horses;disapproval;anger
eeyx4g6;A fact you know when you've Read the Dictator's Handbook.;neutral;neutral
eevqdao;Whhhattttt. That’s crazy!!!;excitement;joy
ee4et6e;Testing it out in creative it feels like the hunting rifle got a huge buff this patch, cant wait to bring out one of my favorite weapons ;excitement;joy
edy6hcn;Only until security finds it stuffed with coke.;realization;surprise
eee5nne;You're clueless if you think you and even 50 other people would protect you against outsiders without the implied threat of the US military being involved.;neutral;neutral
ed795tc;Lol nicely done;admiration;joy
edcsb2b;"If it shows messages read, he thinks he still has a chance. Apparently not trying to go past the ""hey"" stage";neutral;neutral
eeifbh0;Would you PM me details? How did you motivate yourself? Did you fail a few times?;neutral;neutral
edr0lsr;Wow, thanks whoever did the silver❣ put a ray of sunshine into an otherwise cloudy day! ;gratitude;joy
edogqs6;I'm going with 720. She is like [NAME]!;neutral;neutral
efae43s;Yeah level 3 armor was so overwhelming and felt like you had no chance against it unless the player was really bad or you had more concussion grenades;admiration;joy
eexp3yy;I am already using ublock. Thank you for suggesting ghostery, didn't know it.;gratitude;joy
ed5vgdb;Thank you for helping me realize that pandr bloopers is exactly what i need right now;gratitude;joy
edr3axd;Fecking THANK YOU. -- One Foot on Each Side of The Pond;gratitude;joy
ed9o2yj;I love /r/LazyMan;love;love
ee6t1mh;This makes me wanna play Minecraft again;neutral;neutral
edrbymf;I brought my love a cherrrryyyyy....;love;love
eedlji7;Wow! You are close to me in age. I would never do that.;surprise;surprise
eezi4ic;What's wrong with that? [NAME] scandal is funny but not something to focus on in 2020.;amusement;joy
edv2a1w;Shh don't spoil it for us;anger;anger
edhxuqe;I had that thought as well.;approval;joy
eed4su4;Yeah usually there are the c-1 but this go around this is what was handed. I like them;love;love
edreqtm;Definitely not a sky writer. These plane were flying way too high.;neutral;neutral
eegqsl8;This is giving me so much life.;admiration;joy
edum01o;Ok good points but you didn't address the issues faced by [NAME]. So you agree with me that losing as [NAME] shouldn't result in lost elo?;curiosity;neutral
ed3xu14;Keep lookin Honey;neutral;neutral
eeuxuxb;I think we both know why  P as you can see people eat up whatever they hear;neutral;neutral
edzeebg;Resident complainers complaining about the resident weirdos preemptively. Classic Reddit.;neutral;neutral
eesb8xb;You have to put food on the table, so take the job you need to do so. Look for others while working to find the right job.;neutral;neutral
edze0ph;#BUTTLICKER!;neutral;neutral
eebi6ta;"I got to nineteen ninety eight and then breathed out, ""goddamnit..."" ";neutral;neutral
eeqpfmj;Was just thinking that. Great tunes;gratitude;joy
edi2vft;I love [NAME], he’s literally the craziest couch in the nba lol! He could win couch of the year or be fired next week! ;love;love
ef22xix;Same cinematographer, [NAME]. He's incredible;admiration;joy
eczncbs;Ok, for the low price of $27.97 I will help you out.;caring;love
efgk7xc;no way I have never heard of that! wow!;surprise;surprise
ee6gc6n;And sing the beat !;excitement;joy
edj3t2z;Human nature also leads us to greed, violence and aggression. Natural doesn’t equal good. Cancer is natural.;approval;joy
eeel2p2;She thought the fuel pump was cold and decided to try warming it up. You know, to prevent the gasoline from freezing and causing blockage.;neutral;neutral
ed3qj00;I’m an NA boy and Rival/Dig were my two favorite orgs. Glad to see at least one of them is returning.;joy;joy
ednaldp;With those pieces I’d be surprised 😒;surprise;surprise
eep57tu;Roll on 5pm till i sit in bumper to bumper traffic until about 7pm when i can finally roll into lisburn;neutral;neutral
edg8be9;Thanks for the encouragement, it means a lot! Glad you liked it, seeya around 👌;admiration;joy
ed5chhu;Same here, would love to help. Praying things get better for you and your family  );caring;love
edekirp;What a legend.;admiration;joy
efb4jt3;Gotta hurry up before the chicken gets there first.;neutral;neutral
ef4n0l0;There's less chance [NAME] will elect a moron dumber than he is.;neutral;neutral
eeo3vo2;You're in the best place in Canada for outdoor activities.;approval;joy
edhaogl;im sorry for your loss. your aunts behavior is disgusting. dont give her anything.;disgust;disgust
ef7m13x;No but it would be weird if you masturbated to it like I did;disapproval;anger
edketot;I know I would take a [NAME] with his numbers any day of the week regardless of how many of his points are secondary.;neutral;neutral
ef8phkd;You DO seem nice. And friendly!;admiration;joy
eeeansc;Of course. I'm glad you were able to revisit in a healthy manner.;gratitude;joy
edzup9f;[NAME] and [NAME] were always goldmines. They had so little air time compared to the rest but whenever they were shown it was memorable;neutral;neutral
edsqett;-Port will finish bottom 4 -[NAME] will be a massive let down -[NAME] will win the brownlow;neutral;neutral
edx9gz9;I don't think you understand that the average player can't aim like that on console;disapproval;anger
edeo10u;Lol do it.. then block him again;amusement;joy
eemukac;Lmao is this a bot?;amusement;joy
ed1yina;Looks like you've never been to Paris! The worst toilet in UK is cleaner than Paris.;annoyance;anger
edamq25;Excellent. [NAME] ([NAME] in particular) made me discover my love for DXM and other even weirder dex sounds.;admiration;joy
ed1iqnp;For what it's worth, I hope you have a great year anyway.;optimism;joy
edfxy2j;As long as the stop watch on my iPhone is timing him, my kid will do almost any chore. Its crazy what kids find exciting;excitement;joy
edja4ur;Lmfao I'm not here to Google easy shit for morons.;annoyance;anger
ed77b4z;FBI OPEN UP!!!!;anger;anger
ed4m9o7;Only had 1 line to worry about and they did all the damage;neutral;neutral
ed0uep5;I just find it very strange that someone would have a child in a relationship where they had felt unloved for years.;neutral;neutral
ee4ew6d;Yes. Exactly. Anything non [NAME] belongs in the trash. Glad you agree.;approval;joy
ee5xona;BOOP! Go Stars!;neutral;neutral
ee5v5uy;<<creepy loui face.jpg>>;neutral;neutral
eenjgvi;Or at the very least, why can't healers have HAMMERS!? (... I miss Legion  (];sadness;sadness
edxh22z;I’ve read this exact same story except the car was a red Porsche.;realization;surprise
eev9a79;There is no Mrs [NAME]. Unless you count his sister.;neutral;neutral
edc8gjx;[NAME] was very athletic;admiration;joy
eec1szo;r/punpatrol STOP RIGHT THERE! YOU'RE UNDER ARREST!;neutral;neutral
efb3qwa;Having read the entire article, and some of the other FAQ, the only thing this is telling is that [NAME] read the same book very differently.;approval;joy
ee7g2xc;Don't worry, you'll find love, I promise! I hope you love yourself as well. <3;optimism;joy
edku4fq;Truly incredible work  );admiration;joy
edtvwda;And let us not forget the lord's privilege with a new bride. Ahhhh......the good old days.;admiration;joy
eda9xl0;I hate everything about this.;anger;anger
edvg0kn;Serious strawberry and matcha frapps.;neutral;neutral
ee3a189;I didn’t think it was possible for one Twitter account to be so obnoxious, but here it is.;disgust;disgust
ef4jsaj;Oh geez man... You posted this image to at least 600 subreddits.. Why And now made a new account for it...;annoyance;anger
eeambhe;Okay combine these ideas and make a montage that's mostly laughing with coughing clips thrown in.;neutral;neutral
efaotyv;I love them, it's so fun to jump around everywhere;joy;joy
ee5u921;I’m incredibly jealous of you and yours. Congratulations. Maybe someday I’ll have someone.. but I dream.;gratitude;joy
eelpb64;Your dog is either very smart or really stupid. Either he realized Switch = less doggo time or he just likes to bite into random stuff.;neutral;neutral
ed52mz9;Is it because of the huge black spider above it?!? That bugs me more than it being off center...;neutral;neutral
ee215uj;I see,if you'll just excuse me............ ( ͡° ͜ʖ ͡° );neutral;neutral
ee96vdc;[NAME] deserves to play for a proper club ffs.;admiration;joy
ee6vdkm;Well that is just absurd;neutral;neutral
eek04xw;I hate people using the [NAME] to look “deep” on instagram posts like that. It gets on my nerves so much;disapproval;anger
ef2ugh2;I feel like I'm in a yoghurt advertisement announcing how my digestive system is all rejuvenated. Its that wholesome.;joy;joy
efaze76;Just learn from this and move on bro. Give yourself time to mourn.;approval;joy
eekg6co;I hate the marvel stuff. I do love stuff like murder mountain and you. So that’s a hit for me in the last month.;love;love
ef5d8bo;Finally somewhere where I'm just an average fucking person Fuck why am I crying;disappointment;sadness
ee2064x;Oh [NAME], someone did it already, and it was 3 DAYS AGO O.O;surprise;surprise
edjyc15;what did he say i missed it;neutral;neutral
eewje5h;This can’t be a thing. Is this a thing? It needs to be a thing.;neutral;neutral
eeyt726;No, you want *humanity* to do its thing by contacting these people and killing them. Hence you want them to die.;neutral;neutral
eesiyw1;So..the head [NAME], is afraid of being rammed?;confusion;neutral
edf37r9;Sorry, I would like your comment, but it's at 666. And I just can't bring myself to change that.;remorse;sadness
ef7wn98;Crazy how quick people are to forget.;curiosity;neutral
ed2lj35;Ok so the scape goat is gone. No more excuses now [NAME].;annoyance;anger
eebh2yh;She looks like one of my exs always feels weird seeing her about;annoyance;anger
edhbh2b;Wait. Do you think socialism is high tax rates?;neutral;neutral
ee54lbj;Best of luck. Don't be afraid to come back if you want specific talking points if you get stuck. And take care!;caring;love
ee297mi;Now that I'm adult, I have taken an adult name and let my baby name be a thing of the past.;neutral;neutral
edrvggf;Oh we’re TANKING tanking;anger;anger
ef5sypg;Calm down.;caring;love
edui5jv;Hi from a former [NAME]! Enjoy all the snow this weekend, we're barely getting anything in Iowa, which is frankly ridiculous. ;disgust;disgust
ed6kk1f;Amazing shitpost.;admiration;joy
edpruc8;We're entitled to express our opinion that OP's opinion is shit.;annoyance;anger
ee0pnza;Outdoor cats have less than 1/3 the lifespan of indoor cats. 5 years rather than 17.;neutral;neutral
eebgsad;The moral of the story is obviously you should only engage women with whom you have a prior business arrangement. I.e., whores.;realization;surprise
edvia6w;so kids never go into a locker room and see adults nude?? i cant believe everyone is condemning this. this is nothing.;disapproval;anger
ee8zwyv;She been thinking about this for months. No one suddenly says divorce. Move in cuz clearly she has.;neutral;neutral
ef6zbv1;You realize that the ex husband is not related to MGTOW at all right?;realization;surprise
ee175xa;OH [NAME] I CAN'T TELL ANYMORE!;anger;anger
ee26swz;I just picked it back up after getting a pro controller for Christmas.. holy crap it's great!!;admiration;joy
ef2wnzs;I played in the WSHL last year and this really isn’t a surprise. It’s crazy how unbalanced the competition is in that league;disappointment;sadness
efbp3py;Thank you so much!;gratitude;joy
ee551zn;There is little attempt being made to protect native-born people from the negative effects of mass migration. If you think that is morally correct you are insane.;neutral;neutral
ef7a7vi;Your mom did you a favor  now there is one less of “us kids” that will be buying mom a house and taking care of her.;neutral;neutral
edslvfq;wasn't aware of that sub, and wow ... that's one crazy racist cesspool!;realization;surprise
edbmmnk;So glad she died;grief;sadness
edh6x1f;How so? Genuinely curious, I've yet to make a judgment here, as I'm not informed enough. Edit  typo;curiosity;neutral
edrfq9x;I also love this decline in bch prices. Cheers.;joy;joy
ef4a3o0;I don't think fantasy draft has been a thing for a few years in career mode.;disapproval;anger
efha8zl;Dude I remember liking [NAME] better. I don't get how kids can have crushes on other kids.;neutral;neutral
eethrtc;Unless you're a conservative trying to protect yourself. In that case, good luck.;optimism;joy
edtunzu;What, is he gonna go back in time and swap himself with [NAME]? ;neutral;neutral
edz5g4a;No, so it's not our kingdom;disapproval;anger
ee5pe2u;I dont think it will happen cuz he will probs just stay in GS or go LA with/ against [NAME] but I do think he should look into it.;confusion;neutral
edccpr8;God [NAME] is awful;disgust;disgust
eemk6ha;"I wouldn't be surprised. Where I live leavers quite often tend to refer to leaving the EU as ""leaving brexit"" ";neutral;neutral
ed4h4d8;At least the shots we're getting are counting. Edit   LIKE THAT WOOOO;neutral;neutral
edp5rrb;Why do people procreate, only to bring to earth a clone of themselves that's not attractive in any way. ;confusion;neutral
edhh6cx;One of things I loved about this subreddit is the use of the old school meme format;admiration;joy
eenxws7;I think it was sponsored by rent but musical theatre themed;neutral;neutral
efgxt4y;Woah... I'm shortsighted and I can get 2 pairs of glasses for €149. $500 is insane!;sadness;sadness
eeifmxg;No... that's literally our first rule.;disapproval;anger
ed9w1hm;I have, and now that you mention it, I think that's what triggered my nostalgia. ;neutral;neutral
eec307i;Yeah nuance is in desperate need. The world is complex. Simple answers using simple binary thinking may not give us meaningful political discourse.;annoyance;anger
eeagawm;> [NAME] is a religion, not a race. In the Holocaust, did the NAZI's commit genocide against a religion? or a race of people? ;confusion;neutral
ed33yme;If [NAME] doesn't drop a [NAME] tribute tonight in his intro I'm going to be hella disappointed.;disappointment;sadness
ef2341j;And they’re a marine biologist...;neutral;neutral
efch0gc;Wish my life was this easy  ’) Lets just hope she didn’t kill you;optimism;joy
edb9uv0;Whiskey isn't going to help. She should pray to [NAME] that another man comes and brings purpose to her life.;caring;love
eeo47xc;Me, it's too cute for words.;love;love
edl6r1g;So his beef is about Footnote 1?;confusion;neutral
edle4fr;Also the reason for last year, playing him as a cb was necessary but proven to be a terrible position to be in.;fear;fear
ef1vayk;What the fuck is that horrifying picture;fear;fear
edummv2;Aha! This is my fear, that the gloss over key elements because they want to target a wider audience!;fear;fear
ee06xak;Thanks so much for the precious advice, that is very helpful!;gratitude;joy
ef4ypl3;*Hey just noticed..* it's your **5th Cakeday** gum_sticks! ^(hug);realization;surprise
edig1a6;I’m not saying I disagree, but it’s important to note that those are all defensive guys;neutral;neutral
edv2d8x;I kinda wish people memed him a lot more because he has so much comedy potential. I hope my words inspire to meme him more;optimism;joy
ee9lnp1;So sounds like she was raped, and she seriously needs to press charges, this bartender needs to be raped in prison big time.;annoyance;anger
eea7qa1;Are ya completely sure that's not from that Thursday last summer?;approval;joy
edprpzd;He put some respect on [NAME] name tho.;neutral;neutral
ef6pa0v;Your friend should be disowned by their family;anger;anger
ef2nt7v;[NAME] pissed off the establishment when ripped off the insurance company and pleaded the fifth.;neutral;neutral
eex17ut;Childhood is happiness. After that the rest of your life is spent chasing that feeling, a feeling that you’ll never experience again ;joy;joy
eeoa20u;"""You're a good man [NAME]."" Yo [NAME], are you watching the same show I am?";neutral;neutral
edgxppc;I wish I could cry...;desire;neutral
efgzrv2;I think I might like a front end web developer job but not positive since I've always been in healthcare/science;confusion;neutral
ed8ez24;The future is now old man;neutral;neutral
eegs8gx;Agree! Poor girls! They seem so sweet.;admiration;joy
edruchh;Season 5 is the best IMO.;admiration;joy
eeada0r;>Congratufuckinglations Good one! You got a good chuckle out of me.;admiration;joy
ed95ewg;Something is rotten in Deutschland.;neutral;neutral
eee1ty1;I love PragerU r/pragerurine;love;love
ee6yjv1;They’re looking at her like they wish they’d ordered her instead.;neutral;neutral
ef7hr99;Currently [NAME], I just finished watching season 1 and I really like her. Bendelacreme is my all time favorite tho;admiration;joy
ef15h0l;Plz add ye and ksg. Thanks, ye;gratitude;joy
efem0xj;OH [NAME] THAT'S TERRIFYING SOMEBODY SAVE US ^/s;fear;fear
edn831g;This is a pathetic grasp to hope where there is none, hoping for a top 15 pick isnt going to bring us out of the bottom Look at edmonton;optimism;joy
eecdry5;The sheer size of [NAME] now is insane, would love to see him come back at heavyweight ;desire;neutral
ee9wioi;Not sure what's cringe about this, even if you disagree with the political message;confusion;neutral
ef9dtp2;Fuck her... don’t live to make your parents happy;anger;anger
eend79j;I would totally park in front of their house. They have as little right to complain as you do.;neutral;neutral
eeykeya;[NAME];neutral;neutral
eebsnp0;Dude that looks like some sh*t out of a James Bond movie!;disappointment;sadness
ed1whkq;We dem boys.;neutral;neutral
edy6lu0;Considering I’m majoring in politics, that’s the plan!!! Thank you! ;gratitude;joy
eelcj0z;Yankees, Nets, and Giants, all the best!;gratitude;joy
eev8tva;Yea they seemed basically the same age while they were getting their scrogg on all over Lian Yu.;neutral;neutral
eervz66;I think you might be underestimating some people sadly.;annoyance;anger
eeuwoqv;With the way [NAME] carried himself in Hard Knocks I wouldn’t be surprised if he flew off the handle during his firing.;admiration;joy
edo6qnd;When will [NAME] learn that recycling his old favorite beliefs and takes from 2008, will not end or age well. ;curiosity;neutral
ed3c32p;For those who are wondering, that would leave you with about $1,000,000;curiosity;neutral
ed5vfdk;*Just look at the opposing team's hooker and lick your lips as every scrum starts.*;neutral;neutral
edw8akg;Dedicated agents will work without pay to see him hauled away in cuffs to visit his pal [NAME].;optimism;joy
eei73r6;[NAME] damn fruit booters.;annoyance;anger
ef7c6sk;[NAME] is untouchable fam;neutral;neutral
edw5w2j;Fun fact  you can stop this by removing the prostate that would be epic;amusement;joy
ef63mmb;Arrow already did break this trend by having a mostly excellent S5, definitely much better than S3 and S4.;admiration;joy
edjq2rs;I refuse to accept that;disapproval;anger
efcs4qd;Living his best life.;admiration;joy
ed06h62;This is cursed;anger;anger
edw4l47;Oh that’s so sad that she thinks anyone cares about her opinion;sadness;sadness
edv16j8;I just open mouth laughed so loud my kids came out of their bedrooms, phone in hand, but still...they came out!;amusement;joy
eeiouex;[NAME] hoping he's [NAME] mum;optimism;joy
ed7kpld;I laugh every god damn time.;amusement;joy
ed98n56;[NAME] I want to get that ~~monkey~~blackhawk off our back so bad.;desire;neutral
eer7ay6;Wow that's just like when I sing it;admiration;joy
edjalow;Yeah the question makes no sense without more context.;annoyance;anger
ef4kiwv;Thank you for your opinion. I think I’ve been improperly placing myself in the comments too much, accidentally misusing this sub.;disappointment;sadness
eep9bqw;I felt a great disturbance in the Force, as if millions of voices suddenly cried out in terror and were suddenly silenced.;fear;fear
ef0gar6;My same thoughts! Post this there and see what options you have! That is unbelieveable your dad would do that!;neutral;neutral
eer9qea;The slam final I want, [NAME] vs [NAME]. The slam final we'll get, [NAME] vs [NAME].;desire;neutral
eet76ei;[NAME] gonna get a looooot of assists tonight if everyone keeps shooting like this goddamn;neutral;neutral
eexcza2;"And for your daily dose of ""Saints LoL Meme"" you are still welcome at r/falcons we wont stop in the forseeable future ^^";gratitude;joy
eenkb4j;It’s good to be in good relations with other gms. The bulls basically did the rockets a favor. We got money and build rapport.;neutral;neutral
eeit622;I can’t imagine choosing McD’s over Banh Mi, that’s just a complete lack of respect for your taste buds.;disapproval;anger
eebutwm;*The Daily Wire.* Lol.;joy;joy
edx42st;Why would we put a center at SF;curiosity;neutral
efc3ckl;You know I’m sad the [NAME] hype is over because I actually think he’s been really good for us overall. I still trust him.;sadness;sadness
effwo4p;Damn democrats, if they think they're caring for the children, why don't they just change the weather then, never thought about that one. ;annoyance;anger
eei5gt0;Where's the love button;curiosity;neutral
ee2v10h;wrong place thats hilarious;amusement;joy
eeg7d0u;Did the burglar win? It's fine and all that he tried sueing, if it actually worked is the important part. ;approval;joy
ee78o0c;This is still an inappropriate photo, no matter what type of dog it is;neutral;neutral
eelg8sq;My favourite part is that the Saints are completely right, but it doesn't matter a god damn bit.;annoyance;anger
ef7c9ul;Oh [NAME] this is atrocious... I think I'm in love;love;love
ee3cbzt;So much for [NAME] being [NAME] shadow;neutral;neutral
ee9nz25;The nurse will arrive with your meds shortly.;neutral;neutral
eeeryik;I’m 27 and I’m still finding high schoolers who look older then me at times still. I feel your pain;caring;love
eeqf4pf;You / he must be doing an excellent job, then. I've never encountered one. ;admiration;joy
ed3xnaf;Good answer -- thanks!;admiration;joy
ef2rlzm;This is as cool as it was burgers and fries and started the Omnibus to collect the first few pages were just so much to unpack there...;admiration;joy
eeg189w;That's why the other half of people call me an asshole;annoyance;anger
eedk2x6;damn it, you beat me to it.;annoyance;anger
eefyfj2;All the centrist liberals in the comments are furious...;anger;anger
edzypwe;Taking a float plane is such a amazing experience - highly recommend!;excitement;joy
eewgje9;At least you supported a talented artist  3;neutral;neutral
edk4hfu;They definitely didn't do [NAME] mode justice with Carrier Assault. Lots of small differences that added up to feel completely at odds with the original.;neutral;neutral
eev8ses;Just keep on digging.;neutral;neutral
ee1cs1q;I have a lot of fun on pre-CU servers, but I like to grind and I love the Star Wars universe;amusement;joy
edqsnau;chippy chippy ball;neutral;neutral
eexczv1;It makes it especially delicious when our one sub with ~100 active members gets accused of controlling the entire political debate on Reddit;neutral;neutral
ef36cfx;Ain't that the truth, lol;amusement;joy
edn9q32;mom can you give me money? to buy [NAME]? yeeees. actually buys relief pitcher like a boss ottavino time;neutral;neutral
eei307g;but what about my insecurities.;curiosity;neutral
efehwzw;Thank you, too. It's nice knowing we're not alone. I hope you stay afloat.;gratitude;joy
eeagv14;Bet that'd cut down on road traffic accidents.;neutral;neutral
eeaml6r;For sure. Thank you.;gratitude;joy
edailua;Dan cool and rich;joy;joy
ef8340d;Talking is a free action.;neutral;neutral
ee3hl5g;Seeing [NAME] score on them was unbelievable. How embarrassing!;embarrassment;sadness
ef85s1o;Man I love that flair.;love;love
edq3uai;Hey you need that fifth DPS player that just keeps feeding or that bastion on attack.;neutral;neutral
ee1vqi9;No we're not? Y'know the capsule bug happened on every server and not the ones which fit your narrative;neutral;neutral
eejxmvu;Not a nice thing to call your lady friend.;disapproval;anger
edlyzs5;I was considering making a post with the same sort of thing. Good luck with the hunt!;optimism;joy
eecnzw1;Saving for later;neutral;neutral
eds0eux;Both me and my bf pee in the shower together hahahaha;amusement;joy
edolu59;There's really no need to test for congenital defects with a mixed breed.;disapproval;anger
edh5spn;awkward edit - aww are you a rangers fan, damnit;embarrassment;sadness
eex6qby;He’s just tired and needs to rest.;caring;love
ed00pmi;It really is. I didn't know a thing about the feud and it caught me off guard how brutal it was. Enjoyed it a lot though.;joy;joy
edcxg8l;I remember your story. Like you, I'm not as active. And also like you, I try and come back and give folks here hope.;desire;neutral
edaabl5;You’re not winning this one. Move along.;disapproval;anger
ed689ui;Okay, thanks. Dont wanna get banned want my rewards from commendation thing.;gratitude;joy
eeiegak;When you stop making garbage takes, I'll stop correcting them;optimism;joy
eew8zqk;[NAME] does seem a little high strung. Did you see him on [NAME] podcast? WOW. Still, cool dude.;neutral;neutral
een9vzv;I’m a baptist and I laughed at this statement, have a nice day funny boi.;amusement;joy
edt7qtf;It’s the little things!!;neutral;neutral
edw8p88;You also gotta be Japanese. If they were into interracial shit with white men that niche would already be filled.;neutral;neutral
eeqtb4u;That face is awesome!;admiration;joy
ef3n0sf;[NAME] is in no way comparable to [NAME]. [NAME] is an imbecile.;annoyance;anger
ee5f1so;I don't think a [NAME] would agree....;disapproval;anger
edfah1i;I grew up on the other side of Ama but live in Tulia now. I will have some El Burrito for you;neutral;neutral
edubyqv;That's true.;approval;joy
een59n3;Looks amazing! You've reminded me that I need to organise a good hill walk or two this summer.;admiration;joy
eekjxj2;Yeah, I don't think [NAME] supporters should use intelligence as a reason to talk down to people. I have watched [NAME] speak. Yikes.;approval;joy
eendj7s;She's passed away.;grief;sadness
ef28j85;Only six colors for this look, sweaty? I could do the same look with sixteen.;confusion;neutral
eejjhbs;That’s...not even close to being an accurate comparison. What point are you offering by doing this?;curiosity;neutral
ef2boqf;Cat's trying to tell you to take your damn shoes off;neutral;neutral
edxvucb;How's the pp looking?;curiosity;neutral
ed73k4r;Okay thats cool I was asking because I didn’t know y’all better stop downvoting me;annoyance;anger
eec2wus;I'll admit. I wanted to be upset because I don't identify as a feminist, but also that dress is super cute omg you are very talented;admiration;joy
efaqf9r;"I think OP said teacher in correlation to how he was using the word ""lesson."" I don't think they were an actual teacher.";neutral;neutral
eczi9ku;Oh god. The pages are still Packers though, right?!;curiosity;neutral
eevcjn9;No, I'm saying they are equally critical.;disapproval;anger
edfum1i;>an absolute cuck Only a cuck would use that unironically so yeah probably;approval;joy
efcn9v2;Oh man. I had to do it last year. Hopefully my leaders think more highly of me this year.;optimism;joy
ed214is;I had this one! he was a precious little angel and I loved him.;love;love
edbyjka;Doesn't make me tired in the slightest. It makes my joints scream though.;neutral;neutral
eeeinv7;This is doubtful...he just won with over 50 percent;confusion;neutral
ee0km0a;[NAME] looks like fat [NAME] lmao;neutral;neutral
ed8aq1x;Farewell wonderful traffic. It's been good 2 weeks.;admiration;joy
ede1vmi;There is no such thing as 'incel worldview'. Youve been indoctrinated by other subs, most likely [NAME]. Admit that you're wrong and move on.;realization;surprise
eett679;I remember that one! She was so proud of herself for all the organization and I just felt bad for the kids.;neutral;neutral
edhx8up;I mean I still attend regular school, this is just a Saturday school. I'm just frustrated that I have to waste Saturday on this;anger;anger
ef4uwoi;Of course, life get’s better. Just keep on keeping on and I hope you do change your mind. ;caring;love
eec0mrt;Thats the second quickest way I know of to burn through $1,000...The first being  R/WallStreetBets 🤣;approval;joy
eeekuym;Dude wtf that was definitely off Brooklyn;anger;anger
ef97znn;I’m pissed wood only knows how to skate in one dimension.;neutral;neutral
efb2hau;Oh my gooooooooood;surprise;surprise
eepka5p;Somebody reverse this please I would be so happy.;joy;joy
eers4o4;I don't like sleeping in the couch  (;disappointment;sadness
eedmlx3;Sweet. I can get by on beer. Cant sit through a comedy show without an adult beverage of some kind.;approval;joy
ee9uzfj;You lost me at dogs.;neutral;neutral
efet1oq; o thats pretty good. Not what envision my boy [NAME] but I like this alot.;admiration;joy
ed13ax3;First and foremost you have to Love YOURSELF!!;love;love
eeutyci;This was all of my Junior history class;neutral;neutral
eeq70mj;Full schedules have been The end for us before but This time I have hope;optimism;joy
edlt224;Love Mac n Gold;love;love
eeidyma;Funny I’m on my second play through and this happens...;joy;joy
ed2our8;Let's be fair to them and say not forever. But at least until I die.;approval;joy
ed6kd3i;I think Limmy's Show is really hit and miss. Some sketches are funny, others are just poor.;amusement;joy
ee3r176;Yeah, clear off. And tell your mates you had a horrible time too. ;annoyance;anger
edcnwad;TIL [RELIGION] are the second biggest religious group in Arizona...I'm starting to see why it's been red for so long.;curiosity;neutral
ef0mln4;Well that’s horrific;fear;fear
eda7fu1;I don't know who [NAME] is but you're killin it in that sweater!;confusion;neutral
eeprv5k;Aversion towards Jewry is pretty rare in [RELIGION]. For the most part [NAME] are held in high esteem when compared against other [NAME].;neutral;neutral
efghuih;Absolutely you are doing the right thing. She will not take this decision lightly. So be prepared for the fallout now.;approval;joy
ee14has;Nice try my guy.;admiration;joy
ef74ul7;>pack of sick What does that mean?;neutral;neutral
edxwoc1;i didnt know that blonde coffee has a different scoop until like 3 months in tbh;neutral;neutral
edv7k5r;Everybody just standing around.;neutral;neutral
eedj7zj;ADA does not apply in Canada, not sure if you saw the edit.;neutral;neutral
ed8uubc;Thank you very much that was quite swell of u sire;gratitude;joy
efh3wqo;Finding that common attraction or chemistry is extremely hard for me. I can totally relate to this.;approval;joy
edkugra;Every time I see telomeres yknow who I think of?;confusion;neutral
eecpfdu;This is the worst advice I've ever read. You should be ashamed for posting it.;disgust;disgust
ef1lqh1;Oh, you sweet summer angel.;neutral;neutral
efdnodh;Yeah I hope so! I really love her but I understand too that I can only do so much! Thank you.;gratitude;joy
edim55i;Well done, OP. Thanks.;gratitude;joy
eea9ja4;He could run for President of the US and WIN!;approval;joy
ediggln;But she can shoot someone in the back of the head and be held responsible for it.;neutral;neutral
ed78un2;Oh, the horror! We must defend the honor of Lord [NAME] against the scum of r/NFL!!;fear;fear
efezy80;Cali is getting rain this weekend so going to miss that;disappointment;sadness
eeahkw3;[NAME] did a photo shoot with the first presidency. Hilarious;amusement;joy
ed57na9;Congrats dude! I hope my shitstuation turns around as greatly as yours did.;gratitude;joy
eet7hc7;How convenient /s;neutral;neutral
eekwgrn;Are you feeling any better?  );confusion;neutral
edv8v87;I upvoted this comment because I'm a dumbass snarkball who doesn't know how anything works.;approval;joy
eegmdth;No. Going to a competitive high school was harder and more stressful than all my adult endeavors combined.;sadness;sadness
efgox59;I remember writing on them was horrible. Slight delay which threw me off combined with the letters ending up looking like crap. Whiteboard was so much easier.;fear;fear
eeqfc01;Also the world is round.;approval;joy
ef4nvmy;Loved dropping in from the crack in the ceiling and going out in a blaze of glory.;love;love
efarr87;Yes. Ask him out. Give it a shot. Talk with him.;neutral;neutral
ee9atfa;[NAME] will remember that.;neutral;neutral
eephmsd;this needs more upvotes;neutral;neutral
eefv7oq;You must be fun at parties;amusement;joy
edubn6w;You clearly don't understand alimony.;disapproval;anger
ee3ig9s;The lesson is to not take 4 Ambien. That is just stupid.;annoyance;anger
ednl6sw;I'd heard that too, but always thought their differences were more artistic/professional than personal... Oh well, people grow apart. We still got Aquemini.;neutral;neutral
edc8xbj;really hope that is the case. Gotta keep the optimism up;optimism;joy
eethqy0;You will never be safe as long as the CCP can imprison and torture you;neutral;neutral
edx6rqp;Sucks that [NAME] won't get to play [NAME];anger;anger
ed70xq5;Start taking psyllium husk and literally every poop will be your best.;caring;love
edf8m8u;But instead of dunking on [NAME] they're dunking on [NAME];neutral;neutral
ee0busc;He has never had success;disappointment;sadness
edt2ngm;Sounds like a fun game. Our home game around here is .05/.10. Its fun but not very exciting.;excitement;joy
edouq55;We draft [NAME] OUR ARMS WILL BLOT OUT THE SUN!;neutral;neutral
eezt2b4;It wasn't a good idea then... it's been 10 years, why do you still think this was funny?;annoyance;anger
ee9lhbg;Tell me why I'm wrong instead of name calling. Grow up;neutral;neutral
ef2q3rd;BURN IT DOWN;anger;anger
ees0zdq;Try taking the fillings of your sandwiches to the edges and maybe your kids would stop leaving the edges.;neutral;neutral
eemhorp;Fuck me daddy;anger;anger
eeyttnf;unblockables and cc moves do not affect him while in bulwark stance or at least he can also counter them (not sure how the stance works);confusion;neutral
ees0whg;Not everyone has given up on Wigs. We’re much better off staying the course.;neutral;neutral
eew5qa8;No. Well...maybe. Good point.;confusion;neutral
efcicsc;Wow, whereabouts in Croydon are you it wasn't this bad where I am! ;surprise;surprise
edzcqdy;Dear OP  Proper punctuation please/thank you.;gratitude;joy
efb1n7r;I wonder how many managers you've pissed off;curiosity;neutral
eecuw98;People don't have installation and maintenance costs and when they break down you can go outside and find another one really quick.;neutral;neutral
eebfy0o;That's not true. There are people that genuinely want to cause harm to people and don't care about reactions.;disapproval;anger
eeq5ixf;Well, exactly that actually, lol. ;amusement;joy
ef1tlfr;That's a bingo!;neutral;neutral
ed3aye4;Thank you for telling me !;gratitude;joy
eczsnv3;Those scars look fairly recent. Just remember no matter what there are people who love you and will support you unconditionally!;love;love
ee7o094;Interesting, I’m going to have to pay closer attention. Thanks.;gratitude;joy
ef71gvm;Faze might tbh;neutral;neutral
edrmwgr;Wow... Hope you ok and good luck;optimism;joy
edoq9ki;GG Bois 20 more to go until 90 mother of pancakes!;neutral;neutral
ef0qo1f;He rambles like a lunatic and she focuses on being called “not beautiful” of all things. Lol Uh oh I hear the downvote train a-comin’!;amusement;joy
ee7saq6;Lol. Exactly;amusement;joy
edv81x9;their is a differences between losing and being embarrassed;embarrassment;sadness
ef8dgj5;Oh [NAME] please don’t put them in a team together.;desire;neutral
edrwm6e;At least she'll probably die of her own accord, not murdered like [NAME].;neutral;neutral
eei9aam;The other leg is a blurred line;neutral;neutral
ee31sx4;I was having a good day. We were ALL having a good day.;admiration;joy
eex2ntu;We need an irbe so bad right now. I hope [NAME] is that guy;desire;neutral
ed187mu;Good luck to you! Cheers to a new year! 👍🏼;approval;joy
eeeb9b2;Not seeing why that's depressing.;confusion;neutral
ee0tgtg;Plant 3-0. UZ is just coming in without jabbing getting caught;neutral;neutral
edkic4k;Yeah I knew that. I was being hypothetical.;neutral;neutral
eczq5fp;Redditors are racist.;neutral;neutral
ed2rfcl;`too many to be a little late streaks of the other two were going out for lunch at 9 pm to do the same.;neutral;neutral
edq0vm7;“Why is there always someone that brings eggs and tomatoes to a speech?” -[NAME];curiosity;neutral
eekctpw;Normally the posts on this subreddit are pretty innocent and vanilla.....yeah not this one I think I’ll pass on “TheDickPill”;approval;joy
ef0brre;If your walls are not connected sprinkle your lawn in between regularly with diatomaceous earth. It will kill them before they can get to you.;caring;love
effzbsz;Let’s not get creative again;disapproval;anger
ed0p0gi;> Mother wasn't amused and I was forced to smile and bare it Wow, I would hate taking nude family portraits;annoyance;anger
eewep3s;I’m a fan of your awareness for others here. This sub needs more of that lately.;admiration;joy
edgnlbn;Good for them. I still don't believe a single word of it.;admiration;joy
eevcepe;The team isnt really bad but their fans are really the worst;realization;surprise
ee1tlj4;persistence that is working perfectly fine...thanks to backup scripts lol;admiration;joy
ef6cyzp;But... I really like taking a time for myself;neutral;neutral
ee6jt8q;I'm imagining impossible skill checks doc with a pig. Being in madness 3 with a reverse bear trap on you in the radius of unnerving pressence *shutters*;neutral;neutral
edjnw1j;No, it isn't K.;disapproval;anger
edj0hcy;No that began a long time ago... under the sea...;neutral;neutral
eex2oi3;I don't even find her that loud or that wild I think he's just no fun.;disapproval;anger
ed7t6jg;Ah. I should've noticed that after my grandma shared it on FaceBook;neutral;neutral
eeonzsb;This was the first episode I ever saw, and it got me hooked!;neutral;neutral
eeqm4bf;Yeah. I was watching it on Hulu and thought it was interesting that [NAME] is getting shit on. The guy never asked for that...;neutral;neutral
ef81r8m;Yikes - I'm so sorry things fell apart for you and imposing a sudden hierarchy on you like that was completely crappy on their part.;disappointment;sadness
ee2c4av;It's funny how BMI doesn't measure those things. My torque wrench doesn't measure alpha radiation either.;amusement;joy
efbpi7h;Willing to replace [NAME] for Her;neutral;neutral
eeuurd2;I like how you're insinuating that the other half is family reunification rather than giving us the real answer.;love;love
ed2lel3;Glad you're at least out of bed. Progress!;joy;joy
ed9ztp4;You clearly don't have a clue about [NAME] career so don't start worrying about it now.;nervousness;fear
edt8l0h;Nothing wrong with a USL draft, if they play well in USL and develop further there's no reason an MLS couldn't sign them afterwards.;neutral;neutral
eef5xa3;You know I never thought I'd celebrate someone's death, but once she goes I'm going to have to try very hard to not enjoy it...;sadness;sadness
ed5t0c5;"So they are saying ""We'd rather you spend your money elsewhere?"" to their employees? I";neutral;neutral
ee5ddui;Constitutional protections are our best bet. They're the hardest to overturn.;neutral;neutral
ee71sfb;My 8 year old niece enjoys them. 12 year old nephew thinks they're brilliant though  );approval;joy
ee8tcw0;Timberwolves fans feel u bro;neutral;neutral
edce0z0;This isn’t true right? That would be incredibly funny;amusement;joy
ee2gj3t;It's not Russian land either. Your argument is still complete nonsense.;annoyance;anger
edhrir1;It's legal now in quite a few states. People get booze for Christmas all the time. I'd be stoked.;approval;joy
ef3x2qg;I have and i’ve also shot some ak’s they’re not too bad but i still prefer handguns despite the kick.;approval;joy
ef6a9xj;You're delusional and unabashedly willing to lie about others for ideological reasons.;neutral;neutral
edhc2t7;Awesome!! Also, I have those same markers!;admiration;joy
edfisjg;We did it, finally?! Idk weird timing.;confusion;neutral
eenypu6;If it's all for [NAME] I'll forgive it.;neutral;neutral
ednce7c;Thank you, I always try to keep professional (despite their lack of it). I will definitely do Glassdoor;gratitude;joy
ed8a5c4;Anyone want adopt a dog while we are at this discussion lol?;amusement;joy
efbgnt8;Suddenly, Dorion will fleece another GM of their 1st pick for [NAME] ? Not a chance.;neutral;neutral
ee11whh;I find it gross, especially when it starts to cool. Chicken is great but leave it out of my dip and off my pizza.;admiration;joy
eep7ozw;Show down there heretic. You obviously meant to say  Unquestionable truth, any diversion from what seems to be true only comes from our own limitations. /s;annoyance;anger
ed2hsq3;My sister squeezed a lime in her milk when she was 12. Same thing happened, but we told her it would happen AFTER she did it ..;neutral;neutral
ef4n2o4;all 10’s left tbh hoping for a clarity win, we found love second, rather be third, and titanium fourth;optimism;joy
ef5w7n3;There is nothing that back ups his claims. To me his views sounds more like wishful thinking.;disapproval;anger
ed0oknz;At least you went out! For what it's worth, I definitely would have gone out with you if you were near me.;neutral;neutral
eevu8lr;I don't think I've ever seen that flag flying in this city, we mostly just have the provincial flag and the Canada flag;neutral;neutral
ed4ant8;Let's do this... 4 game win streak again!;excitement;joy
eewan7f;In the worst of the anger phase I took up running. It’s hard to stay in that state while your legs are burning that much.;anger;anger
eesunjg;[NAME] why would you blow your load on your fucking suit with fur on it;anger;anger
ef8eqnu;sorry this happened to you. id be sad and angry too if i worked hard on something, and someone took that away;sadness;sadness
ee9ysrn;Good luck to [NAME] if he really thinks he can take over the country with the most armed citizens. Trump derangement syndrome is real.;neutral;neutral
eff1mdx;I considered that they might be doing that, actually...but I googled it and it didn’t seem to be true.;realization;surprise
edkeszz;You’re thinking too technically about it. All politicians should be threatened with life in prison or execution if they go back on the word.;neutral;neutral
ed6l1b8;Feeling bit better now, but the feeling as a whole will come back I know.;approval;joy
ee28exg;Sick BURN!;neutral;neutral
edl7z4q;Is this illegal somewhere specific?;curiosity;neutral
eevlpld;But the Hijab is mandated by (and therefore connected to) political Governments and political groups that otherwise do some pretty oppressive things.;neutral;neutral
efedzj8;I’m not crying... I’m just cutting onions... I-I’m making lasagna..;disapproval;anger
eeysvgp;Bat Out of Hell is awesome start to finish, I'd love to see a musical based on it.;admiration;joy
eednoml;Damn MLM at its worst;annoyance;anger
eeb36zh;This is as subtle as the 2nd choice is the MP telling you to go and fuck yourself.;anger;anger
edlkf8v;My kind of man;admiration;joy
ed4b36p;I loved shooting if we were gay and 6969. The peanut butter took a while, but was worth it;love;love
ee3oq3m;I think you can find it in pieces on YouTube. But CW seed should work. It’s odd that it isn’t.;neutral;neutral
eewipvz;Get a lawyer. You entered into your marriage in good faith, that shouldvcount for something. ;neutral;neutral
edscmpc;My favourite scene in the movie.;admiration;joy
efdat3z;So you're saying the penalty for DUI is the same as texting and driving? Because that's what I've been saying it isn't true.;disapproval;anger
edfb5zj;Sure would hate to explain sodium and water to them as they sprinkle salt on their food.;disgust;disgust
edx9fdx;But why? I have enough awkward moments in my life. I just want to see comedy when I watch a show labeled as one.;curiosity;neutral
ef256fq;You’re number 1 now.;approval;joy
eenvm0i;seems like [NAME] and [NAME] are the ones playing you, [NAME];neutral;neutral
efesin1;It's crazy, the first day with icy, snowy roads it's scary but within a few days, grip and visibility sound like fantasy;fear;fear
eevullt;Primary is what she has to worry about.;neutral;neutral
ed8u0a9;Now that is an original Idea!!!;approval;joy
ed1o284;That's adorable!;admiration;joy
eegn3ca;OH SUCK ME SIDEWAYS;annoyance;anger
eenarch;Yup, it's from the latest episode. Thanks!  [NAME]!;gratitude;joy
ee7tqx0;Yes but my point is [NAME] raping [NAME] makes more sense if she gives birth to [NAME] and [NAME], not [NAME].;neutral;neutral
ee5xo0e;I am here with you!;neutral;neutral
ef6oify;some people really need a life outside drag race. not me, but some people.;neutral;neutral
edmss1n;And file a report if she doesnt cancel it when i confront her. Thanks for the advice though it’s well appreciated;gratitude;joy
ee7xkx2;"""Out of all the people that lost, you came first in that group. You're the biggest loser""";neutral;neutral
ednat4n;[NAME] voice acting in this is just brilliant.;admiration;joy
effe2d2;Oh thank you for the name, is there any way to get rid of them? ;gratitude;joy
edri0r1;Go for a walk with him. No phones allowed. Let him talk, share your experience. It hurts a little less every day.;disappointment;sadness
efgsql1;Ngl, I'll probably use the argument you made here with my, ugh, Republican friends once we get closer to the elections.;realization;surprise
eff8may;I always imagined they would be really easy to refuel, for obvious reasons. I never had the chance though.;neutral;neutral
eenzx6i;Damnnnn nice feed bro. That choke throw to the spin attack was on point.;admiration;joy
ef5ti2e;Ur mom causes a 2.6 just getting out of bed in the morning amirite?;curiosity;neutral
edkhshd;Idk, but it is cringe so i posted it here lmao;amusement;joy
efac4i7;Zero percent. I sit when I piss cause I'm not an animal and I like to keep my bathroom clean.;approval;joy
efa5upa;$2M AAV, love this deal;love;love
edbcgss;I agree. Verbatim.;approval;joy
ee0u9nt;I asked for trick candles. Thank you for the gift! What a lovely day this turned out to be!;gratitude;joy
eef058n;That hug at the end was like a you’re too precious and innocent for this world”;admiration;joy
eebg36u;Yeah. [NAME] couldn't do it, [NAME] couldn't do it. It's probably not gonna happen again;neutral;neutral
edncgdx;You really need to understand that he works for [NAME] in dismantling the US;neutral;neutral
eex2fjk;This makes me wonder if they fixed [NAME] having a very noticeable gap between her body and legs with her new shorts.;surprise;surprise
edhrhcb;And why didn’t Connecticut improve as well?;curiosity;neutral
efeuk74;Thanks to the way our society has perverted it;gratitude;joy
ef8fyop;Science was wrong in the olden times so we should force people to learn from our old book of the really olden times.;realization;surprise
ed9leg4;I am so very sorry that you are dealing with all of this;sadness;sadness
eetflze;This is dumb. Why is Detroit Lions infiltrating here.;annoyance;anger
ed98s5i;Avoid. Without a contract he can kick you out at short notice any time And when you pay a deposit make sure it's protected.;caring;love
ed6rir0;THAT'S NOT HOW THIS GAME WORKS.;disapproval;anger
eeamv98;The fact that you have to ask what other good games there are makes me think you don't take competitive gaming seriously in the first place...;neutral;neutral
eeb366t;Thank you! It has its perks, but sometimes I do think to myself that I’m not where I belong haha;amusement;joy
eextx0i;[NAME] would have the biggest fit if he gets benched for [NAME]. He's unfortunately become to slow to keep up with guys like [NAME].;neutral;neutral
eeaw4mw;This is so sad. [NAME], play 'bitch lasagna';sadness;sadness
ee4atgb;**WAIT THAT WAS A REAL STORY!?!?!? WHAT THE FUCK**;surprise;surprise
eep9j3g;That's why I added the edit;realization;surprise
efdnp89;Also the people there would love our scarlet and gold colors (I'm Chinese).;love;love
ef13yon;[NAME] did a YT vid and now everyone trying to be like him. Sad!;sadness;sadness
efdwpbj;Thanks dude. Shit happens!;gratitude;joy
edu70fj;I'll try. Thank you;gratitude;joy
ee9hgji;Lol I even got called transphobic. Love to not be allowed to dislike Mother.;amusement;joy
eed8z6q;They also had some kinda lemony dressing on the salad so the bottom of the sandwich was all soggy.;neutral;neutral
efef39y;This is great news. Congratulations!;admiration;joy
ee0yfal;What’s wrong with [NAME] lmao;amusement;joy
ederrg9;He was going for a new record for fastest to the bottom.;admiration;joy
eer30tk;And I for one welcome our new meme overlords.;neutral;neutral
edzw0t2;^ And another baby bear. Prepping for a new propaganda assault?;neutral;neutral
edqdsgy;Thanks for your input, I should have clarified the pop part of pop psych.;gratitude;joy
edf0xzo;[NAME] back with the Goal Post love.;neutral;neutral
edwttiv;Shut up [NAME];anger;anger
eds2wtc;And I call them alcoholics who can't hold a relationship together;neutral;neutral
edotom8;What a beautiful response!;admiration;joy
ed0y6l2;Good for you!;admiration;joy
efgykp2;Fuck man I didn’t plan on crying in my cube today;anger;anger
ee9ra8u;Great post - much appreciated. Gave me some good points to ponder.;admiration;joy
edvw737;Pop pop!;neutral;neutral
eedyb68;Well technically [NAME], [NAME] and [NAME] get eliminated again but from the ones still in the competition yes no one goes home;realization;surprise
ef4hcdo;They will just throw themselves to stay low. Smurfing is about power and control, throwing takes that away from them.;neutral;neutral
ed17ckh;At least vote 3rd party. A vote for DSA signals a voter that could vote [NAME]. Staying home signals voter apathy;neutral;neutral
efcg7co;Will the full squads (+subs) be announced before the league starts? Curious as to who teams put down as their subs;curiosity;neutral
eda0h0l;by [NAME];neutral;neutral
edtnt2b;Ehh, that was $4M on an arbitration ask. Not really out of line. ;neutral;neutral
ed95qmr;Heard Sale players yelling at the refs and nothing has come of it, seems odd to suddenly have an issue with it;annoyance;anger
efc65zj;Thank you for sharing your perspective, and talent.;gratitude;joy
efe8thz;Yeah that is definitely tough on the processor as it's running a software emulator and the game the whole time;approval;joy
eev5mvi;Its worth it for the other big character they bring in.;admiration;joy
edr607p;Guessing a lot of families are back from holidays and the kids are smashing the online gaming and streaming services.;neutral;neutral
edoh2ma;Just remember some car insurances do not cover you for Uber/Lyft etc;neutral;neutral
eeb7w4q;so very accurate;neutral;neutral
ef5l70k;I asked at the Bodies Reveled show if they used prisoner bodies.. I got an awkward no.;embarrassment;sadness
ef4dalr;Oh so that’s what you are into huh?;neutral;neutral
efbr9wd;Be prepared for bad news just in case;neutral;neutral
edv6u1c;Do it successfully and coal country will still say it’s a stupid idea.;annoyance;anger
ef8sauo;Man fuck, I didn't come here for these feels...;annoyance;anger
ee9tlxw;He looks like [NAME] soooo... accurate.;approval;joy
eeflebd;Are they sure one didn't kill the other and themselves?;curiosity;neutral
ef7mc9y;Is there a quiz version of this where I can answer what I think and then at the end it tells me who matches the best?;curiosity;neutral
ee9qilp;I'd have to really contemplate that, but my huntch is to agree.;neutral;neutral
edd5x5d;I refuse to watch this. Lifetime exploiting [NAME] gross behavior to sell 'entertainment'.;disapproval;anger
ef53auo;Wish they would’ve cancelled work when it was -40 last week but I guess that’s somewhat expected in Canada.;desire;neutral
ef8c37x;I completely agree, and I love Space Jame. But Back in Action was just amazing and incredibly satirical and witty.;admiration;joy
efdz0k1;What other account do you think is mine?;curiosity;neutral
eecrvgz;damnit i've been enjoying the mutual pisstaking with my Swedish mate;annoyance;anger
ed7ang6;I do know not one neighbor looked out to check on us because they told me....;neutral;neutral
efean7l;Yeah let’s sit this one out.;neutral;neutral
ee3lfi1;[NAME] consistently being the guy with most energy. We need him on the floor more.;admiration;joy
eev9m7c;Hoooo boy am I ready for a masterpiece;excitement;joy
ef3uv4r;By all means explain to me, after reading all of that above, how I don't know. Go on... I'll wait;neutral;neutral
eds7y1l;Wow! You were either a very precocious child or still lived at home when your wisdom teeth came in.;excitement;joy
ed5wh7k;Sexy Unique Podcast (SUP) for all your VPR needs!;neutral;neutral
ed8c3bc;This definitely seems like medical advice is needed?;confusion;neutral
ee6e35v;when you j/o before hooking up with a girl so you last longer;neutral;neutral
ed9xbtq;Okaaaay? I'm not sure how to respond to that, no offense.;confusion;neutral
eeq5kwd;Yeah, but malice with the *intent* to solely intimidate OP? Doubtful. More like malice with the unlucky byproduct of discovery by OP.;confusion;neutral
eetxdug;Ahem...of the savoury kind.;admiration;joy
eeepswo;Yessss. Wake up girl.;neutral;neutral
eet0t1g;You beat me to this joke.;neutral;neutral
edrezdw;The Spectator is crap, so I can only assume the crap [NAME] is talking is mutually exclusive. ;neutral;neutral
eeh4t6x;Look at you, Mr Independent! You're such a big boy! I'm so proud of you!;admiration;joy
efgwhh6;No, just act surprised if anything comes of it. ;surprise;surprise
ee3bafn;Oh so you're being a troll, good to know.. I actually thought for a second that disgusting, freak couples like y'all actually existed;disgust;disgust
edofq39;Lol what do you mean ☺️☺️☺️;amusement;joy
eeojkfl;Sorry to hear it man. Grief is the appropriate thing to feel. I hope she is happy in the afterlife. Peace be with you both.;grief;sadness
eenyux5;Simple lies. Easy lies immoral lies making money. Good life!;annoyance;anger
ee6pagw;Everyone likes [NAME].;love;love
ednw2vx;ITS HAPPENING!!!!!;neutral;neutral
edn9gw3;Soft boiled huh?;confusion;neutral
eeasmew;Is this Hawaii? I had such a feeling this was Maui when I saw it.;confusion;neutral
ee0cxk0;What makes your point of view definitive. In most of Europe everything [NAME] support us seen as extreme right wing;neutral;neutral
eesjwpa;Ok, hope you are right;optimism;joy
ee77m9p;Not taking this position necessarily but you could basically argue the referendum was ratfucked by right wing propagandists and call for a second referendum to confirm the outcome.;neutral;neutral
eczmydo;Sonic boom is funny as hell. I love the writing so much.;amusement;joy
edm696s;Shoes in flesh-matching nude are as bad as leggings in flesh-matching nude;neutral;neutral
edii7in;oh the irony of asking for nudes on a device that can conjure all porn ever conceived at a moment's notice;neutral;neutral
efayu7o;They will be once enough young progressives have replaced the older centrists  ) Welcome to the new Democratic Party!;joy;joy
ecznwuv;damn you were close;realization;surprise
ee1lrsd;I went through that phase, I was quite depressed. ;sadness;sadness
ee33kkm;Ugh. Sounds awful. I’m sorry  (;remorse;sadness
effu9vp;Except they call him. He doesn't go to their campuses and try to pick off the weak.;neutral;neutral
ed3b58h;So what happened is she tried to rape you;curiosity;neutral
eezqb2a;i never knew i needed this;realization;surprise
edxsnxs;Oh [NAME] it's [NAME] against dinosaurs again;annoyance;anger
eemgpyf;I'm 34 and disappointing my mother is still my greatest fear.;fear;fear
edz2drt;"i forgot to point out that for ""spamming"" i mean ""keep using"", not as in ""spamming sigs"".";neutral;neutral
edsfi74;This actually took me a minute. I underestimate the skill and knowledge of people in this subreddit. Very good.;admiration;joy
edtrrn5;WE JUST GOT [NAME] QB Coach);neutral;neutral
eeqcsfc;A cheater is always a cheater in my book.;annoyance;anger
ef7zx05;>69xxWidowmakerxx69;neutral;neutral
ed64dd0;He was supposed to go to a therapist appointment but I have no idea if he actually went.;confusion;neutral
ed4gigh;I want a salad!;neutral;neutral
edyw8ml;you give him way too much credit with this one;gratitude;joy
eeaugql;I actually got banned from vanilla sites for stuff like this lol. I think the guys get offended and flag your profile lol;amusement;joy
ef5e57g;I wonder if your mother is proud of the person you became;surprise;surprise
efgsl18;Just goes to show how stupid they are;annoyance;anger
edd0cps;Hm. I just saw a kid steal a string from his kitty.;neutral;neutral
eegqtlr;It's just wholesome content, from questionable sources;neutral;neutral
eex7ne0;So, can we not customise weapons anymore? These all look like the ugly unique weapons in FC5 I would never use.;neutral;neutral
ef1hb70;I’m a woman;neutral;neutral
edlejva;Lol I use an apple charger that’s split in half to charge mine so I think ur fine;amusement;joy
ee6wqja;Only the [NAME] do so. The rest of us have been exasperated with him for months, at least.;realization;surprise
ef0uvv8;They won’t. They’re just going to ignore it because fortnite makes them money.;disapproval;anger
eesbjd5;Our sour union;neutral;neutral
ee6nrbo;Not too picky? Aha, I tried that a few weeks back. Boom 50 matches. They're as desperate as us;curiosity;neutral
ee3j9xc;I love when they send in the wrong meat, it’s only happened to me once,;love;love
ef24iw0;“she’s turned the weeans against us!”;neutral;neutral
edluj9o;Thanks for saying that, it wasn't easy ... definitely sparked a long period of discussion and reflection!;gratitude;joy
efdg29z;This makes me feel better about some of my poor decisions.;relief;joy
eeop61z;Yes, it can. But I don't think anyone interprets it that way here.;neutral;neutral
ef8exll;Fund this man. Even if it doesn’t pan out it’s worth finding out.;approval;joy
eedecaf;If it's an unregistered payg sim then how exactly are they going to catch anyone?;curiosity;neutral
eeya7v9;good move. needed another lefty in the pen.;admiration;joy
efeuy4f;He didn't know to place them;neutral;neutral
ef7x1e2;Maybe she recognized you and didn’t want to hear your (obviously) stupid comments.;neutral;neutral
ef1cnlt;You president now?;curiosity;neutral
ef1yucr;Minke whale have never been endangered and are delicious imo. Particularly minke whale carpaccio;neutral;neutral
edcwofh;What the heck?!;anger;anger
ef7xz32;Thanks! Going to try this the next time I'm at work;gratitude;joy
edrjiqm;Breach of contract penalties that are probably 10x what even the biggest stars are making off this show.;neutral;neutral
eecmgbu;UGH those two championship games - so many highs and lows then the ultimate high @ the end;excitement;joy
ed64opx;Never will happen because of abortion legality. Party/religion over country;disapproval;anger
ede8u8i;How do you deal with alerts coming up on your phone? I guess you can just turn them off?;confusion;neutral
eet0p4e;What a douche canoe to take advantage of you like that.;annoyance;anger
ef6jo1b;Hey [NAME]! **TRY DRAWING TWO CARDS NOW, YOU STUPID FUCKING BASTARD!!**;anger;anger
ed783v1;[NAME] reinforces the pessimistic world view, I've been there and at least it was cancerous for me. ;disapproval;anger
eev70q5;Why? That's not helping us win games.;disappointment;sadness
ed0fo3u;You do know that’s the direct quote from the movie, right?;curiosity;neutral
eezb2uh;Shows you that one must never underestimate the rust caused by ACL injuries;sadness;sadness
edxn794;I hate people.;disapproval;anger
edyokyk;That’s why this team sucks. People are still paying to see them, so upper management has nothing to worry about. ;neutral;neutral
ee4wxvq;Exactly what I came here to write lol;amusement;joy
eeqvepc;Explain why you think it’s not. Not that I disagree, but explain your thoughts.;disapproval;anger
ee6femf;hey, everything's okay right now? ;curiosity;neutral
edliny8;That’s what I suspected. Will be interesting to see if they can steal some wins against the top teams in the league.;approval;joy
edxxfaz;VP pick guaranteed - and the pivot will be hilarious;amusement;joy
edjlxhj;Go away with your good reason and good arguments and stats and facts. This sub is all about blind fanboyism about [NAME] and [NAME].;neutral;neutral
edx8s1o;[NAME], keep going man;neutral;neutral
ef1na47; ( im sorry;sadness;sadness
edb4j75;Probably but if we spread the word, hopefully we will get some people on there;optimism;joy
eey5znw;FYI, it is still possible to play. You just need to do an advanced search.;neutral;neutral
eevw9wd;I did.;pride;joy
edhloh4;Well the nips are definitely going to be making a showing, so either be comfortable with that or get some pasties.;neutral;neutral
edc0vg1;You too. Glad to hear your respectful voice again;joy;joy
ed7j9gp;"She didn't seem to have an issue with them judging her as ""cool"" tho";neutral;neutral
ed40oj5;Good luck.;caring;love
ef1sc0x;Yeah... if only those communist governments were left in place... they’d be soaring!!;neutral;neutral
ef42c14;These are some of the most talented marbles I've ever had the honor and privilege of watching.;admiration;joy
ed87r4d;Well who knows what valve thinks. I don’t like Lyrical and Maut either.;disapproval;anger
edq8fcy;Hot damn it takes some real self-confidence to say you can't do things in MS paint;annoyance;anger
ee4voyf;Yayy we agree on something. I mean everything's on fire but we agree haha;amusement;joy
eed8x4m;Ya I sent one not too long ago.. I'll wait till my next try. Also I learned Sens a very crap selection for shot glasses.;annoyance;anger
edpout1;That’s! How you defeat a bear!!!!;curiosity;neutral
eer88r5;That’s how it be;approval;joy
eez2i1x;What strain?;curiosity;neutral
ed4zcdd;Unfortunately you’re absolutely right, no doubt about that ;approval;joy
eff99ay;I’m not crying! You’re crying!;neutral;neutral
eewmaso;Broncos one was harder being state rivals and us being spoken of as possible contenders, only to get smashed after taking an early lead;neutral;neutral
ee3tcaq;FYI your boyfriends fucking her too.;disgust;disgust
ef752ex;Yep. And if the reaction to the CovCath psyop is any indication there will be riots when her retirement or death is announced.;neutral;neutral
eesm5pb;You ask such great questions!;neutral;neutral
eed5srl;While an interesting idea I'd rather have scepter be more like it is in DotA and upgrade the passive and/or signature card.;neutral;neutral
efh4rzb;Never seen somebody project so hard in my LIFE Also [NAME] @ them directly quoting lines from the article in the comments Gives me r/iamverysmart vibes;admiration;joy
eefigj6;oh pigs arse ya cunt! if you don't say togs you're [NAME];neutral;neutral
edn9jl8;Become proficient with firearms and learn a second language if your in the us I'd suggest spanish;caring;love
eeqo5b0;This is beautiful!;admiration;joy
edr3ngy;“I got five on it” for the movie US is decent as well. They made it so creepy.;approval;joy
eete7do;...soooooo yes?;confusion;neutral
ee8xpz6;I am so sorry! I hope you are okay!;remorse;sadness
eekm6a9;She had it so good with [NAME] as his ex. Girlfriend was so freaking nice.;admiration;joy
edqy3bs;I'm kinda in this same boat as OP and currently learning to code to become a web developer. Wondering if this field is compatible with ASD .;neutral;neutral
edhgeap;The problem is that rent controls and the prevention of urban infrastructure expansion is killing city renters. Which is what most cities do.;disappointment;sadness
edp891y;Phew. We can safely disregard anything he says then. I thought he might be talking about another EU referendum. Cheers!;neutral;neutral
edkvpct;I miss [NAME] and [NAME].  (;disappointment;sadness
eetey23;[NAME] leans so far forward when he skates we love a king of physics and momentum 😤;love;love
ef3qaua;I consider everyone attractive in their own way, so everyone is intimidating.;admiration;joy
edpjmla;Is that his thing? (I honestly don't know what his thing is);confusion;neutral
ee53dua;I’m not though 😂 I do it by choice. ITS MY CHOICE TO HIT THAT BIG DOPE YA DIG 💪🏼💪🏼💪🏼;neutral;neutral
ee9mdol;Previously it wasn't working, now its fine though;approval;joy
ed0my29;my soul has long been destroyed  ( it’s over for us nosoulcels;sadness;sadness
eeigchu;Go buy groceries and don't spend another dime for an entire week. Please....;neutral;neutral
ef6fws0;Ooof girl...I thought this was satire at first it was so cringe.;annoyance;anger
ed6wur8;The classic gothic vampire. They have a certain flair and panache.;neutral;neutral
een4ett;The pass to the wide open [NAME] ?;neutral;neutral
edm46gk;Sorry, I posted this first but then you said something that I wanted to acknowledge I agreed with.;remorse;sadness
edu6mrm;Its the only one...;neutral;neutral
eekpzwz;Close your damn mouth before it catches a fly;annoyance;anger
eed03qa;snitches get stitches;neutral;neutral
edw91qe;I mean all marxist obviously praise [NAME], and would hold meetings with [NAME].;admiration;joy
eff7ui2;I think it’s funny, especially those eyes! Lol;amusement;joy
ee8dqxb;Then you’re entirely ignorant;neutral;neutral
ef516hz;I would of at least helped the poor guy. Throw some fire crackers at the dam thing;disappointment;sadness
ed5tyie;As I understand it, the director? left so at least if they do reboot it it’ll be in more competent hands lol;amusement;joy
ee6asfi;Oh dear. Ive tried to forget that. Lmao If some one brings this up, i just remind them we are also the toilet water town. Lol;amusement;joy
edq5od7;**YOU CANNOT MURDER ME! IT'S ILLEGAL.**;disapproval;anger
ef1k2u2;Thanks for explaining it! I’m not sure why my comment got downvoted. Without context, it makes no sense.;gratitude;joy
eezh5x3;It's weird because sometimes I care and sometimes I don't. Although I wouldn't call myself an asexual I could be leaning more towards demisexual.;disgust;disgust
eduza9g;Same. I want to play through it to get the platinum trophy on PS4 but it's not worth the time sink.;desire;neutral
eczsaya;It's a shitty made shirt but if it was done well I'd wear it.;disappointment;sadness
ef5sg6s;American here. Not laughing. Routine circumcision of male infants is a violation of their bodily autonomy. I wish had my foreskin back.;desire;neutral
ee9e9ov;Wouldn't mind if they brought up his creepy gang rape essays or theory on how a lack of orgasms cause cancer either.;neutral;neutral
ee062jh;...what? You're far more concerned with the o line than signing [NAME].;surprise;surprise
eedjvwa;No no no no no no no Op you’re a brave one.;admiration;joy
ee51ogi;Even that. I have 0 desire to see what happens after TLJ. I'll probably watch the RLM review and call it a day.;neutral;neutral
eeqwti7;Anywhere skytrain wants to expand my tax paying dollars will be ok with it.;approval;joy
efeorny;Crosspost! We're cool with crossposts.;neutral;neutral
edv2dgs;Perfect example of the disgusting misuse of ‘Orwellian’ on this website;disgust;disgust
edcmp09;it's quite a large red flag. It depends on the context, but if they are in her dating league, I would be suspicious. ;disappointment;sadness
edorxks;Hey everybody we got us an optimist here.;optimism;joy
efdfl0t;I loved [NAME] so much;love;love
ed69k4g;tRuLy A wOrK oF wOnDeR;neutral;neutral
eewazmn;Fascinating! Thanks for the info!;admiration;joy
ed71z4y;What is TMOR?;curiosity;neutral
ef83nya;I regret that I have but one downvote to give.;disapproval;anger
ef2smhe;My man!! You go. That's brilliant. Brightened my day.;admiration;joy
edw419k;"we have a ""righty"" complaining about ""lefties"" making up BS, while they make up BS... sad.";sadness;sadness
eei484m;I understand them.who puts the tp under not over;neutral;neutral
ed0vhh6;Idk about you but I will accept my easy win if a Tiandi or Shaolin spam their 400ms lights;approval;joy
edrrtb0;Thats weak as fuck.;anger;anger
edd4ait;No. We all begin in ignorance.;neutral;neutral
ee5rraw;Instant karma for an impatient jackass who doesn't deserve the right to drive.;anger;anger
eeoyt6j;Hey guys don't freak out but Widow has a POISON MINE, ikr I never knew it existed. I was too busy missing body shots.;neutral;neutral
eekt2pv;Why would you need to take his phone or car? He can get a job or move out.;confusion;neutral
edw9w77;There can be, but I meant the consequences of murdering someone in broad daylight.;neutral;neutral
edleekx;Most importantly, their first bill was to reopen the government. Period. I won't bother insulting you because I feel sorry for you.;neutral;neutral
edbrymc;You're going to be pissed.;annoyance;anger
edam0qo;Well she played a damn long game with this 'Publicity Stunt' seeing as it was 10 years ago;neutral;neutral
edx0t80;Damn. So you went back to an old medication and found it no longer worked for you??? I didn't even know that was possible.;curiosity;neutral
ef96ri9;Im glad [NAME] was there for us;gratitude;joy
eecfmv2;"The caption says ""tried"", but it seems she actually did get away with not paying. What really happened?";neutral;neutral
eedkjwi;It's a god awful feeling. It's changed me a little, but time heals wounds.;annoyance;anger
ef5pow7;That’s the free market for you!;neutral;neutral
eeryhd4;I actually got her IG from the video above. If it’s an issue, the video should be removed. ;neutral;neutral
edd8e65;Future MILs love LOVE love getting on Reddit though.;love;love
ee5ao2v;Yes, I dont trust people very much so I tend to push them away, and I feel like I dont have enough energy to keep up with people ;annoyance;anger
ef9m8ha;It makes me uncomfortable for anyone to force physical affection on anybody, it doesn’t matter the age. ;annoyance;anger
ef4m09g;I know North America is a big place but I wonder what it will take to see similar crowds in cities over here.;surprise;surprise
ed8sejt;Your r/brogress post doesnt look dyel;neutral;neutral
edn8upi;You first! Make it more interesting than this!;curiosity;neutral
ee4xwnu;I am sorry little one;remorse;sadness
eef0gjh;Wow. That is shockingly uncool.;surprise;surprise
edys3xp;If u see the show you would realize that swearengen it's motivating the journalist, everyone will run in to painful situations some give up, some fight back;approval;joy
eeq29nr;I would have preferred that. But he wanted the big party, which admittedly, was super fun. ;amusement;joy
eeyryu0;You're the best kind of person. I hope that you find great family and friends in your mother's family.;admiration;joy
eeqy41p;I’m not a republican;disapproval;anger
edt00u0;> it's entirely likely that he isn't actually aware of what the current thinking on brexit is in British Labour. Who is?;confusion;neutral
ee6royg;Wyrmwood was extremely my shit and I loved every second of it.;love;love
ed4wygw;Could be other things. Make sure you have your thyroid function checked. Get a general medical checkup and have all important blood work numbers checked.;neutral;neutral
ed3bz35;This is peak level of marketing inception. When people promote your movie by admiring your promotion of the movie.;admiration;joy
eevq32j;That looks like some pretty intense “homework”;admiration;joy
edyxvva;What's with the click? I don't get it... It ruins the joke *hangs up*;confusion;neutral
eeqcpig;Rename yours to Fuck and let alphabetical order take care of the rest.;annoyance;anger
ee18esz;I'd love if Sony use [NAME] as [NAME] in a Venom movie. I want [NAME];love;love
edkb9g1;I love how the girl on her phone in the background sees what happened but just doesn’t care...must happen all the time.;love;love
eejbtfp;What is that;neutral;neutral
edgaypf;I loved how [NAME] feels like everyone in the office is her family. Her relationship with [NAME] is so cute and innocent;admiration;joy
eejs5i8;And it is always because of a dropped combo that should have killed;disappointment;sadness
ef5wskn;Aw, nothing gets chocolate out, see?;neutral;neutral
edtwbmr;Oh lol. Thanks for the clarification. I just thought that’s the texture of the tongue.;amusement;joy
eej68ac;It's a people problem, not an evil man problem. So if their perspective always paints men as the perpetrator, their perspective is flawed.;neutral;neutral
ee1kqrd;i.e. the 13th, 14th, 15th of the [RELIGION] month;realization;surprise
ef0hstz;I don't know what that is;confusion;neutral
ee93aaf;Wait.....What? You do know that's not how it works, right?;surprise;surprise
ed3fm77;>*fellow* 18-year-olds Hmm.;neutral;neutral
ef9nz1m;He really do be like that.;neutral;neutral
ed9xw0z;You can just say grownups use lubrica ... ^ohhh;neutral;neutral
eeqdq4e;HUGE difference! SO important! Amen sister.;realization;surprise
efcu5nf;That would be terrible. I liked the way private Practice ended (more or less) so hopefully [NAME] doesn’t go for something cliche.;love;love
edb2372;He knows he's not playing as well as he should be. By that logic [NAME] wants out so he should go too.;disappointment;sadness
eey1i2h;You probably didn't know the right people;neutral;neutral
ef35p7c;Dang. A LPT!;neutral;neutral
eczgoz7;Anyone going to The Federal in North Hollywood tonight? I’ve never been and I’m wondering what the crowd will be like.;curiosity;neutral
ef52esr;Hopefully they can bounce back and take out the anger of this loss on the pistons, then start a new win streak;optimism;joy
edlc48l;Thanks GM and Ford!;gratitude;joy
ee2vh5j;so you can't state it definitively, therefore you think it's a possibility so i was right all along. i thought so;neutral;neutral
ef99nlz;Btw how do you use conditioner is it something before or after the soap;confusion;neutral
ee2s4v5;I wouldn't have thought if you hadn't mentioned Harry Potter. I appreciate the reminder. Teamwork!;gratitude;joy
ef5abni;Isnt that the god awful truth;curiosity;neutral
edv2fv4;lol dont try and fucking blame [NAME] for not passing it to a guy who has been bricking all night.;amusement;joy
edir5s2;Because sometimes the middle is still wrong;disapproval;anger
ed8ax24;Thanks for the tip! We’ll try that;gratitude;joy
efa4gh9;"Thats what makes me think OP is secretly the ""nice guy"" here.";admiration;joy
edkh5w5;*walks up to mic* **Wrong** [NAME] is the face of the Democratic Party. There is no other uniting force with enough muster to surmount [NAME]. Puriod;neutral;neutral
edjh8ii;Yeah I don't think so lol;approval;joy
efhby03;Just go try and by one piece fan after got end!;caring;love
edutvty;It's pretty banging too.;admiration;joy
ee2ng4o;It defiantly shapes up the picture.;approval;joy
eeoa7o4;I don’t think she beat [NAME] but I def believe she hits this dude and [NAME].. none of this is news tho;neutral;neutral
ef4oza4;We got heated toilet seats here in Japan. Big smiles.;amusement;joy
ee96mg2;This is why bars should have poly nights. It would be nice to be in a room of like minded people, maybe they will talk to me.;desire;neutral
eedeptq;Go see a therapist! Your hospital has them. Post traumatic events sometimes need therapy and that’s ok!;approval;joy
ees6h29;I'm also happy you're still here!!;joy;joy
ee2vt8y;I guess [NAME] has something he wants to tell you;neutral;neutral
efd9oku;Have either of you or anyone else in your newsroom faced personal threats because of your work on this project?;curiosity;neutral
eermhni;I do know a few fellows who didn't get accepted until a full month after. Just chill until then. Good luck!;caring;love
ees73s0;Welcome!  );gratitude;joy
eeucdwh;Can’t believe people still fall victims to those machines.;disappointment;sadness
edb8epn;It doesn't have to be illegal to be wrong. And really, *sit down*? lol;neutral;neutral
eeeup72;Not in Oregon anymore. They raised the legal age to buy smokes to 21, which, as a smoker, I think is a great idea.;admiration;joy
ef9uxcr;LOL yes, this guy might not be too bright. ;amusement;joy
ee6kzls;How do you think she left her nose outside of the bucket? You think that's the way her smashed nose normally looks?;confusion;neutral
edla0hj;Huh. Didnt know the HD edition had online multiplayer.;realization;surprise
ed71tp7;Okay, you accidentally injured someone. Good luck in court buddy;approval;joy
ef647m3;Sorry to burst your bubble, but winners write history and since leave won ... */dodges incoming tomato*;remorse;sadness
ef4ubrj;This is dank what the hell;anger;anger
eelkqop;yeah. it's like you know something real bad is gonna happen at any time. that's why I never try to get my hopes up too much.;sadness;sadness
eeu1whd;I'm betting you're 100% right. 😊🍻;approval;joy
ed4hmsq;Im always worrying about the same thing, thats why Im always posting and within hours freaking out and deleting my posts ;anger;anger
edqspd5;"Read the poem ""To this Day"". I just read it. I liked it.";approval;joy
eejpq38;he's playing you on not just this point and you eat it up.;neutral;neutral
ee8svfp;People who eat themselves to death are mentally ill in my opinion. Homicide is a deliberate and unlawful killing of a person by another person.;approval;joy
eejkmo1;I'm sorry I like to actually spell things out;approval;joy
efgf10r;Marlboro picked up [NAME] and are phasing out the njoys.;joy;joy
ed23i73;[NAME] combat is terrible and the only reason I don’t play it anymore;fear;fear
edot3om;I was eating watching tonight's episode. OMG I never will again. You all know what I mean. The opening scene!!!;surprise;surprise
eeyzpye;Yep [NAME] and BIG for the next two seasons will be so fun to watch;amusement;joy
eeuc0lx;Bit odd because plan B was exactly the same as plan A.;neutral;neutral
ef3mdi2;Prosciutto pizza is nice, but how can you fuck it up so badly that it ends up here?;admiration;joy
ef6ztpi;agreed. excited to see how this team looks on opening day.;approval;joy
eeif4us;Yeah, he knows about my mental health and how bad it cam get, we've tried all the things that have worked in the past ;sadness;sadness
ed339uc;Calm down kid jeez;caring;love
edt9n9k;Fair enough.;admiration;joy
ee6ynb2;Seriously, [NAME], if you happen to see this, I love not just your work, but who you are. Thanks for being awesome. ❤️;gratitude;joy
eex6qhu;Same.. I wonder why we catastrophize over these minor things so much and others seem to be able to forget them..;surprise;surprise
edfr3ri;"Lol ""not sure what I'm going to do."" Maybe stop digging through people's trash and judging it?";curiosity;neutral
eej1qgg;This country is an absolute shithole. Our police are no better than the filth they should be catching!;anger;anger
ee37q3g;the worse part is you might be crazy yourself and have no idea!;disapproval;anger
eddcqi2;thanks! yeah a bit, wrote for my college paper last semester but thinking about doing more;gratitude;joy
edi67a6;This is exactly what I told him. I went the fuck off. Lol;amusement;joy
eeqeiyb;It's a b/a pic with [NAME]. It's a secks thing sweaty.;neutral;neutral
edkivyb;I love you both;love;love
eeryxdu;Culture war is a two-player game. This would only mean a different tribe would have believed the claims and a different tribe would have disbelieved them.;neutral;neutral
eemvss1;For a moment I thoughts it's a Friends reference until I saw what sub this is. I TAKE THEE RACHEL;neutral;neutral
eefede8;That they will always love me despite how erratic I am and that they will always care about me, even if I haven't seen them in years.;caring;love
ef9hm8g;Imagine your daughter running away from home. I think that's a pretty terrifying idea without some murderer or mystic horror;fear;fear
effq7j4;I'm so triggered!!!!!!! Please stop you are hurting us with your comments!?!?!?!?!?;disappointment;sadness
eczm4tg;He is like a bad cartoon that’s hard to turn off.;annoyance;anger
edevj3j;It’s a shame we have to face the islanders so soon;embarrassment;sadness
eetgbzz;Good luck! It's a long road ahead for us  P i have a job interview next week and i'm going all in for it.;excitement;joy
edlwv5f;9. Some of us just don’t like fucking dogs. Fuck off. Stay away from me.;anger;anger
ed38a71;That isn't the ideal female body nor is it /fit/ That's a fetish;disapproval;anger
eezkz81;"That's what I said! I'm like ""I wonder how he kept that much of the profits?!""";approval;joy
eewayui;i feel you, i need help too;neutral;neutral
efachuw;Me too.. which left me conflicted about how to feel.;approval;joy
eelonh3;It’s pretty embarrassing to see a grown man be taken down by a dog when the man outweighs the dog by a lot lmfao;embarrassment;sadness
ef2o1a8;Got her game on.;neutral;neutral
eemhany;IDK how you can tell how they look from there tiny baby casket, but ok.;neutral;neutral
edn2kyi;this is one of those mt lebo residents y'all were railing on the other day;neutral;neutral
edv41oq;Great thread for more humblebrags. Can't have enough on this sub;admiration;joy
eenra7b;Congratulations on your relationship! I got a girlfriend too! She is imaginary right now but hopefully she will materialize soon enough!;optimism;joy
ef0ry9h;Lmao, I have actually seen this happen at a [NAME] gig, so yeah, probably true.;approval;joy
efcxjkz;I've been in China for years. I love it. Great job, apartment and love my city. I've never had a single problem ;admiration;joy
ee4q6km;I still trust him. I don’t think old school republicans as stupid enough to break the law for [NAME]. Hence they keep getting fired.;neutral;neutral
eecspib;Not sure what people expect from high school dropouts;confusion;neutral
ed6a4i8;[NAME] reaction is Like she really wanted to say “Thank God. Now I have a reason to leave”;gratitude;joy
eezuofe;Fucking hell...;anger;anger
eebim8u;I drive semi trucks into denver. Im not there for very long typically;neutral;neutral
edcrusm;> Religion Lol the cowardice that you won't say '[RELIGION]'.;amusement;joy
ed5r7je;Nobody forced [NAME] to take [NAME] over [NAME], if he liked him that much then he should’ve just taken him.;annoyance;anger
ef6g4jt;I hope xe had a nice talk with the premier;optimism;joy
eebeduu;Today I saved lots and lots of people from being raped by me. Now I really *do* feel created in [NAME] image.;pride;joy
edtfjff;Agreed. Was just pointing out the rules to OP.;approval;joy
eev4zgt;Happy cake day friend;joy;joy
eekz5pu;Yea with [NAME] as a host right?;confusion;neutral
eelrfl5;You're an amazing person OP. Please keep doing you!;admiration;joy
ef4d9tk;Wow, thanks so much for me to own tool that I can speak and understand Japanese fluently enough.;gratitude;joy
efg1ahg;> IMO the actual root of people's annoyance is that she's an outspoken progressive Not entirely.;annoyance;anger
ef7m75p;I don't think the blame rests entirely with America (those woh joined the taliban still made a concerete choice) but no US forces are not innocent.;neutral;neutral
edvwchw;Her brows are always off kilter and it drives me mad!;neutral;neutral
ed6risr;Jabronis... cool word!;admiration;joy
ed4vcgt;We might just sleep on an air mattress while we wait 😂 awe that’s so sweet of you!! We love our bunnies and veggies haha;love;love
