id;text;emotion_gt;emotion_gt_mapped
ee5xnm0;making us look like punks, disappointing;disappointment;sadness
ed33c5w;End this relationship NOW. And please learn from it!!;annoyance;anger
edfqijd;I’ve legitimately never heard anything about disabled men relying on prostitution, nor have I heard any arguments using disabled men as a rationalization for prostitution.;neutral;neutral
edxnwx5;Ah, the old [NAME] to [NAME] to [NAME] to [NAME] pipeline.;neutral;neutral
eedn3aw;iirc they were changing a few servers names, tht might have caused a few issues;neutral;neutral
eeunffh;[NAME] vs. Being an actual coach;neutral;neutral
efh31r3;Probably the most rational way to look at this entire scenario - thanks for posting this my dude. That comment set me straight again.;gratitude;joy
eevyzvq;I provoked by breathing too hard. And yes, I hate that. ;anger;anger
eeckgaz;Someone made a similar joke and got 500 down votes.;realization;surprise
efh3kzm;[NAME] was a great coach;admiration;joy
eempufb;Fuuuuuck. That’s the worst I’ve seen.;anger;anger
eeclq2b;It is. You generally need 5 down and 5 up to play reliably. Also wired.;annoyance;anger
edmjehl;"[NAME] that website is cancer. Also I love how the main ""entertainment"" in it is straight up harassment.";love;love
eeotqy6;This is really cool and well made!;admiration;joy
edgtz8g;Surprise my what now?;curiosity;neutral
ee8wanj;I will always love ohare because it is the home alone airport;love;love
eczszn6;Go play Farmville if you can't keep it up.;annoyance;anger
eejp20m;He is nearly 25, can't shoot, can't dribble and does nothing great. He wont improve much.;disapproval;anger
eduujnn;So [NAME] is really a fan of playing the bench vs the other team's starters at the end of halves. Really finding every tanking edge possible.;approval;joy
ed5yi9d;yeah, those seem like they'll flop around quite safely... ;approval;joy
eew3bph;Glad you enjoyed man, yeah it was pretty spontaneous too, I was praying I wasnt about to pull some bartard move and get jammed lol.;admiration;joy
eespqla;I'm here again to say I love your art and it brings me joy when you post it on this sub bye!;joy;joy
edp8x4k;Hmm... [NAME] looks like [NAME] from Nickelodeon;neutral;neutral
edodczo;Too easy. I’m selling at $18k on Jan 12, 2021 so I can be pissed at myself for not selling the top;annoyance;anger
eev5q9y;College is a very lonely place. Very stressful, very lonely. [NAME]. Good luck out there man.;sadness;sadness
ef1tkad;That feeling when your mascot is there but none of his players. Sorry Youppi;neutral;neutral
ee1ttjn;Omg, thank you!;gratitude;joy
ee7zrpo;Interesting. Even if most disagree with it, I'd love to aee a resurrection of some sorts in IX.;love;love
edzgaty;True! He probably is just lonely. Thank you for the kind words  );caring;love
eezvo4a;This is amazing;admiration;joy
ee402xr;"It looks like how [NAME] is introducing the comedians in ""Whose line is it anyway ?""";neutral;neutral
edreubu;clearly no one is getting my joke oof.;annoyance;anger
eczqqm9;Adoration is definitely something I could do more of. Thank you!;gratitude;joy
edpl1wg;That’s pretty accurate;approval;joy
edcny62;Also one of my favorite parts of this story.;neutral;neutral
ed85llg;What was the end result of this?;curiosity;neutral
eein07r;They have directly targeted civilians. It's disgusting.;disgust;disgust
eewx2q3;looks cool, i want it now.;admiration;joy
ee24fws;The applause came from [NAME] and his group.;admiration;joy
efalm4g;Um, excuse me? I'm a *rolling* rabbit hole, thank you;gratitude;joy
edqzxj4;In the first combo if you just do the b+k instead of even bothering to kick it does 1 more damage Not much obviously but yeah just a thought;realization;surprise
een1kbk;I don't find anything about women appealing.;disapproval;anger
ef856f5;-30°, then again I'm only 16. Been a while since these temps have come around so it's not pleasant.;disgust;disgust
eeguj4w;TOO. MUCH. HESITATION. [NAME] should've gotten that on net a second earlier;neutral;neutral
efcjwz1;How did you get them for free?;neutral;neutral
eff040g;Very cool.;neutral;neutral
eedek9c;Resetting a dislocated knee hurts like hell but it feels a lot better immediately after.;relief;joy
edits51;I know I am still going to frequent Argonaut and my other neighborhood family owned liquor store.;realization;surprise
efbbztw;Someone with erectile dysfunction already can't (conventionally) orgasm. What the fuck are you talking about?;anger;anger
ee4kouf;Furry and scaly damn;neutral;neutral
eee2806;This whole comment is just reeeing about reeeing. Reeeception;neutral;neutral
efh9gkq;Maybe with spelling, but his dad watches SNL every week I betcha.;neutral;neutral
efeht6w;Wow! I’m barely 2 cities over and it isn’t even nearly that cold  o;realization;surprise
ed00rv5;This is creepy.;fear;fear
eegigu8;Would love to donate as well!;love;love
eeysutm;I think my worry would be if another dog attacks mine, they wouldn't be able to defend themselves;curiosity;neutral
edmy2mc;What a charming puddle of smegma.;admiration;joy
efgg034;I'm flattered but I'm a good [RELIGION] scarf;admiration;joy
eenfw90;"Result of ""I have camera so I'm invincible"" syndrome.";neutral;neutral
eepnmkt;Why is neighbour spelt incorrectly?;curiosity;neutral
edk0ccg;That would be okay, I guess.;approval;joy
ed4li98;Paraphrasing [NAME], this brought warm feelings to my heart.;joy;joy
eecbj0i;That's interesting. Have you used it to register on many sites/services?;curiosity;neutral
edxy4ze;And big boobs! Like, what?;neutral;neutral
efgwcxf;You’re not a loser. You’re a whole and complete person unto yourself.;admiration;joy
ee6p1b3;We've been linking that dodgy-as-hell Ukrainian site for years, so go nuts.;neutral;neutral
edy6nlz;"For liquids I might leave the ""7"" out and make sure your citizens are the only race that can spawn in highly savage areas.";neutral;neutral
efflnhg;Excellent collage, I learned so much from all these guys. The community is great, the unconfiscatable conference was awesome 🙏🏽🙏🏽;admiration;joy
edn5qfd;Lol you're so close to getting it, dude. So close. ;amusement;joy
edcydnj;Yeah mason wasps are nasty little Tucker’s.;neutral;neutral
ef73dfc;Thank you for clarifying. I was just thinking about how picky a lot of my family is (adults as much as kids).;gratitude;joy
edl6kwq;Actually maybe the OP is not an INTP, have you thought about that!!;curiosity;neutral
eecrcld;With [NAME] and [NAME] back, and [NAME] waiting in the wings, would you still want an EDGE in round 1?;neutral;neutral
ee0wpbb;So this is what edging feels like;neutral;neutral
ed8yt80;Sorry you had to live there. Good news is they are demolishing it in 2020.;sadness;sadness
edvwy7r;Considering how beautiful every single person is, there is far too much ugliness on Earth. ;admiration;joy
ee1fnks;/u/897w346354365fdddfs said  > You're funny You're shilly;amusement;joy
eecu1b6;Yes, I'm just banking on the fact that there will be a bigger idiot than me out there.  -);neutral;neutral
eey30n5;Perfect! Put it in a form they can understand!;neutral;neutral
edyehs2;Because your considered “boring”. Girls love drama. It’s a thing.;neutral;neutral
eeyda6m;That made me smile. Thank you!! And yes, definitely replacing her on my reference list lol. ;amusement;joy
eddd3g8;Logic and facts are verboten on that sub. Truly bizarre that people are that sensitive.;neutral;neutral
edqxehq;Well the good news is once all the boomers die off you won't have any pesky old people to blame anymore.;joy;joy
eemvj90;What a cute little accident you turned out to be;admiration;joy
edwxq8e;Just wanted to mention--Brazos Bend is closed due to flooding until next week.;neutral;neutral
ed0y9tc;Because making 44% of the team's total TD catches is not enough!?! Please tell me this is BS.;neutral;neutral
ed2o0ww;That's horrible, good to know she is with an awesome guy.;admiration;joy
ed3h3xi;Oh bb please tell me about possible sanctions;neutral;neutral
eenby1p;I’ve been using the Greiss poke check on [NAME] as mine since it happened.;neutral;neutral
efcwwfj;Yeah thank you you ungrateful bast.....;anger;anger
eep4519;I don’t know who the hell [NAME] is but I am now curious after seeing the word “again”.;curiosity;neutral
eeoi9p4;Great idea! Thanks  );gratitude;joy
ee1vj38;Yeah I sympathize with this sentiment. The flow of Michigan fans into the cfb subreddit this year was overwhelming. Even as a fan I was irritated.;annoyance;anger
eduwluz;Well [NAME] made me laugh;joy;joy
ef5ivf7;Ah, a classy man;admiration;joy
eedx8pb;I swear to [NAME], I'm going to approach you. Instead of running away, I'll come right to you.;neutral;neutral
eemni1u;I always give my disclaimer when he asks for my phone number. I understand and respect my situation could be a deal breaker for some.;neutral;neutral
edreifi;[NAME] funny, girl.. not so much ;joy;joy
ed9z8oy;My coworker got cheated on by her boyfriend of 8 years and needs a night out so I can't even get out of it sigh.;neutral;neutral
edzl27n;The DPRK is ethno fascism;neutral;neutral
ef74knm;Da real MVP;neutral;neutral
ednjeux;Best NYG draft pick EVER!!!!;neutral;neutral
eej5sao;Holy smokes, good jobs!!!;gratitude;joy
efe7pz5;I know, that's why it's a little unfortunate they don't have a test. ;nervousness;fear
edgkcyf;Ok, we get it. You're a top.;admiration;joy
edwzg9i;We finally lost a game while I was shuffling my tarot deck and now I can’t decide if I should try again or if the luck ran out;disappointment;sadness
ee8ukyq;Stick your head in a blender and leave it on for all year. Turn it off for October and half of November...then right back into it;neutral;neutral
ee05w1z;I got bad news for ya'll. I picked Chargers, Colts, Saints, and Cowboys to win. So Eagles might be winning  / ;disappointment;sadness
ee09ex6;At least she's correct;approval;joy
ef1r54h;I believe the term is grill inspector;neutral;neutral
edts5dr;[NAME] death is just so..... senseless. Why? WHY??? The based gods have forsaken us;grief;sadness
efg3dbn;You're not really pissing anyone off. Mostly we just pity you.;neutral;neutral
edtlhba;Interesting. Such a different approach than the evangelist efforts I’ve experienced from “mainline” [RELIGION].;neutral;neutral
eenqp48;Of course man, I really appreciate this. But it's okay, I can just message you through here. It's fine );gratitude;joy
edixgej;Dave and Buster’s is a great suggestion!;admiration;joy
efarezk;I can’t help but notice they didn’t show [NAME], [NAME], or the most dramatic transformation of all, [NAME];neutral;neutral
edq6kuk;In other news  Water is still wet.;neutral;neutral
ee9b5a6;"""Here's your fucking well done with pink in the center [NAME], jsut like youre stupid fucking table wants!""";anger;anger
edwkpe7;Same. Right after I replaced the screen. So now I have a cracked phone;neutral;neutral
eczfslj;Saying that combo with a straight face after the fucking mess that went into the last UFC event should be hard.;neutral;neutral
ee53vg3;Got it. Sorry you feel that way man. I hope you find your own way to impact the game or enjoy it next year.;optimism;joy
ef82uux;Good luck and have fun;joy;joy
ef9xt3b;Honestly, I'm just happy I got traded to you guys, rather than a team like the Leafs or H*bs;joy;joy
ed1h3xz;Right now it sucks ass I gotta squat in snow in the freezing cold in the back yard of my apartment complex holding a little bong;disgust;disgust
eegqlt6;Ah yes, downvoted somebody for being different. Ever acceptant.;neutral;neutral
ed1amhd;If it's true i'm sad he's leaving but I wish him nothing but the best.;sadness;sadness
ef1b5sp;I mean, they did just that in Djibouti I believe, and Sri Lanka before. Hopefully Kenya can avoid the debt trap;optimism;joy
eevyfss;Congrats! Enjoy a free slice, I think you know what to do with this 🍕;gratitude;joy
eeyn44s;[NAME] is pretty cute...;admiration;joy
ed8ao7n;Interesting read, but horrible format on mobile.;excitement;joy
ee8lxo6;30 bombs won’t be enough for me to feel good running [NAME] and his career .291 OBP out there every day;neutral;neutral
edtosu3;You mean I shouldn't be doing treating it that way now?;curiosity;neutral
ed429gc;Oh hell no;surprise;surprise
ef0pn76;[NAME]! Fun fact, it was [NAME]. who led the stacked 86 Mets rotation in wins with 18.;neutral;neutral
eex3krx;[NAME] wept.;sadness;sadness
eds5juy;I hear you buddy. I rage so hard my jaws lock;neutral;neutral
edled8h;I haven't seen a single [NAME] article. But there have been a few [NAME] articles around recently.;realization;surprise
eddtdfn;It still wouldn't make sense. The problem isn't the looks;disapproval;anger
eczkg1x;they already ruined their own lives by having an affair. the other spouse knowing is just a consequence of their selfish actions.;annoyance;anger
edvey02;If I ever see that in my area, that will be a bullet to the head. Fuck Reddit's rules.;anger;anger
eddkv5t;I will thanks  );gratitude;joy
edu3jvz;He's protecting and defending the angels now 💚;approval;joy
edcscw4;Fixed That For You;caring;love
eefbymp;And then they got shot down;neutral;neutral
ed4d87o;Maybe it’s flaccid and shaking it makes sense when you’re being put under in the comments. loool read a few pounds.;neutral;neutral
ee74zuj;... [NAME] derangement syndrome sufferer spotted. What drivel you crazy lunatics say... The lies and falsehoods along with the out of place fearmongering is getting really annoying...;annoyance;anger
ee6syp5;Those fingers disturb me the most;annoyance;anger
eeb4yor;Thanks man 🙏🏽;gratitude;joy
edfxikv;Do not use logic dude. Not cool.;disapproval;anger
ee1gp80;AOC used the exact version that [NAME] had been pushing for years. So it's no surprise that its nuclear-phobic.;neutral;neutral
edx4pft;4. Go out and show [NAME] is still a stud and free agents should want to come here and play with our young core;neutral;neutral
edp1czr;Maybe she'll finish Wardenclyffe Tower and stop Slappy and his monsters!;neutral;neutral
edscggi;Want too big and lean to be naturally achievable.;desire;neutral
edpnfkz;Absolute queens! ❤🏳️‍🌈🏳️‍🌈🏳️‍🌈;admiration;joy
eebxv46;Drive safely now.;caring;love
eeyuikk;Uhhh I want someone to do this for me!;desire;neutral
ee1otog;Really? First I’ve heard of it lol.;amusement;joy
ed2sr3w;Team Hina FTW!!!!;neutral;neutral
ed3w5cd;It will be carefully tailored to piss their parents off, which I will enjoy greatly  -);joy;joy
ef3k0ad;Please treat me with modern medicine. I have gastroparisis.;caring;love
eeudvxm;Again it's weed not heroin. Smoke it. Or sell it.;annoyance;anger
ed0jr9i;Try nonchalantly handing them your card as if they had dropped it. I think its normal to be shy. *handing on exit, otherwise it could get awkward;embarrassment;sadness
edcyz60;My ETL been trying to tell us every box should take us 30 seconds max, and everyone ive asked about that has laughed and called it bullshit;disgust;disgust
edci7fb;Praise the [NAME] for REALITY! WOOF!!!!!;relief;joy
eeizlx0;No, it means you have a problem with homophobia and paranoia. A big one. No pun intended.;disapproval;anger
eehospg;You have to have a high IQ to understand Rick and Morty.;neutral;neutral
ef29fk2;One of the most posted things on reddit. Please delete;neutral;neutral
eel1zmu;Not sure if guys like that are better or worse than regular Incels.;confusion;neutral
edsax4n;xD Add it to the meme list guys;neutral;neutral
eeybb5p;Then why isn't he the one wanding people?;curiosity;neutral
edd1nib;The [NAME] finger wag was sexy as hell.;admiration;joy
ef11mv6;What a finish;admiration;joy
eetsb9g;That’s funny to me because all of the teachers of the month this year (with 1 exception) have been science.;amusement;joy
edclugt;These refs are remarkably terrible tonight. So are the sabres but wow some terrible calls.;fear;fear
ef1d12n;I'm glad you have someone to help you out! Perhaps over time you'll find it easier.;joy;joy
eewdo8l;What a nutbar lol;amusement;joy
ed69snb;Oh I wish. 40.;desire;neutral
edji25m;Guilty as well!;remorse;sadness
eenuscg;I have crowns and I thought I needed a mouth guard but it seems like I don’t anymore.;realization;surprise
eemohrm;Thanks so much, I appreciate the feedback and will send it along the way.;admiration;joy
edp5e4b;I'll be surprised if *Monty Python's Life of Brian* wasn't one of those.;surprise;surprise
eea7ug9;Well that's disgusting;disgust;disgust
ee8wtlr;Like at the time, he wasn't one of the best defenders in the league. But grew into one. ;admiration;joy
eddkzk4;Yeah, and in Brazil we write only in cursive so I don't get those people.;approval;joy
efeu9xi;It hasn’t happened yet. Just talk to the supervisor or HR. In the meantime don’t borrow trouble.;caring;love
eezvlxt;Also looks pretty ♭;admiration;joy
ef0450f;It'll get you 9125 CENTS. Poor soul multiplied 365 by 25 without realizing the mistake;neutral;neutral
eet7bbk;They are both good in their own way. But the us is funnier lol;amusement;joy
eey3ql1;Did you kill the shark to get the shark teeth for your necklace yourself or was it premade? Thanks [NAME]!;gratitude;joy
edbj8cc;I’m starting to worry that [NAME] is not okay;caring;love
ed3l8bw;I'll see what I can do, thanks man.;gratitude;joy
eda0l6x;Sign my name to it too lol it was so awful we deserve pain and suffering for that!;disgust;disgust
eevz5y5;well, most of them won't even get that far because the second you start explaining it they plug their ears and start screaming about socialism.;neutral;neutral
ed3iidx;"""Moose killed my parents.""";anger;anger
edcgo3h;I’ve exposed on social media. It made me feel better so I don’t care what anyway has to say about it.;relief;joy
een9ayy;It doesn’t work as well as you’d think, but thanks either way;gratitude;joy
eeam5rd;This was very helpful to me. Thanks for explaining it so well.;gratitude;joy
edkk0e0;This made my rainy day;joy;joy
edi13bd;I was hoping you could.  );neutral;neutral
eeabcjj;Some people just need reassurance that they are, in fact, dumb. ;annoyance;anger
eevdv05;Softest fans in sports;neutral;neutral
ednts8v;Before the camera was on him, he noticed the atrocious fake jersey on the nimrod beside him. ;neutral;neutral
eer5zb1;at least it wasn’t the evil [NAME].;relief;joy
ednd9yt;Thanks for having that self awareness, as a physician in training I feel stupid daily. It's a very humbling job;gratitude;joy
ee0h640;Yes, your trolling is very good. You’re so brave for giving us the opportunity to downvote your sock account to hell.;neutral;neutral
ef2264s;me too, always smoke a cig with the joint, they are best friends;neutral;neutral
ef3e29u;It's real enough sadly. Kin have been around for awhile in their own corners of the net.;neutral;neutral
edpyywe;Yeah I wish they could just finish 9th every year in the conference;optimism;joy
ee38mjm;Thanks, saved. Will watch it tomorrow morning  ) ;gratitude;joy
ed6drzr;oh cool! Must be tiring for [NAME] though. Looking forward to watching them!;admiration;joy
efdn5v6;>Pay workers more and charge customers less. I mean, they're a publicly traded company;neutral;neutral
eet86w3;Apologize to [NAME];neutral;neutral
edthdsn;That took a turn.;neutral;neutral
eefo59u;Seems like [NAME] got shot by the **japanising beam**;neutral;neutral
ed1gu2v;The [NAME] story is pretty amazing. Excellent stuff! My ears are both firmly attached. Thanks.;admiration;joy
ef0jlbi;So no. All you have is lies and delusions. Thanks for the confirmation;gratitude;joy
efetssk;Ouch. Hurts because it's true.;sadness;sadness
edkt3gv;> no money at what normal, un-secterian people want! Surely not being sectarian should be considered normal in a civilised democratic society;neutral;neutral
edmozbw;No worries! 😊;approval;joy
ef9oizq;Added to my meme folder. Thanks!;gratitude;joy
edcrmiq;Thank you for the great recommendation. I'll get on that as soon as I can, and keep you updated.;gratitude;joy
eewocqj;Protestantism never cease to amaze me with its joke of theology and non existent historical justification.;neutral;neutral
ee2a1uv;I like having roads, schools, and drinkable water? You confuse a man for a paranoid.;curiosity;neutral
edv3o9n;Feels good man;joy;joy
edfrs3s;I'm legit posting this everywhere. It's hilarious. I've given you many chances.;amusement;joy
effo18i;So... she just won the lottery!!;excitement;joy
eend4fy;I'm struggling to find what you're referring to here, could you maybe add something that points to it?;confusion;neutral
ed1504w;Thank you, I know you’re right, I’m just overthinking for sure ;gratitude;joy
eeklqtw;Wait so I shouldn't try to sell my shavers by telling my customers that they aren't good enough and could do better? Damn.;annoyance;anger
edu6av8;I’ve woken up next to some shocking things but just imagine finding the top of a police car in your room.;neutral;neutral
edjh4r3;I met bf of 3 yrs on it;realization;surprise
edqpzth;Not really, more of a fence...;neutral;neutral
ef10sk3;He did. He needs the facial hair, and that haircut is horrible he should just shave it and start over.;neutral;neutral
eelagbr;Saints Moderators are busy banning tonight!!;neutral;neutral
edx4z1u;Tell me a couple;neutral;neutral
edje5q9;Best not let [NAME] near him, what with her oils and all...;disapproval;anger
eej0p9v;Too many injuries. I predict he will be off the roster by September.;optimism;joy
edcgwf4;What was that behind the back nonsense, criminy. TO THE BENCH;anger;anger
ef1m9la;Trinity  Ru  >THIS IS THE TOP LEVEL DRAG YOURE DOING IT HERE RIGHT NOW;neutral;neutral
eeuz29s;I’ve learned to just laugh these off, and try not to dwell on them. ;neutral;neutral
ee3kag6;It’s a nice basket.;admiration;joy
eekdonu;Maybe he *did* leave the building. If you can't find him, he could've left without you knowing. Is that better or worse?;confusion;neutral
edvdy44;Threatening to drive your sisters into the ocean is illegal. It's called making a terroristic threat or menacing and can cause her to lose access to your sisters;fear;fear
eelmvui;Ok google it then. 🤦🏼‍♀️;neutral;neutral
efam1r7;Haha yes! Ill do that to my cat all the time. He seeems to appreciate the assist;amusement;joy
eeenvvq;Yep, minimizing massively;approval;joy
ef91a2o;But a worker who earns wealth can invest it and become a capital investor. In that case he is literally providing the capital.;approval;joy
edmuxrd;Thanks very much, so do I!  );gratitude;joy
eczlc6s;To be fair, I’m not slaughtering my own food ;neutral;neutral
edjcva3;Yeah, I always thought [NAME] would be an improved [NAME]. It's a damn shame we haven't thrown to him more often.;embarrassment;sadness
ee3dz69;Been saying horford has been overrated since he got that fat contract;disapproval;anger
ee2f59i;Wow you think 15 downvotes in Reddit from the YIMBY cult has any meaning? I didn't say anything pertaining to economics.;curiosity;neutral
ee7d0w7;It’s funny because this is the summary of most discussion posts on this sub;amusement;joy
eei41e2;Wow they got them [NAME]? Those US agents are some lucky guys;surprise;surprise
ed4mye9;The black beans were there hidden within the rice!!  ) gotta love those legumes;love;love
eeirjs2;Anything intelligent to say, sometime maybe perhaps?;curiosity;neutral
edpt47k;I’m sorry but [NAME] has better memes;sadness;sadness
ee7oraz;Ranked #3 edge defender in the NFL, 25 years old, and makes our division rival weaker;neutral;neutral
efe4nw7;Loved it!;love;love
ed19k48;“[NAME], I tried to make ramen in the coffee pot and I broke everything” - [NAME];disappointment;sadness
ed3fkca;This made me snort while laughing. Well done!;amusement;joy
ee2v6ac;Congratulations mate!!;gratitude;joy
ed8hesy;She looks just like that dude from Santa Clarita Diet;neutral;neutral
eeu4dq8;> pushed all of them Hey dumbass you pushed the emergency button;anger;anger
ef4d4wa;shes married to the [NAME] the singer from silverchair;neutral;neutral
eejple1;The edit... what? Why is he playing on an account that was registered by someone else?;neutral;neutral
edocl7i;It's still interesting to watch though ... from far away, with no personal involvement whatsoever.;approval;joy
ed8wetr;Shaving her legs, hoping the video didn’t cut short and that’s all she shaved in there....;optimism;joy
ee4oii3;THE PACK RUNS DEEP AND HARD. I WOULD SHARE MY KRAFT MAC AND CHEESE WITH YOU ANY DAY. AROOOOOOOOO;neutral;neutral
ee51m6c;I know, there isn't even a 7 in it.;neutral;neutral
ediocbf;Great post thank you ❤️;admiration;joy
ed8o43a;"""what you want"" is a populated, limited set, and thus discrete.";disappointment;sadness
edi6635;Thanks man, my brother and my girlfriend just told me to laugh it off  but the thought doesn't stop haunting me. ;gratitude;joy
ee9wi54;I dont think thats too far off. There are 200k homes in most suburbs.;neutral;neutral
ecziwwe;It would be really bad for relations between the two cities if we took Memphis' NBA team.;disapproval;anger
edrdmm0;Really? wow. I just reinstalled chrome from scratch, again. So it was Ghostery that caused the full screen issues?;realization;surprise
edjhfz7;At home with a viral infection right now! Praying for death and to the god of paracetamol. Ugh.;sadness;sadness
eesem2o;Thank you for posting this. I never heard this particular interview before.;gratitude;joy
ef3w6ic;Just got a bit worried because it's always showed up instantly for me before;nervousness;fear
ee9jihh;As a Cardinals man i agree, makes me want to deck the cunt but hes huge and i love him, so conflicted;approval;joy
ed6zzxx;That windshield crack from his skull!;neutral;neutral
edx3pze;Yay, coming out is hard, you're lucky that they didnt avoid you for the next month, I'm happy for you;caring;love
eea2j7t;i hate [NAME] and 20 good men;anger;anger
ee43ak8;Personally I would take some time to myself and work on spending time with my family since I love them more than my job.;caring;love
edppe95;She is during her week of taking sugar pills. Yea I do wish she had mentioned it anyway, I can’t sleep;desire;neutral
eepff84;She’s gonna spend all her time whining about [NAME];neutral;neutral
ednq034;Thank you. Edit  I have cancer now;gratitude;joy
ee4vo6e;As it should be. Great.;admiration;joy
efgeqx2;i should just quit yikes;neutral;neutral
ee5c4dn;That was what was most nauseating for me honestly. Not a single period used once.;disgust;disgust
edhho0z;Well that sucks. But still if you refuses the test you'd probably have been charged, which is worse.;anger;anger
ed038bu;I didn’t know I’m sorry;sadness;sadness
ef8kq3e;Tbh I think there are a lot of parts of chicago that are way shittier than memphis;annoyance;anger
ee7ewg0;You always choose mum bro. What are you thinking;neutral;neutral
ed9sga6;We need [NAME] to take a 7 year deal or less. I can picture the Dodgers giving [NAME] 7 years;neutral;neutral
eeqt3x6;Brilliant! I have absolutely no idea what's going on.;admiration;joy
eefgwlh;This is too accurate 😂;approval;joy
eeu0qsq;Cheers for the reply  );excitement;joy
ednj5ty;*DRAINS, CLOGS, BACKED UP LOGS [NAME]!* *OH, NO, TOILET OVERFLOW [NAME]!*;annoyance;anger
edltcem;you really think the walls gonna cost 5 billion?;curiosity;neutral
eesm0z4;Yeah, that changes everything.;approval;joy
edckiqb;Is that a tooter lol;amusement;joy
eeb3v0t;Don't apologize. Go grab your favorite drink, some popcorn and watch 500 days of summer instead;caring;love
ed6myuv;oh.. actual physical mail, hehehe I hear ya;amusement;joy
efgl49z;Ah, good old single level LAX. I barely remember it except traffic was a nightmare.;annoyance;anger
ee5l6ug;Would you like a friend? I sure could use one.;approval;joy
edegdbo;None, I know nobody or have anyone nearby who can help.;sadness;sadness
ed220iq;[NAME]. Go on Chapo.;neutral;neutral
ee8mtp0;Hi Mom I accidentally adopted 20 traumatized nerds. -Betty Darkness Dementia Raven Way;neutral;neutral
edka0jo;You have to live for you. Go get that education, go get that career. Rediscover yourself.;caring;love
ef36euz;I felt bad for laughing;embarrassment;sadness
ee8n7ct;Lol you could have just said that;amusement;joy
ed2xw22;Ah yes, the United States Mutant Ninja Turtles. They would dominate every sport.;approval;joy
ef4ie0c;I binged that podcast in about 2 days at work. Amazing. The convention for Limelight, and how emotional they got for those poor women was heartbreaking.;admiration;joy
ef7h8ez;Lol just leave it bruh it adds character;amusement;joy
ef32h9o;She looks like a petite adult to me, her face is obviously adult;admiration;joy
efcwt1n;I'M ON A HIIIIIIGHWAY TO HELL;neutral;neutral
ed9n6zg;just wait till [NAME] gets his less than 10 years deal.;neutral;neutral
edo0ozh;Link pls, I need to see this! ( I bet he dropped it);desire;neutral
edqt0o0;Back up, [NAME]!;neutral;neutral
ee8a1uj;cant wait to go through a rebranded version of this pain again in college too;excitement;joy
ed9kbjb;Baby rape. Can’t make a funny joke about it.;anger;anger
eeu6ikb;For unrelated reasons, school is another mess. But vaccine injury in definitely represented through absurd levels of special ed. ;neutral;neutral
edmw4gt;The reason most people don't get the joke is because it's such a bad one, that they think that it's not meant to be one.;amusement;joy
edvozwa;Laxatives in brownies. Itching powder in shoes. Remove toilet paper from bathroom. Kill him Sharpie his face when he goes to sleep Put a stink bomb in his booksack Steal his girl.;neutral;neutral
ednif10;What's the streamer's name? I want to find the aftermath of this;curiosity;neutral
efehzh4;Hope so but deadshot was her man too bad they had to kill him smh;optimism;joy
ee3fa7x;The complete series is on Hulu just finished watching it. Definitely recommend;neutral;neutral
ed3yi2i;Yeah... I get that. it's like the conversion has already been had before you entered the room and your opinion has been disregarded...;neutral;neutral
eeyfudv;He's really likeable but has some flaws. I hope I'm wrong but i don't see him being a phenom like [NAME];optimism;joy
eec4yxi;Any one of us could be a journalist, and that level of journalism feeding the masses is mildly scary.;fear;fear
eez8hak;Somehow I got banned for replying to a troll. The mods over there have itchy trigger fingers.;annoyance;anger
edf9nth;How tf do you not expect people to find them they're the first things that show up when you search joji;anger;anger
ee3o76x;says you, too bad you're totally wrong.;disapproval;anger
eczd20f;Thanks for giving advice to the people who need it 👌🙏;gratitude;joy
eeao7ln;Where did I state I wanted to keep Syria going? Is making things up just a usual part of your arguements?;neutral;neutral
eedjls2;Good kid.;admiration;joy
edygcq1;What a legend;admiration;joy
eevzcvn;the knock off names are super cringey but i love looking for them;love;love
eecp2nd;It WaSn'T TrUe CoMuNiSm !!!!! Derp It WaS StAtE CaPiTaLiSm!!! /s;neutral;neutral
edvha8c;They literally don’t have enough time on the planet to regret their actions.;approval;joy
eewszvh;The best advice I have, which it seems most people completely overlook  Have fun.;approval;joy
ef07txs;But one-third jokey, one-third pissed and one-third dead serious just doesnt have the same ring does it?;curiosity;neutral
ed12ob1;I love miramar;love;love
eelix3n;Don't you're making me paranoid man;fear;fear
eertwes;Lmao the brigading is real;amusement;joy
efdferj;The barriers in large only exist with respect to Canadian oil. Other producers (with the exclusion of Venezuela ) seem to be enjoying a very profitable time.;approval;joy
ednmjwe;I can't wait to tell my daughter how she used to love me so much she even wanted to watch me poop.;love;love
ed8f6i1;Thank you, I will tackle those too!;gratitude;joy
ed9ifsz;Was she? Oh, never been good at picking up on stuff like that. Thanks for letting me know!;gratitude;joy
eds2vl1;From super smash bros melee?;neutral;neutral
efdet2x;Isn't she like a worse version of [NAME]? I always hear from everyone that she is pretty trash.;disgust;disgust
ef2jb8m;I was using story of the tower of Babel to say that from a [RELIGION] side people would all have the same skin colour anyway;approval;joy
edhl6hb;[NAME] will love [NAME]. I wonder what the deal will look like if it happens.;surprise;surprise
ed1ca46;He's not interested, blessim...;neutral;neutral
edwnx2u;LN is flawed by design and BTCs limited on-chain capacity cannot carry mainstream LN onboarding.;neutral;neutral
eecnf14;Because it’s more fun?;amusement;joy
edv7wf3;Where can you watch community? I can’t find it anywhere and it looks great.;gratitude;joy
ef4oqrq;Gotta pay sincere condiments for this rant... if I mustard the strength I'll ketchup to the topic.;neutral;neutral
edga87b;For free? Tell him you ain no prude. You want $100;neutral;neutral
eebot5y;Thank you, I hope you do too. You can always message me if you need to talk.;gratitude;joy
ed9qsmb;Nope, you're right, it's the same tweet you're thinking of, check the date. ;approval;joy
edksa1d;Your hairline is further away than [NAME] hope of gaining subscribers while still having beef with you.;neutral;neutral
ed1pp1w;Is this a mood?;neutral;neutral
efa7ud6;what does dw mean?;curiosity;neutral
ef02d6a;Because they're having to compete and so we get exposed to the weakest of the bunch.;neutral;neutral
edl6ox3;Same old b.s.;neutral;neutral
ee9baxg;oh pls no;disapproval;anger
ee1ppz2;My son isn't old enough to remember his brother and my husband and I feel like that's a blessing.;love;love
edxqq5l;Is she single?;curiosity;neutral
ef5lv2c;Still haven't heard a good reason why the delay isn't shorter;neutral;neutral
ee3956l;We really didn’t!;neutral;neutral
ee47wii;Wtf? Really?;anger;anger
ed8ra07;But but r/49ers said it was just bad luck!;disappointment;sadness
efgyw56;Guys how are we doing? Asking because dumb TV in my country prefers Copa d'Italia to fucking Real Madrid lol;amusement;joy
ef2bgwu;You're right, it's relatable. Hope everything's OK for you ;optimism;joy
edy363e;So You're going to become India... Because immigrants... Dude... If you got nothing just say so.;neutral;neutral
ee18t09;then never drive because the person in the other lane could swerve over and kill you;neutral;neutral
eemsqn0;In collage. Now tell me that ain't insecurrr...;neutral;neutral
edeoxjd;Thanks for your response;gratitude;joy
ee0mk7b;I'm concerned for my fellow redditor. You seem to not be feeling well, and hallucinating. Shall we have a mod come check on you? ;curiosity;neutral
ee83d4j;That’s impressive you can tell that from the back of his head;admiration;joy
eds5rgs;I like you.;love;love
efdng15;What's where the underwater level is.;neutral;neutral
eexdp15;Sorry. I am avoiding arguments today. Enjoy the video.;remorse;sadness
ed1k0vz;Nope. Don't need rewards at all.;annoyance;anger
eem0phy;If this is serious mate it’s not the kind of shit you should be posting on reddit;anger;anger
eezxv8v;I had the biggest smile!;admiration;joy
eeyopvd;Welcome to religion 101;neutral;neutral
eepphff;You're right. Respect and honesty has never changed for me, though I realize that's naive;approval;joy
ed43xk2;Eh, I think that i'd rather jerk off tbh..;annoyance;anger
eeu7oxg;I'm gonna think of a jojo reference for every situation, just you wait reddit. Just you wait...;optimism;joy
ed1a52y;Says the guy not replying to any counter points lmao;neutral;neutral
edwgcw4;So word is we have eyes on [NAME]... I would be pretty amped to see him with a Jet on his shirt.;neutral;neutral
eewc0cn;What was I expecting smh;confusion;neutral
eehji3d;Yup, the cammer is at fault here.;neutral;neutral
ed0p7or;Vitamin C is water soluble, you literally piss excess amount.;annoyance;anger
eeo17rw;Truth. If he had time for another relationship, he has time to pay for it. ;approval;joy
edgpjlf;I had to watch x3 to make sure I didn't miss something 😂;amusement;joy
ee67iw9;They are new but got over 100 reviews in less than a month so I'm assuming they are just slammed. Thanks for the input;admiration;joy
ed5kjbn;I didn't say it was proof that anything was a scam with no future, perhaps you're projecting.;annoyance;anger
edi3w9p;Anti-vaxers aren't funny anymore, now they're just scary...;fear;fear
ee7yldq;I can see why you’ll never be in a leadership position.;disapproval;anger
ee85xvq;I'm sorry, I can't hear your useless badgering over me drinking my 38' from a wine bottle and enjoying my extra $200.;remorse;sadness
edhd09y;You deserve WAY more upvotes;admiration;joy
ee7kl2a;It was a tweet a while back.;neutral;neutral
edn3z5j;No! You can't have that one! That's a coconut cake!;disapproval;anger
efed730;Thank fucking [NAME].;gratitude;joy
effc0ke;"No or low contact. I don't have time for ""family"" that doesn't have basic courtesy for me. ";annoyance;anger
eeasaly;I’m sure the hornet will be happy if their curse is over!;optimism;joy
edndi1z;i’n on a diet for my disease AND to lose weight therefore it cancels out boys, i’m scot free;neutral;neutral
edbz5xm;I do have few friends from there and it's a lovely nation too.;admiration;joy
efavg4a;I never think someone is sincere when they say why “would I care if I’m being lied to” constantly?;neutral;neutral
eek35cr;NEVER RUNNING FROM A REAL FIGHT!;anger;anger
ef472ul;You should call the police and tell your friend maybe you can Stay over at his place;neutral;neutral
ee096or;[NAME] being 50-33 against winning teams kinda suggests it wouldn't matter that much if their division were better. Maybe have gone to 7 superbowls instead of 8.;neutral;neutral
edxcc90;I LOVE IT, I would love if they will make season 2... I really enjoyed it;joy;joy
ef729ao;"Its kinda odd,how theres always kinda a war between ""Party music"" and ""Feelings Music""";confusion;neutral
edjp3a4;It really do be like that;neutral;neutral
ef92xbv;I don't need to tell you how you're a paranoid conspiracy theorist you are doing an awesome job of that already!;admiration;joy
efeuxmi;I love this. you get a favorite.;love;love
effudcr;As a Florida girl I have no clue how you all have not died. I could never live there.;surprise;surprise
edxyu9t;So what you are saying is that you are not a serious guitarist is you use finger guards?;anger;anger
ef59l6q;I want to keep [NAME], [NAME], and [NAME] (also [NAME], but he doesn't want to stay). Everyone else can go. ;neutral;neutral
ed1d6a4;Knowing [NAME] he’d probably give [NAME] up for a 5th rounder smh;neutral;neutral
edlk9z2;I miss [NAME];sadness;sadness
eebfurv;I have no objection to nudity, but why is this a thing? So dumb. ;annoyance;anger
edhi274;you're hilarious. Thanks for the entertainment this morning.;amusement;joy
efde96j;Unexpected Hail corporate.;surprise;surprise
ee7u02r;Myers Briggs test is like the star sign for a different kind of nerd;neutral;neutral
eed88oh;Leave it to a maintenance technician to not do it right the first time.;neutral;neutral
ef9471y;This is a new level of entitlement. THE BATHROOM IS OUT OF ORDER! What makes you so entitled to use an OUT OF ORDER bathroom!;annoyance;anger
eehh7vq;Damn Replays was pretty solid last year. But maybe he should go back to coaching.;admiration;joy
ee61x6c;If a greedy and powerful few can make a buck they will.;neutral;neutral
edw4wz4;Thank you! And yet he's called about 5 of the same on Laca;gratitude;joy
efgeoye;Reading this made me happy and I don't even know you. Keep doing your thing!🙌🏼;joy;joy
ef9ityn;Exactly, you need a Hollywood woman of age to pair off with him. Past 35 should be fine right?;approval;joy
edpnqu4;I wanna die!;sadness;sadness
ee6e7v1;You make it hard;neutral;neutral
eevsx1j;What about, hear me out now, 2max? It doesn't sound cool though. Could probably call it something else.;disapproval;anger
eedflie;thanks for the reply jzplayinggames, have a great weekend.;gratitude;joy
efed1vi;Now go to Gulag!!!!;neutral;neutral
edsjw97;This post made me smile, cute doggo ;admiration;joy
ed2w5dd;those comments are perplexing;neutral;neutral
edffsrx;Girls screaming alone gives me horrible flashbacks;disgust;disgust
ednfwr4;He already has a baby with his girlfriend who’s gorgeous;approval;joy
efgdova;Video games are great, but sometimes it’s nice to unplug and play a game of Jenga with your cat;admiration;joy
ef86dml;Dipo always be in our hearts. The one that got away;love;love
edzn2fp;"Because they claim to be against [NAME], and they need something called ""votes"" to beat him?";neutral;neutral
ee3hrd0;I love [NAME], but man I wish I knew what [NAME] would have been like here.;love;love
ee9lgzk;stay strong!;caring;love
edraswx;[NAME].;neutral;neutral
ef9o63l;I meant I wouldn't bring up wanting it to be vanilla and changing terms.;disapproval;anger
ee57wmh;Parliament won't let a hard brexit go through, there are far too few MPs who would accept it.;neutral;neutral
eer7ups;Wow... I’m so glad that my dog is lazy like me.;joy;joy
efdfhc7;This really tickled my anxiety. I hate it;anger;anger
ede7nap;That’s great! I hope s/he gets better!;admiration;joy
ef75xtt;Damn, that was brilliantly put. Thank you. I screenshotted it to use on Twitter. Is that ok? ;admiration;joy
edeobt7;Peak Ancap;neutral;neutral
ef8a78j;That may be — we are talking about the stock market, though.  );joy;joy
eehvzdn;Trade up for Haskins. If that doesn't happen give me Greedy.;neutral;neutral
ef8he5z;Good Job;admiration;joy
ed6defq;"If ""everything is political"" then nothing is political because it's all the same. You know what I meant by ""political"".";annoyance;anger
eeg8gj7;Themmuns have everywhere infiltrated so they do !;neutral;neutral
edcxtrt;From an Instagram post about the judge critiquing [NAME] look;neutral;neutral
efctryo;When is EVO;curiosity;neutral
edud150;No wonder why their logo always looks pissed;annoyance;anger
efaxbrd;I love it when people assume things.;love;love
ed4ibis;Can’t wait to go to the Kings game. Especially if they bring this level of fire.;excitement;joy
ee3rfea;This caught me off guard for real. I actually off my bed laughing. +1;amusement;joy
edu6bfe;Oh I know. I was just pointing out that our current number one has consistency issues as well so we are used to it.;annoyance;anger
ee5ulcx;Thanks for the info! Great pic. I’ve saved it.;admiration;joy
edluqx4;cause he constantly hates on [NAME] for no reason other than Petry having the puck on his stick more than anyone else on the team;disgust;disgust
edvl240;Should be Colt Wesley Small Johnson;neutral;neutral
edygxot;Lmao. Fuck, you got me good.;amusement;joy
ednluk3;I went to your profile to see the other pics and saw your kitty. He's super cute!;admiration;joy
efa6r89;Oh [NAME]!;excitement;joy
eduzjxs;Don’t I know it! I can’t believe this breading station thing is so enormous.;surprise;surprise
ed97v0m;That whole chart looks like something someone made up to post on incels.;neutral;neutral
eegkwux;Well let’s hope so.;optimism;joy
edylb0w;r/patrig Edit  looks like someone already cross posted it there. That was fast.;neutral;neutral
ed7t8y6;Beast milk. My favourite!;joy;joy
eeuot8z;[NAME] was such a nice and calm person, he makes everything wholesome He was just like his paintings Realistic, Hard worked, and with tons of love;admiration;joy
ee8ts7k;Happy Birthday [NAME]. You wont read this message but itll be here.;caring;love
edzr8jl;I think I’ll go ahead and continue criticizing silly unfounded and harmful beliefs;approval;joy
ee83x46;She's still looking for her [NAME], maybe?  );neutral;neutral
edihyzp;Oscars are trying to be more hip and contemporary now, so don't be surprised if [NAME] and [NAME] win. ;surprise;surprise
edoce1w;that offense averaged 20 points a game. the same as this year and look where we are.;neutral;neutral
efgqmll;-9 and I’m out shopping. Sun is out feels great.;joy;joy
ef81mtz;Having good people around you is the most important part i am glad you found some good friends );admiration;joy
edtikix;I heard the ostrich was sick.;sadness;sadness
edw6wjq;ah, it does me heart good to see NIMBYs in the wild;joy;joy
effqek4;Tf is a smartpass+?;confusion;neutral
efbqwh3;Mongoose actually mate for life, and he can't leave his girl behind!;neutral;neutral
ee8k1r5;I'M HERE;neutral;neutral
edt6gpu;I listened to this song the other day for the first time and... oh boy yeah;neutral;neutral
efbtrnn;that's awesome-sometimes getting in the shower seems like an impossible undertaking but you did it;admiration;joy
eecry2n;>!Did the name of the trophy gave away the twist to you?!<;neutral;neutral
ee5j9wk;I will, Thank you!!;gratitude;joy
ediwfql;WHAT!?;neutral;neutral
ee579yx;Nice, I saw them during the Demo and was pretty impressed ;admiration;joy
edlqbl6;Thank you! Very cool!! 😎;gratitude;joy
efewql8;When [NAME] dated the nurse just for drama with the STI....;neutral;neutral
edie08i;For my next magic trick  watch me turn this bottle of fireball into domestic abuse;neutral;neutral
edf07n2;>slaps windshield This bad boy can fit so many Leds on it;neutral;neutral
ed0wlth;Surprised he's in. Imagined he was concussed. He was on another planet for a bit.;surprise;surprise
eeq6y1y;Hunting would at least be more rewarding and fun. Every time I wanna meal prep in RDO I just horseback ride and lock-on to deer.;amusement;joy
ef9ybl8;At some point, we all hate it. Hey it feels good to be real sometimes. ;approval;joy
edm7efb;Can we forget that this moment happened;embarrassment;sadness
ef6wfio;It smelled even worse than it sounds. You learn just how quickly someone's feet can rot and really stink up an entire bay.;disgust;disgust
eevqty9;Who said that;neutral;neutral
eekggka;He looks like [NAME] in Jackass 2 when they glued pubes to his face.;neutral;neutral
efgk4br;Awe that one was just for me but I really like the post;admiration;joy
edz7nsf;So they are up thanks;gratitude;joy
eezzv3d;Lmao. I still sing fun with the funk sometimes.;amusement;joy
edo6i6c;You probably just have a fashion preference, if you arn't dysphoric about it then you don't have another gender really. ;realization;surprise
ed0o4jo;Oh sorry my bad, didmt know;realization;surprise
eei5bwu;[NAME] career ended after he broke his foot when he kicked a seat while blacked out on a party after a Vikings game.;neutral;neutral
edfz71x;"I would hope that Cartoon Network would have nothing to do with it. Would hate to see them ""Teen Titan"" ASOIAF. ";annoyance;anger
ee2t4ek;That’s exactly how mine is ! Wow that’s sort of funny there is an actual name For it 😳😔;amusement;joy
eer1jkc;It’s showing up on mobile aswell, the double slash is weird for me though, probably on his end;annoyance;anger
ee400k7;And no fall damage;neutral;neutral
eemn50s;Same here. There's so much good to discover in any decade really.;approval;joy
edod3qy;I LOVED having him  every time [NAME] takes that 18 footer I expect to be automatic only to be very disappointed.;admiration;joy
eelyoln;is your dad very wealthy by any chance [NAME];amusement;joy
ef198w6;Why is this still not banned;anger;anger
ed9h1fn;Our soil needs the help! That would be a really unpleasant job.;disappointment;sadness
ednvydz;Yep i always say this. Absolutely best case scenario is a foul ball. If he puts it in play it's probably a dribbler.;approval;joy
ed6f0es;Haha I was thinking Utah but... Florida makes sense too. There’s a few crazy states 🤷🏼‍♀️;amusement;joy
ed3ngxf;Can’t believe a club paid $550k for Sandow that’s absurd.;surprise;surprise
effv230;By not using Facebook as a barometer of success. Look at Facebook as a highlight reel and not what people are actually living,;neutral;neutral
ef52l3i;Wiggins midrange magic!;neutral;neutral
edatfgp;Not from but I lived there for 12 years until very recently;approval;joy
edw2nto;I do remember this and wanted nothing more than to kill that guy;anger;anger
eevsblv;For drunks is a paradise!!;neutral;neutral
ed6tecx;Ignorance is unfortunately a part of mankind. We are still so Un-evolved;annoyance;anger
een6j5t;I am really sorry for you, but oh my [NAME] this made me cry laughing. I hope the cat learns to like you eventually;amusement;joy
edk0nru;nice!! I'll try this one;admiration;joy
eegtsz4;giving great [NAME] vibes;admiration;joy
eeedlzc;The good [NAME];admiration;joy
edsu2su;Yes, would love a list of your favorites! I downloaded the app and it’s pretty great. ;admiration;joy
ef4m860;I'm talking about statement in 11 july, not 14 july. I think you are confused. I posted 11 july statement;confusion;neutral
ef7idxx;I wouldn’t mind [NAME] on a 4 year contract;approval;joy
edql0mu;Pretty nice to see CONCACAF signing for the CPL.;admiration;joy
ef5yp80;They were just gonna do a review parody of their favorite movie. What’s hard to understand?;curiosity;neutral
edb7a8k;Into another environment?;neutral;neutral
ee1q7fn;Man up and get yourself a date with a different woman.;neutral;neutral
eekvacw;The inventor of the joke came up with it during the [NAME] administration.;amusement;joy
ef9fmh0;I think it’s [NAME];realization;surprise
eerrpwy;Yes because there is an optimal level that does not occur naturally.;neutral;neutral
eekf9g9;They don’t. Conservatives want to characterize any scoopy news organization as unreliable because they can’t get ahead of them easily.;disapproval;anger
ed3oh9f;Did he actually knock himself out?!;curiosity;neutral
eetbdl3;She’s way too gangly to be thrashing around - I was waiting for her to take out a light fixture.;neutral;neutral
ef1aggg;Yeah, I took it more like “not us, but the radicals” mb.;neutral;neutral
eea39ji;Left or center is more aesthetically pleasing than right justified.;neutral;neutral
ed5u01p;not writing some stats today [NAME]? just curious xD;curiosity;neutral
edi0gpp;I wasn’t being sarcastic, I was just asking if you are morbidly obese. ;neutral;neutral
ed407nf; You're welcome, I think.;gratitude;joy
ed0286s;[NAME], just keep doing exactly what you’re doing. I LOVE YOU SO MAAAACH.;love;love
edcgt55;Pick them up and put them outside.;neutral;neutral
edobacw;This is like aliens coming to this planet, taking you in as a pet, then surrounding you with mannequins. I’d be freaked out too. ;nervousness;fear
ed2nh3m;Omfg. I meant [NAME];surprise;surprise
eevfjuy;Waiting to see angry “pedos” or whatever they call themselves thinking this is fact and melting down over at t_d;neutral;neutral
eefpe1v;Because [NAME] base are also the kind of folk who like [NAME]. In the end it only helps him.;neutral;neutral
ee5ijot;A horrendous amount of Sesame oil, god, that would be awful.;disgust;disgust
ed70nb5;Bet you $20 she had more in her than 0.05 hell, more than 0.08 hmm...;neutral;neutral
ee6eyoy;Sorry, realized I hadn’t answered the question lol. Was typing that when your response popped. ;remorse;sadness
edfhagx;His plan would have worked if [NAME] was not teleported by the writters for that dramatic (And nonsensical) part of the episode.;neutral;neutral
eed0ric;[NAME] is not fascist. Heck,she's not even alt-right;disapproval;anger
ed39e3u;[NAME] you are a freak...;neutral;neutral
eehcw51;You conveniently aren't speaking to my assertion.;neutral;neutral
edcjfei;Can't relate because the sadness and loneliness is constant 😎;sadness;sadness
ef74c6h;I love the night shift environment, but hate the lifestyle. I just can't do it. ;love;love
edl3cvd;I think you should nourish it with activated almonds.;approval;joy
eemhmre;I wish that too.;optimism;joy
ed4ujtl;You know a giant lady as a character would be very interesting in my opinion.;approval;joy
ee37vj6;I always keep my purse by my side. She is asking for trouble.;neutral;neutral
efaol2v;Stop crying already;caring;love
ede98uc;That theater is huge;neutral;neutral
ee8gmer;Great! I love hotsssssssssssss;admiration;joy
eda64bx;I wanna see her debate [NAME]. He would shit all over her.;neutral;neutral
ee26ysz;oh gosh [NAME] had issues as well with someone and his leg i forgot.;neutral;neutral
edhnt15;I THOUGHT I HAD MY WILL ALREADY COPIED AND FORGOT I HAD THIS IN MY CLIPBOARD;realization;surprise
edf2uzy;In da club- 50 cent, when you need that extra motivation to finish the cake in a time crunch;neutral;neutral
ee968yt;Heya, how would u rate this story? Esp compared to 2 before?  );curiosity;neutral
ed9z1fo;I would love it ... how does the chat thing work I’m pretty new here;curiosity;neutral
ef5uvhg;That's way dangerous to keep then together they may break out and start feedig on the other ear buds to gain heir strength;disapproval;anger
edhfomd;It's good though because itll make you cherish the happy times while youre in them, instead of lookinf back on them.;joy;joy
ef8pm2j;Meditate. You may need to seek medical help. Good luck, friend.;caring;love
eel3qgk;I mean, it’s kind of her problem. She blithely makes so many mental errors. ;disappointment;sadness
eelmuh7;You are neither.;neutral;neutral
ee21bvo;Why do you feel like you have to figure out what life is alone?;curiosity;neutral
ed905b5;Can't decide if that's because we're playing gritty basketball late or getting kinda lucky and an inevitable regression to the mean;neutral;neutral
eel659s;Pretty much yeah, it’s crazy that 2 years later that someone picked 56 picks later is better as a player;neutral;neutral
edj3f5m;Holy shit bro;anger;anger
efcy3uj;If the answer is No, the kid dies. If the answer is yes, the kid also dies;neutral;neutral
eekx4xa;That poster is amazing. He needs to sell these online!;admiration;joy
edcyqvs;I hate people;disapproval;anger
edg5atb;I guess u were right since [NAME] just posted on ig the Dress made of tampons and pads lol;amusement;joy
eelzrkz;What makes you say that?;neutral;neutral
eekww76;[NAME] has the same amount of points as [NAME];neutral;neutral
edrbpty;Alright OP here, I'm an [NAME] and this is not even close to how coupons work here. Didn't realise you [NAME] had such extreme coupons;neutral;neutral
eevy5kh;I love [NAME] as well! He seems like a genuinely nice celebrity;admiration;joy
ed4lnr9;You should watch DS9. It's fantastic, and has a long story arc to follow.;admiration;joy
ef60uaz;[NAME]. Starring [NAME] as the goofy and lovable [NAME].;love;love
eeq94lu;The people that use the image and leave that braindead comment are sheep, nothing more nothing less.;annoyance;anger
ed2ymg3;Tiki Lounge always smells like sewage. I'm surprise it's lasted this long.;disgust;disgust
edgy9hp;Dude, its **life** it's not **trauma**. Grow up ;anger;anger
eev6gpc;Just reading this makes me sick;sadness;sadness
edry576;You can't jelly a ding-a-ling up the buttocks;neutral;neutral
edhbcb6;Bruh if y’all haven’t seen ‘Into the Spider-Verse’ yet you gotta stop what you’re doing and go see it.;neutral;neutral
eelmxhb;Remember, we still have freakin' Alaska;realization;surprise
ed65ri7;What bothers me is not the fact that someone disagrees with my lifestyle, it's that they constantly go on and on about..that would annoy anyone.;annoyance;anger
ed1dmki;Right? Most days I wish I had really small ones so guys would look at ME instead of look at my body.;desire;neutral
ef7ml84;Wait, you don't love reading people's blog posts on Reddit?;curiosity;neutral
edktm3z;Thanks Harvard!;gratitude;joy
ed9hw2m;What makes it ok as it is?;confusion;neutral
edgxxic;i am a man and i disagree. i mean you logic is worse if you believe it.;disapproval;anger
ef8b06u;Thanks. And wow! Nice burn.;admiration;joy
edb7bv6;"Wow those girls in the corner ""twerking"" were the best (worst?) part. ";admiration;joy
edcj5l9;I love this contract structure especially since [NAME] is only 31.;admiration;joy
edf3kd3;Who wrote the IQ tests?;curiosity;neutral
ee6qy6d;I remember running into teachers at the grocery store or whatever when I was a little kid and having that same feeling!;joy;joy
ed34dnz;I'm impressed you found a non troll post of theirs.;admiration;joy
ee54l4s;You can always tell from the vote counts lol. They're way too blatant;amusement;joy
edq8dsp;> Iturriaga (Mexico) Oh yeah. that was a thing. How was we?;neutral;neutral
ed3frbd;"He also lost a QB battle to a 40 year old and rookie ""project"" QB that everyone thought needed to sit a year pre-draft.";desire;neutral
eez0e8z;"""Freedom is a cage"" -[NAME]";neutral;neutral
edcy0mu;Hope his bare hands are as clean as the griddles. Ready to eat foods need to be handled with gloves . Very cool machine though .;optimism;joy
edl0jsu;Yeah I think this is a well rounded pov. Agree.;approval;joy
edrbjfh;Disgusting of you [NAME] you filthy who're you pedophilic scum trying to beguile our children it's not gonna work I got [NAME] castorated;disgust;disgust
ed9yvld;Watch the FO not sign anyone. That would be the most dodgers thing ever.;annoyance;anger
eesfw7d;Oh, it's definitely working and that worries me a lot. ;nervousness;fear
eeczkm0;It's a repost but this space is too kindness for a downvote, take care ;caring;love
eenaj9c;> Sure it might make the population 4 1 [RELIGION] but it's still an awefully large mibority The population already is 4 1 [RELIGION].;neutral;neutral
eevkp4l;Everyone except [NAME] dying and [NAME] doesn’t know what happened;neutral;neutral
edt9zur;When giving birth is the only thing you’ve ever accomplished;approval;joy
eexx3yd;Can some hero type out all the rosters?;neutral;neutral
ednobom;IM DEAD WHERE DID U FIND THE HS MATE PART;neutral;neutral
eeaenba;22s. Good save. Doing [NAME] work.;admiration;joy
ef75u4b;r/forhonor leaking again?;curiosity;neutral
ed50vzo;No problem at all! If you ever want to talk to some internet random again, feel free to talk to me.;caring;love
eert8li;They’re both in Austin..I don’t see [NAME] being someone to hang out with [NAME] more than the other way around.;neutral;neutral
ef9itcb;She is  (;neutral;neutral
ee64upj;Lol for real tho. But hey, we’re a football, soccer, and tennis school now;approval;joy
eehztyx;Legit I just go to places and tell them to surprise me. That way I get to keep trying new types of food 🥘;excitement;joy
eebzfvp;[NAME] is the worst coach in bulls history;annoyance;anger
eekj86e;Maybe she was attempting to be ironic? I dunno, man, people are just an enigma.;confusion;neutral
eez1f46;Im hoping for a relapse too. I like her better, her hair gets darker, her leather jacket comes out. I miss private practice [NAME];desire;neutral
ed5bpyn;No one drinks Old Style;neutral;neutral
edj4jnz;No like its legit cgi Edit  this comment has some value the entire thread has things to pick apart in it;neutral;neutral
ed4vnhz;When [NAME] and [NAME] left because they were a bit too male, I guess. Get woke  go broke.;neutral;neutral
ee2907w;This is terrifying;fear;fear
edvjj3s;Joining the server when everyone's at 1/4hp and out of ammo, with no damage to your...uh...living room. Yeah, ggwp.;neutral;neutral
eduwbj8;not in the slightest. im actually dumbfounded.;confusion;neutral
edh3b7s;He's talking about the semifinal game between Bama and Clemson which Bama won 24-6;neutral;neutral
edx945w;I was there on the opposite side of the field. I did not believe he made that catch until we saw it later on tv. Unreal.;surprise;surprise
edqso6b;I don't know who wrote what, but good call - the d's are completely different from one to the other.;admiration;joy
ed936ao;So you're male then. Ps ur wrong bud;annoyance;anger
ed6vnkm;Is that [NAME] as the commentator? EDIT  just finished the video, feel stupid now;annoyance;anger
edmqhp4;This movie is highly underrated. Part of the problem it has is that Rogue One was SO FREAKING AWESOME!;admiration;joy
ed6d09m;*oh god oh fuck*;neutral;neutral
ef58yvp;So you're gay, but you hate men? Yeah, good luck with that working out for you.;caring;love
ed46je0;[NAME], with his 8th appearance he's the most veteran player there;admiration;joy
edosqlh;I literally just finished watching the second episode of Daredevil. This pains me;neutral;neutral
edkts4d;Yikes. This kind of freaks me out.;fear;fear
ee0d6oo;Nope, my current response is that both the means and the ends are independently justified on their own accords.;approval;joy
edrh0yz;Super excited to watch them in Syracuse next year. Might actually spring for season tickets;excitement;joy
een43n1;It's ok, it's just Gypsy Danger;approval;joy
eeahopi;becasue [NAME] is a propaganda meister, its his job. Come on now ;neutral;neutral
edlaygd;Yeah, considering guns by themselves aren’t an issue (like I so thoroughly explained to you), that’s a valid argument. ;approval;joy
efbr7ck;Oh I thought this was about the Pistons making the playoffs. Since I wasn't paying attention to them, I actually thought it was possible. Ahahahahaha!;realization;surprise
eehu2ja;They’re just idiots parking there. No clue that it is a designated bike lane.;neutral;neutral
edf5hi9;You got the true ending don't worry, you would only get the bad ending if you rat out your friends or accepted the deal;caring;love
ed6rodh;Read divorce busting and kill all marriage counselors. As much as it sucks...youve been given a gift by him giving you time.;anger;anger
ee6xf7i;There are plans to widen Parmer during the next few years.;neutral;neutral
eeg9919;There is no assuming the worst. Its experience and taking things at face value.;neutral;neutral
edwux5m;Fcking disgusting.;disgust;disgust
eeavw2m;Expected that. Thanks for your valuable feedback.;gratitude;joy
ee4lptt;oh, rich people loooooooooooooooooooove to prey on the poor, they couldn't bear not raping, mocking, humiliating, profiting from, the 99%;love;love
edrwj9z;That’s how I outfitted my team in that awesome red and black colossus armor.;admiration;joy
eez7z2q;You know that mista mista lady? I think I just killed her. - [NAME];neutral;neutral
edctzg2;Me too, [NAME]. Me too... ;approval;joy
ed8lrwp;Thank you for the info and source. My source is only from guides, experience, [NAME] videos, and [NAME] videos.;gratitude;joy
ed2vc9p;They will be more than happy to hand you the matches, followed by the cuffs. ;neutral;neutral
ee7ezvs;It is genuinely hard to imagine what the Magic basketball experience will be like when these two legends are no longer in their roles.;sadness;sadness
ef3hqcr;you’re too lazy to google;annoyance;anger
eedyt16;It’s not unlikely that his family was already imprisoned or dead, which gave him the window to run. ;annoyance;anger
ed5ny4m;But I do I still love him and he still loves me but he says im too immature;love;love
edz4kf2;would be US Biggest error ever;neutral;neutral
eemhiji;She can take her boring, drunk husband with her. He's not interesting at all.;annoyance;anger
ef3llww;Petition to smite BuzzFeed and Vice off the face of the internet for the bs they post Thank you;gratitude;joy
eegouvj;I honestly hope you do that;optimism;joy
ed70zjm;Shouldn't be getting downvoted that's exactly what I thought the motive was;neutral;neutral
edft99z;Difficult to see how this video wouldn’t have been much more interesting if properly shot in landscape.;disapproval;anger
eekerdv;“An eye for an eye” Proceeds to take 2 things away from killers;neutral;neutral
ednjqz8;Yes, we are going to kink shame you. ;embarrassment;sadness
eenajtc;You must be wrong, because this is the sub for intelligent people!!! ;disapproval;anger
ed0hkj6;Happy cake day!;excitement;joy
edlmq4r;Fantastic thanks! If there’s anything I can do to help you out with the interview or your first year teaching let me know!;caring;love
ee4l4z2;Wrong. And UBI sucks unless you include an expansive social safety net too;annoyance;anger
eezix0c;Just get him out of my sight I’m tired of losing and those who contribute to it;anger;anger
efeq6yg;>Dumb, but wonderful. That's my kind of a pet. Silly,soft and adorable. ;admiration;joy
edotntk;Yo where they at, I want to celebrate with them.;joy;joy
eeljowd;Shut up about the sun! SHUT UP ABOUT THE SUN!!!;annoyance;anger
eep1xg1;Imagine what he thinks of TLJ...;curiosity;neutral
edg5ose;Please post any news you may find about her fate. This is so sad and so wrong. We need to know what happens to her.;sadness;sadness
ee172da;Why pay so much character and it feels so good. In the humble of 1996, the website was a skinny stoner with long hair.;admiration;joy
ed9f92q;F then.;neutral;neutral
ed5bwl0;I’m so happy for you. Congrats and thanks for the advice;gratitude;joy
eeaico8;Except it seems like the constant jerking off about DMC was one of the several things that could have led to them drifting apart.;disappointment;sadness
edwf9b0;Those words you used. I don't want to believe that exists.;disapproval;anger
efev9va;I have the worst memory ever. Idk if it's from all the weed I smoked but I also have a blank mind like all the time.;disgust;disgust
edlo5n4;oooops... now you tell me???;neutral;neutral
ef3t7ww;Upvote for buttfuckme.;neutral;neutral
ef7gyn0;He used to be a science teacher!;approval;joy
eej4x5t;Calm down or we need to call the Senate to take further actions.;neutral;neutral
efgdymd;[NAME]. Im sorry;remorse;sadness
edxaf6n;I must've missed them. Looking again but if you have a moment can you link it?;confusion;neutral
eeu33cz;Ain’t nothin good enough for her;disappointment;sadness
ee96t80;Lol, right? Who says that before banging? “Is you ovulatin?” SOOOO repulsive. 🤮🤮;curiosity;neutral
eegcof4;I have stories about some, lived in one that was $3500 a month and you had to sign a 3 month contract. Also not covered by insurance;neutral;neutral
eed3i6e;If you don't enjoy watching sonicfox compete can you really be a fan of the competitive scene?;neutral;neutral
eepoq40;Easy breezy beautiful cover girl;admiration;joy
eeq5v95;Generally you are still a “teacher” but I’m not sure 100%. I know my instructional coach role is still “teacher” contract/pay.;confusion;neutral
edch3qc;I love your username...;love;love
eeyssse;His sister likes his Cox;neutral;neutral
ef0c1vh;THIS IS TRAUMATISING;sadness;sadness
eejzyq6;What in the actual fuck are these refs doing right now.;neutral;neutral
edxd6no;Can you please update me! I'm in the exact position! 24FHL with 21MLL;curiosity;neutral
edojis0;Or getting lucky. Most [NAME] have jobs so their must be a way.;curiosity;neutral
ed9ytvv;They did that already;neutral;neutral
eeceqn4;"I'll take PVZ. Your flair  ""Maybe necks time""";neutral;neutral
ef22fuy;Thank you. Yeah this makes sense too. I could be blaming myself more than I should;gratitude;joy
eev5pak;Get it out of the way as quickly as possible. Some people claim to like it, so maybe you'll be one of those weirdos.;caring;love
ef4lyyq;Getting outplayed by the Cavaliers LOL. Maybe [NAME] and [NAME] can take more bricks this quarter, seems to be working so far ;amusement;joy
edmcs0g;I don't know why you even talk to human trash like this. Instead you should motivate him to leave her - at least that would be productive.;neutral;neutral
ed37dzj;Excited for this project to be finished when I retire in 30 something years.;excitement;joy
ee93vfb;So you’ve never had a fwb situation and if you have it made you worthless for a real relationship to other women? Hope this goes both ways;curiosity;neutral
ed9z7qm;What’s the motive for doing this? To save on fuel by transporting as many people as possible in one go?;confusion;neutral
eev5hpa;Thank you...next;gratitude;joy
eee5guq;I saw in another thread that the kid had previously pranked the barber, and this was his way of getting back at him. ;neutral;neutral
edh2hzv;Are you an [NAME] or [NAME]?;neutral;neutral
eeoulo9;Wack. Oh heard some 17 year olds are doing it too.;surprise;surprise
ef7twad;"Lol I always go with public speaking (""but I'm trying to be better at it!!""). ";amusement;joy
eebwep1;Oh right I was for reason thinking it was just made out with. Sleep with is even better. Sleep with [NAME], [NAME]! ;approval;joy
eeuvlhk;Interesting. Never heard of it. Do you like it?;excitement;joy
edyy95w;Then I'll be accused of being a racist.;realization;surprise
eeqw6jo;Yet, the Blue Bell crowd still worships this half ass ice cream, full of artificial flavors and HFCS.;neutral;neutral
eesptz5;Lol it's a public sidewalk, I wouldn't call it their set ;disapproval;anger
eeh4hjb;Love me some sushi! Have yo give this a try!;love;love
edsoyjt;That's literally impossible.;disapproval;anger
ee3b3om;What a game.;surprise;surprise
eesw882;Hey quick brag, this post was read by [NAME], episode 63! I'm actually really excited, he's one of my favorites.;excitement;joy
ef5kfio;Ah TDS victim, got it.;approval;joy
edwijml;What a horseshit response;annoyance;anger
edqm84u;It still hurts 15 years later. I don't know how people can be so callous their own child;neutral;neutral
eemmm7m;So he is half decent. Glad to see your finally making some sense.;gratitude;joy
edexigy;[NAME] I wish that was a more active sub  (;desire;neutral
eeptpbk;Asides from the max number of choices each share, probably being shamed on the internet;neutral;neutral
ef9w70e;Just borrow against your 401k, it would be stupid not to. Unless you plan to retire in hell.;annoyance;anger
ed2a2kf;Recently Retired cop here. I love to see this. This is what he’s fighting to stop.;love;love
ee89dm9;Best sub ever;admiration;joy
edc7mxw;I want Cowboys and Bears to win so the Raiders draft picks are at best picks 25 and 26;desire;neutral
efbap5u;oh the irony;amusement;joy
ed6wzjl;They would be part of a nation controlled by the media.;neutral;neutral
edzorzo;You can't expect him to like food;disapproval;anger
edlbell;Good idea, brought to the table by a questionable at best minister, likely for the purpose of shifting focus away from his failures. ;admiration;joy
eduppyb;i think the telekinesis could make a great card. sth like  move an enemy card to another position and stun its new neighbors for this round.;admiration;joy
eedhapw;Thoughts and Prayers... Go get fucked, fascist redneck scum!;anger;anger
eea5j35;Maybe you can't, but plenty of other people would be able to.;approval;joy
eda4fz8;Trier is low key an awful defender;disapproval;anger
eczopuk;I cant wait. I'm curious if it will give us any more insight into the incident other than what we already know.;curiosity;neutral
eepa77e;"I remember when wall Wal Mart tried to ""overtake"" the German market. Eat this Wal Mart.";neutral;neutral
edrfm6u;Omg I just looked it up and all the places look so beautiful there 😍 also I’m sorry that it’s homophobic;admiration;joy
edw7tfe;This is something kids do on their twitch streams to get subs, pretty sad.;sadness;sadness
eemx4xv;Yikes I cringed hard;surprise;surprise
edxcvu6;Every time, lots of people overwhelm me. I have light sensitivity to florescents so that doesn't help. ;disappointment;sadness
efedj58;What does Obamacare have to do with that? [NAME] dropped the employer mandate because he was afraid that [NAME] wouldn't like it.;neutral;neutral
edmtw2i;Wow you really can’t handle losing can you?;curiosity;neutral
ed69opz;ATTACH THE STONE OF TRIUMPH!!;neutral;neutral
edh3koj;No idea but as of last year there was a cat that liked to hang out there. Hope he’s okay ❤️;optimism;joy
eeatwen;[NAME] can be my friend!;neutral;neutral
edku2ui;Cheers to that, girl. 🥂 ;admiration;joy
ee00nbw;It inhales you ignorant octorok;annoyance;anger
edi0iyi;How dare you, she's in your flair too!;anger;anger
eewqead;You don’t know how many screens it’s playing on in his room;neutral;neutral
eezysgj;But the best part is the struggle snuggle as we like to call it.;admiration;joy
eekmrq2;Seriously?;curiosity;neutral
edckc5y;That's a maryland fan comment. You should be ashamed of yourself.;embarrassment;sadness
edocjeg;Bless you.;caring;love
eeolz09;Dumb question  what's a gilding train?;annoyance;anger
edk8sml;The wage, you Fucking troll. But you don't care do you? See your post history.;anger;anger
ee07cnm;Happy MLK day;joy;joy
edqugi0;Good point. Thank you. My condolences for your own loss.;gratitude;joy
efdo0kd;Same.. If I'm particularly stressed out someone just walking down the same road as me feels like they're invading my space.;approval;joy
edg883j;Why yes that ass is flawless;admiration;joy
ef15dzw;im done with my break im going to make more i promise;neutral;neutral
eebhh3i;No, he's fine. It doesnt compact;neutral;neutral
ee28cvi;RNG-based access to very important mechanics is frustrating for some people.;annoyance;anger
edhe80f;It is. It’s so bad. Then I start blaming myself for liking them. It’s like I have no control over this.;disappointment;sadness
eej1u9h;True.. but it just seems weird that of all the ways [NAME] could have died in that throne room, he was killed by being cut in half. ;neutral;neutral
edfx9dj;"As in when totalitarians show up in solidarity with those ""normal"" people? If you're attracting ANTIFA, you're not normal.";neutral;neutral
ef61iop;Yes I keep hearing it’s a great and eye opening read so it on my to read list. thanks 👍;gratitude;joy
edpqr05;It is certainly interesting.....but is it anything?.....;curiosity;neutral
ecznnld;2010  The Year We Made the Super Bowl;neutral;neutral
eeiq3ag;I love this cross-over;love;love
ef3ti8c;I’m scared of shots, but I’m more scared of dying. What Anti-vaxxers are scared of is autism;fear;fear
edlk5b6;Have you pulled an updated Batch Guidance sheet? If your tossing a lot of coffee out, it sounds like you might be brewing too much.;neutral;neutral
edhrxvs;It would be cool but I like his commentating too much lol;amusement;joy
eexntdi;Gotta love acid;love;love
ed518pl;nothing special? I drop stuff like this mate;curiosity;neutral
eesh37s;This does not have to be juice I don’t think. Six months is a long time;disapproval;anger
eejm66x;Some very fine, well developed grade school humor right there.;admiration;joy
ed9vdk1;[NAME] is clearly our 5th best player;approval;joy
edz8oyc;Thanks [NAME] for holding on to our $17.5M. We will be needing that back though.;gratitude;joy
ed6rggk;Wow. Thanks for this.;gratitude;joy
ee0v4vb;Maybe I’m unsure of that;confusion;neutral
efdtck5;I agree with this, but I'm guessing it's because he works from home and can work anywhere while she can't.;approval;joy
editctb;Well everyone is entitled to their opinion but I think you need to be a bit more mature about everyone having different bodies;caring;love
eetpk59;Try honing I’m on your art skills! Wood carving, wood burning, mosaics, stained glass, painting, etc. Sell your work!;neutral;neutral
eesiv1o;I'm as big a packers fan as the next guy, but that car is ugly lol;amusement;joy
edmz6i7;I'm guessing that it maybe due to being overwhelmed w/ responses and having a relatively small staff to go through all the forms.;neutral;neutral
eek84mm;American democracy is weak but it's not dead. If the intention of your comment was to discourage people from voting then you are the problem.;annoyance;anger
ef4kdji;This will not happen bru;neutral;neutral
ee6fjot;Well done! Keep it going mate. If you’re struggling reach out to whoever you can!;admiration;joy
eeu0cdq;Glad someone brought that up.;joy;joy
ed7v95i;Ahhh, I see it now. Thanks.;gratitude;joy
eddch4h;You’re a life saver, wish you a blessed new year ;admiration;joy
edv0wb8;Congrats on the sex!;admiration;joy
ed3kh4x;Nasty, nasty, nasty... Really *can't* understand why she is a 300lb human. s/;neutral;neutral
ed6jp9y;So which is more profitable for producers, brick n mortar or digital distribution? Which makes more money?;curiosity;neutral
efh5cxc;yeah I agree w you, just annoying that the limit is so small;approval;joy
eei4c0i;That doesn't answer my question.;disappointment;sadness
efe6lvg;I'm sorry you needed to add this. I thought your humour was pretty obvious, but this is reddit....;disapproval;anger
edxjj1s;Firm, but gentle. Baby hamsters or live goldfish. Soft female hands caressing my balls is a wonderful feeling. ;joy;joy
ee81x6o;All the people in this thread are fucking disgusting;disgust;disgust
ee2zm4w;Sadly enough I was thinking the same.;remorse;sadness
eeykr1i;you dirty karma theft;anger;anger
ee2t6h9;I do but I like my job. I just hate the fact I HAVE to go do it.;neutral;neutral
eehmhml;College basketball just big leagued the UFC. We've to wait for it to finish I think.;neutral;neutral
eeek1mx;SHE. IS. THE. FUCKING. WORST. P.S. You’re not fat, you just need a stylist. 🙄;anger;anger
edfkdv6;I've seen that profile picture before..this guy is a repeat offender;disapproval;anger
edoerl4;Yes! My SO does that, unfortunately the requirements are stricter and I can't  (;disappointment;sadness
ee2n1yl;No because thats stupid;anger;anger
eet8raz;Lol I hate this too!;amusement;joy
ed157d1;I feel a sense of unease tbh;nervousness;fear
eeq0hvh;middle of lane is dumb that’s where all the oil pools, lane split seems like no one likes it but that’s more understandable;disapproval;anger
eel8rcb;That doesn’t even look like her! Except the [NAME] in the background, now that’s the one we know and love.;disapproval;anger
ee2deqk;Oh that's good!;admiration;joy
ee8d53d;I believe it was clear I disagreed. And I don’t play wow.;disapproval;anger
eczc44a;Let's get things back on track! Happy new year!;excitement;joy
edhaghb;This is exactly what it's been like. I feel personally victimised by it all;sadness;sadness
edbyeqs;Enjoy it! You have a good one for your first!;joy;joy
eefr21i;When I get real pissed I just do R2 then R3 after lol.;amusement;joy
edy3eip;I love how their comparing [NAME] one shtick (not including highlighter) to the comedy skills of queens with actual performance talents.;love;love
ee5e2ch;You mean anti-intelligent;realization;surprise
ee4ghbt;That's not cute;disapproval;anger
eetydf3;I'm glad you did because this was the comment where I stopped my fast scroll haha.;gratitude;joy
edbhns9;damn that kid can jump;excitement;joy
edaovju;Yow thats gnarly.;fear;fear
edy0cv2;Trade [NAME] and see if he plays [NAME] over [NAME]. let's see what kinda coach we're dealing with here.;neutral;neutral
ee1za9n;He’s had nightmares ever since the storm;neutral;neutral
ee5r8iv;you in the wrong *childhood*;annoyance;anger
edenhhr;shockingly close to reality.;surprise;surprise
ed4k8p6;Hold up you saying you wouldnt do that to the necromancer?;neutral;neutral
een4igj;Don't chase after out of position teammates. Your life as a Mercy is more important. Let them fools die and learn their lesson.;annoyance;anger
eezqut1;But what’s the point of not having the brakes?;curiosity;neutral
efd6sfn;Great post! I have tried online dating in the past and I've noticed these things before.;admiration;joy
ed23cfo;I’d be verrrrrrrry nervous if we hired him. Would love him as an OC tho;love;love
edff0vj;Everyone’s ageing on here like the milk my flatmate left on the kitchen counter over the holidays;annoyance;anger
eethju6;GINO!!!;neutral;neutral
eeuhwe8;Out the playoffs [NAME] already showed he can't lead that Pacers team when [NAME] went down.;neutral;neutral
eezyqc9;Still can't see. Thanks.;gratitude;joy
ee3rlc5;Your TLDR sucks;disappointment;sadness
eedglkc;I wondered the same thing. I never knew that this is a thing.;realization;surprise
eeiiqqy;I like this new trend;love;love
ef7zuz6;"I'd buy this and use the ""wash, dry, fold"" setting exclusively. Sounds great to me. ";admiration;joy
edfn647;Best bedtime Christmas story ever.;admiration;joy
ed41kh0;Hey it’s not bad though! Quick recovery, just follow their rules! Good luck!;optimism;joy
eee4pu3;Hmm, I didn't notice that change ... will pay attention ..;realization;surprise
edftlbc;... that's simply wrong.;disapproval;anger
eddznws;I think for some reason she thinks the money out weighs a normal childhood for her daughter.;neutral;neutral
ed77gkb;This is like the timeline from hell.;annoyance;anger
ee9uyrp;Really worried about NISA translating it, but at this point I don't care any more, as long as we get an english version of it.;nervousness;fear
edg7f4i;Don’t forget to re-equip them for every specialist every time you prestige too! Oh and the emotes too if you like donating kills!;neutral;neutral
efbgsvp;It's also complicated because a lot of videogame media outlets quote him;realization;surprise
ed57fbo;It was some other girls;neutral;neutral
ef6apnc;No because it's been a steady decline over 20 months.;realization;surprise
eek943o;Witness me, I will ride historic, dusty and lacquered, on the country road;neutral;neutral
ef6a67r;The food you are putting in your mouth is causing obesity. Stop abusing it. A higher body weight is the cause of your increased risk of ILLNESSES;caring;love
ed4q326;She's been fired and shamed out of existence. Good riddance.;annoyance;anger
edrfn03;They r playing;neutral;neutral
edsg1hv;There's no excuse for him not reciprocating it's pure laziness. What about a 69?;curiosity;neutral
ef60nhs;Mmm... chocolate weekends are my favorite.;love;love
edo5ajh;R4, 9. You’ve had many chances. Banned. ;neutral;neutral
efbq35w;Aw thanks!!!;gratitude;joy
ef2jec1;I love music but I haven't given a shit about the Triple J's Hottest 100 in at least 10 years;love;love
ee1e2ur;Does windows xp count as odd or even?;confusion;neutral
efawt35;Quite superpower you got there, op. Reminds me of [NAME] in Unbreakable. U beautiful person!;admiration;joy
ef1wsmt;Keep going man. I’ve been enjoying reading your posts. All the best!;joy;joy
eczd32o;This thread was actually inspired by one of your comments;admiration;joy
eeyvqsj;I saw it when it was at the Mackintosh Church in Glasgow, it’s pretty impressive. ;admiration;joy
edijcfx;Ghostbusters 2  ghost-bustier ?;neutral;neutral
eeuvx9l;Cheers!  );neutral;neutral
edjbv38;Oh, the show that had [NAME]? Yeah screw him.;annoyance;anger
edf5kgz;That’s better -) now go get em tiger;approval;joy
ed84nf6;This would be very much appreciated.;admiration;joy
ef88l23;Damn, sometimes I love people here. ;love;love
efa66c6;> If you actually believe they are still a threat oh, if only it *were* up to me...;neutral;neutral
eelf3mi;ha ha LOL guys aren't we so QuIrKyyyy;amusement;joy
eep7icf;Grant us pies, grant us pies.;neutral;neutral
ede19cv;That's what I came here for, thanks;gratitude;joy
ef6nz0w;He doesn't actually run a 4.49. It's a little deceiving because he's pretty sneaky, so I can understand you being confused.;confusion;neutral
ee7om6v;Please enlighten us;neutral;neutral
eejmvk0;i got the auto reply a day ago;realization;surprise
eddb1k5;I like her too! I hope she does well and stays away from [NAME].;love;love
eda3f69;What u doing dame;curiosity;neutral
ee54usn;Thank you so much. I fixed it;gratitude;joy
eecefqy;I have already played with one friend, and we get along. But there was another guy i haven't played with before.;neutral;neutral
ee7zve6;No thanks probably stank af.;disapproval;anger
ef6v0n5;As someone who has polluted their body with copious amounts of sugar, I somewhat doubt steroids are any worse. Abuse anything and it will hurt you.;anger;anger
eevm994;. I’m a dude so I took sleeping medication and meditation alike, not respect/reverence for one day dammit.;neutral;neutral
eev17hg;I love [NAME] already;love;love
eeuenby;I really like this ring so I’m glad to hear that.;admiration;joy
ee64day;I'm just really sad all that cake was wasted.;disappointment;sadness
ef78dhw;wow this seems like a huge ᴡᴀsᴛᴇ ᴏ- ᴡᴀɪᴛ ᴀ ᴍɪɴᴜᴛᴇ. ɴᴏ, ᴛʜɪs ɪs ɢᴏᴏᴅ;admiration;joy
ee3am6p;Okay rude. Leave [NAME] alone and where he is please. I’ve been rooting for this kid since his first match.;neutral;neutral
eei9k22;Thank you  );gratitude;joy
eeykk40;there's a lot of lol revs people whenever [NAME] tweets something like this;amusement;joy
edrb874;Keep your head up;neutral;neutral
eed5kj3;If you sprinkle when you tinkle, be a sweetie and wipe the seatie. #peetoo;neutral;neutral
edqdi7q;... I don't feel like your comment is from an objective point of view... Thanks though.;disapproval;anger
eezf4l0;Not sure why [NAME] didn't foul to stop the fast break there;neutral;neutral
efcjfhv;*french canadian fuck. They are the only ones who use it even though pretty much any french speaker knows what it means;neutral;neutral
edfqwpl;Honestly right now I just need to know why our usernames are so similar. Haha...;amusement;joy
ef0ekxx;What a beautiful memory for you to have found. So sorry for your loss ❤️;sadness;sadness
eetji37;Thank god I'm not dating anymore. I wouldn't want to risk some girl I'm trying to bang seeing my reddit history.;gratitude;joy
edwby1b;Yes, thank [NAME] the wisest of [NAME] live outside your country;gratitude;joy
edyp9kw;Dam 😣 that was awesome!;admiration;joy
eesrvl4;Yes owe I believe 13,000$ something on it currently.;approval;joy
eds4we5;You give me too much credit... That comment is as trash as the meme;disgust;disgust
ef1e1yw;Just keep a spray bottle of rubbing alcohol on hand! It melts the ice and doesn't freeze.;neutral;neutral
eebqyhe;Wow, really have to hand it to you on knowing 6600 S Harvard beautiful big old homes down there!;admiration;joy
eeu00m5;“I couldn’t, I wouldn’t” you said it  );neutral;neutral
eel3kty;Is this coming to ps4 at same time?;neutral;neutral
ed9rp2v;No thanks, he’s already been flushed;disapproval;anger
edi86iy;Honestly his post was a little sad. The fact that it got upvotes makes me want to avoid this sub over the summer.;sadness;sadness
edvvxsi;At my job I can/Do get laid a lot so the second one!!;approval;joy
ee595r5;Wtfffff why can’t I have all of the benefits and none of the consequences  (  (;curiosity;neutral
ef8g3xn;Yeah that was inexcusable;anger;anger
eegllgr;I made one comment, and you came in to call it childish..... like, what else are you doing besides badgering?;annoyance;anger
ee5k87m;How generous  ) you must really make them happy. Good on you for that;admiration;joy
eeas1ww;Thank [NAME] for the person walking down the sidewalk otherwise i would have thought it was a loop immidiately;gratitude;joy
efeypoc;Taking deep, measured breaths usually helps me regain my composure ;neutral;neutral
ed0g64t;Lol they’re so caught. “It’s not what it looks like! We hate each other!”;neutral;neutral
edin9x8;Haha I didnt even notice. I guess it does.;amusement;joy
edopst7;Thanks fam jam.;gratitude;joy
eep1n34;You will have symptoms for a few more weeks while it kicks in, good luck, glad to see youre doing better;admiration;joy
edlwtmi;Omg actually?! I mean no judgment , I am just SHOOK ;curiosity;neutral
eexpxup;He loves buying people beer. He got into that industry to buy people beer.;love;love
edpp00u;Nuh uh. She didn't go to Gudger College.;disapproval;anger
edlu920;Offense does too. Love [NAME] but he's hurting our spacing being out there so much.;disapproval;anger
eeuu080;Yes, you do live in a clown world, laugh it up, degenerate.;amusement;joy
ef0if98;Online gaming is toxic. If those cuts were ever tapped, there would be lots of people in jail.;disapproval;anger
ee6ezx6;Thanks. I'll be phoning the psych tomorrow (maybe) about med increase since I'm on the lowest anyways.;gratitude;joy
eet2ewq;CANADA! HOW ARE YA, NOW?;excitement;joy
eeisdww;I can see the place where I grew up on here  );excitement;joy
eev1ezo;TURN OFF YOUR ELECTRICAL DEVICES AS FAST AS YOU CAN;neutral;neutral
efe156e;...I mean, that part isn't necessarily wrong. It's Iowa...;approval;joy
ef5twgn;Nor are they common in the UK. Never seen one in the middle.;neutral;neutral
ef6qkdz;They should just give us the cup now and save everyone some time;neutral;neutral
edmkm90;I think bluey is quite possibly the greatest kids s how I've ever seen So quintessentially Aussie, nails family life, funny as hell. Love it;admiration;joy
edoifzo;This is gonna get worse before it gets better.;neutral;neutral
ee2r02p;Do you.....have a certificate showing you're not a donkey-brained man?;neutral;neutral
edyy1ug;As a whole, yes, if it wasn't for Classified being the greatest thing to come to zombies since bo1, then I'd have to agree.;approval;joy
edb7ayh;what a beast;admiration;joy
ee0tuha;Love this guy, love this team;love;love
ededips;Right on [NAME] having a big year, but [NAME] was super disappointing this year.;disappointment;sadness
ef5y9zz;It’s not even bad. Some people love dark humor, especially when delivered in a super serious way.;approval;joy
efbnehf;I only watch bad animes sorry;remorse;sadness
ed69lg9;Man I love this team. No I hate this team. No I love this team!;anger;anger
ee07snh;Thanks for this.;gratitude;joy
eenppj1;You have a talent use it, take your time would love some pop kids melodies etc subscribers will come for sure;admiration;joy
edsf1m0;woah this is a reversal of the norm you took a meme from instagram to reddit;surprise;surprise
edpuk1k;[NAME] and [NAME] = The hero's we need, but not the hero's we deserve.;admiration;joy
ee9tj5y;Yep, just back to how it was before, but this time with little public support as we are all pissed of with it all;neutral;neutral
edz2ad6;Dude this is a repost from [NAME] you can see When you go into the comments;neutral;neutral
eeyqq0n;Nice try Mommy shark;admiration;joy
ee5wijm;"And ignoring how ""magic"" works in the same way you support your arguments.";neutral;neutral
ed10lme;I’ve still not noticed the kid;disapproval;anger
ed7s5q2;But for real. Like, phones, you guys. Am I right?;confusion;neutral
ee0ot74;Wonder if it’s possible for [NAME] to engage with a polite fan in a magnanimous way.;surprise;surprise
eesk1yq;Also op I have my associates on top of my bachelors? Whatchu mean;curiosity;neutral
ed71zss;I for one am happy for [NAME] ballin out. Now let's go win this game !!!!;joy;joy
ef2f4rk;If you think all manufactured foods haven't got those contaminants then you're sadly mistaken.;disapproval;anger
ef7xtx1;Just search her in this group you will find tons of info to see why people think that. I don’t have time to type everything out;neutral;neutral
ed9048c;4 x zero traction is still zero traction.;neutral;neutral
eem32qe;I love how he looks around for a flag and doesn’t celebrate at first;love;love
ee8pp9d;This a very obvious joke. Also the old facepalm picture doesn't make your post better.;amusement;joy
ee9uqp0;Stay in bed and binge watch a new show, my suggestion Brooklyn 99;neutral;neutral
ed1ueow;Way to go! I know who this couple is! they appear really happy!;excitement;joy
eevt49v;He is but he's a normie. A 2/10 would be treated like a pariah at a dance class.;neutral;neutral
ee62pd0;O cool noworries ya I don't actually hate [NAME] he's now my favorite player for Vegas.;admiration;joy
eetmkpj;"Could you explain what you mean by ""both sides"" crap?";neutral;neutral
ef2iwau;Omg I commented on your original post. I hope you’re doing better and I’m glad this all came out and you got closure.;excitement;joy
eekvv10;Right. He didn't even say a word. I feel like I've seen this before tho.;realization;surprise
eedhn01;And we'll be surrounded by friends;neutral;neutral
eezbeey;The Future is BIG!;neutral;neutral
ee5si11;[NAME] have a solid minute lol. [NAME] can’t sit at all tonight;neutral;neutral
eex001x;Intersectionality might seem strange at first, but it really is a good framework for understanding people’s individual struggles within the context of society’s biases.;admiration;joy
efb6i6p;We’re used to crazy cold weather but this is much worse, a lot of people are just staying inside till Thursday.;disgust;disgust
efh991r;ironic/profoundly tragic. tomato/to-mah-to;neutral;neutral
edpjecw;Personally really enjoyed it. Have it in my top 3 AC games with AC2 and Black Flag in there too.;excitement;joy
edgkren;Did anyone see [NAME] get pushed around by [NAME] and [NAME] in the post win lineup? I burst out laughing!;amusement;joy
eei49lr;Your friend must have had a horrible time writing papers if adjectives like that were off limits;neutral;neutral
eeruwjf;That's quite a lot worse tbh;disgust;disgust
eeo1z6a;Listening to his speeches are truly moving!;admiration;joy
ef10f3j;I know right. It feels really good when someone acknowledges your existence. I hope more moments like these come for you.;approval;joy
edp09u3;Sad, but American;sadness;sadness
edd0336;Wish they would of given air vehicles some love. A lot of ace pilots hated the game.;desire;neutral
ed5q5vt;I love it;love;love
eexn2nw;Not in the slightest. Who would have guessed the [NAME] would do this LMAO.;amusement;joy
ee3d1ba;Wow. Did u say yes?;curiosity;neutral
ef0evbq;His returns or his W2?;confusion;neutral
ed22chg;Wouldn't the powder be derived from the crystalline MDMA?;neutral;neutral
ee1it4r;Omg two little blankets for your penis. LOVE THAT.;love;love
eeuib3e;I like how people are downvoting when this is how so many military coups have happened. I challenge those who downvote to prove me wrong;love;love
ednrzku;Yep. In Sixth grade a boy named [NAME] just stabbed me in the stomach with a pencil.;neutral;neutral
edvaz3h;Wow, I remember having this kind of meal a lot as a kid. ;realization;surprise
ee7m9oa;Wow that’s like - sound porn.;admiration;joy
ed9b9rk;if only we could blast this type of stuff out there for everyone to hear, then we might just get get those neo libs to the realization.;realization;surprise
eehrx63;lmao I love this, I love speaking nonsense to myself as well;love;love
efd87fw;RandM is still a good show but it's fans have driven it to Fortnite levels of annoyance.;annoyance;anger
eeie58f;Personally though I like to think of myself as a normy or a snowflake just without negative correlation. C ;neutral;neutral
eerzrs0;The bitch doesnt need drag race (bc shes amazing) but im still sad.;admiration;joy
ef4jqg0;Download it again.;annoyance;anger
edhvqgi;Being lonely without him is far better than being lonely with him. Good line. I'm stealing that one!;annoyance;anger
ef4vhz8;I don't think either of them took that bump outside any worse than the other. That was jarring.;disgust;disgust
ee2stul;some people just want attention..lol;neutral;neutral
edhqcy6;Youre right...shes one of my least fav characters. I think they use her as a straight foil in alot of episodes.;love;love
ednpjrt;i'll take 2;neutral;neutral
ee9fkxa;FANTASTIC, was watching this episode last night. [NAME] is great.;admiration;joy
ef38hb3;BUT SHE WENT TO A HISTORICALLY BLACK COLLEGE AND IS PART OF A BLACK GREEK SORORITY!;neutral;neutral
ed52bpo;PS4 with pure vanilla setting, after a little practice counter GB and feint is the easiest thing to do;approval;joy
efals5d;We’re a second half team. We got this. COYG!!;neutral;neutral
eeg5e0m;I mean, sept is a prefix for seven. Even if it isn’t the right one for that problem...;neutral;neutral
eedvdw2;"""Correlation is causation as long as it doesn't lump me in with them!""";neutral;neutral
ed24e6s;Sorry to hear about that and hope you have moved on.;optimism;joy
eeb4nc1;Canada is full of nice people, but has also produced some pretty gnarly serial killers, so...;admiration;joy
ee3hy4t;Nobody should keep any around that is this ass-cracked to oblivion.;neutral;neutral
efgetp6;Presuming you are in the mitten as well. Solidarity sister. My house too looks like a bomb went off and my toddler hates clothes.;neutral;neutral
ef5rhti;This. This is too realistic man. Too late for this too.;neutral;neutral
ednka3u;Organs are literal superfoods and it weirds me out there hasn't been some fad diet with them yet.;annoyance;anger
eejyw93;You too huh?;curiosity;neutral
ef4dty9;toxic players will sure show you the ways soon enough. Hope you got the game for free.;optimism;joy
edh8rqu;[NAME] is Television. Got it. He's too misogynistic to be the Patti Smith Group.;annoyance;anger
edhb7vy;Great! I hope we can make our loan system work better;optimism;joy
ef77a77;Super glad this is now all nice and official! Really looking forward to working the NGS peeps!;excitement;joy
ed99sin;I have 3 words. More Material Needed.;neutral;neutral
ee8zbr7;Word salad. You want America to do Afghanistan's job for them. It's not happening, those days are over.;annoyance;anger
eewa5x8;I could but it's been a few months so you'll have to one;neutral;neutral
educxt4;Rice grad here, can confirm, am owl.;approval;joy
edqr2i2;I’ll join your cause brother!;approval;joy
ef8nzih;Yea no problem just be aware that when you are trying to aim at someone it can lock onto the wrong target because of the bigger lock on area;caring;love
ed17zbx;It's good if you hate workers and love pollution;admiration;joy
efg1yib;Is anyone forced to work in prison?;curiosity;neutral
edbrb0h;Has he?;curiosity;neutral
ee5ml7l;"""You should be so lucky."" Bonus points if they get confused. ";admiration;joy
eek85lm;Outrage over something that isnt even true. Thats sad man Edit  well the bandwaggoning part is true;sadness;sadness
ee8x4ik;he's a con artist. they're pretty good at making themselves sound smart and capable.;admiration;joy
ef40wdc;Some Leftist ideologies frown upon SocDems as counterrevolutionary. Don’t agree with it, but that’s the thought process.;neutral;neutral
eeb5zu1;Same...except that I'm not good looking  ;disapproval;anger
ee11xcz;Dump her. Shes not committed to you;neutral;neutral
eehej6e;[NAME] sweetie i’m so sorry;remorse;sadness
edlnuv8;His army of Swedish blondes are going to be upset.;disappointment;sadness
ee48sp2;>Sorry, but any city that had any kind of ~~epidemic in its~~ history will have bunches of dead people buried under it.;remorse;sadness
eek1z6m;I agree. There was just a big disconnect. They weren't talking specifically about masculinity but about certain situations that are toxic.;approval;joy
ee8t7eu;Similar but I don't think identical to this;confusion;neutral
ee0xvmh;This makes me so happy!;joy;joy
ee51w6p;our boi famous;admiration;joy
edanmu0;Yeah... THEY are the one looking for attention. This type of comments should be ignored. I hate troll comments.;anger;anger
edjoq9b;"I saw a lot of it on Tumblr. A lot of young girls doing the ""ana-butterfly"" thing. ";neutral;neutral
eett24v;[NAME] fan mad, very mad;neutral;neutral
eelzr6g;I disagree. In that I believe that season 3 was also very good. I think it's better than season 4.;disapproval;anger
edu8m20;We're one in the same!!!!!!!!!!!😂😂😂😂;approval;joy
ed22fxd;Nobody likes you nonhuman mimics and everyone knows what you are.;annoyance;anger
ee7s1jk;Hold my wine, I have to go vomit in sorrow. ;sadness;sadness
ef9247g;The Mavs would probably have to give up some picks as well;neutral;neutral
ed9m8n5;Good. They can afford it.;admiration;joy
edm5gw8;You'll find a few down South, too. No surprise.;neutral;neutral
eeb9saw;I know, I know, but CAN YOU BLAME ME FOR BEING NERVOUS;nervousness;fear
edi90li;You are. It's the cat. She looked away right when you turned the camera over towards her. She'd deliberately trying to mislead you.;neutral;neutral
ee4nerr;My wife would say that all of the above and another dozen more are cheating...and she wonders why I’ve fucked other women...;surprise;surprise
eec3w8z;Please correct me if I'm wrong, but I thought that the name changes had more to do with legal issues then geographical ones.;neutral;neutral
ed3bjn7;Exactly. So many people live here because they love public transit. It is an ammenity. NJ is not trying to make a profit from the PATH.;love;love
ee3056i;And that he’s not white;neutral;neutral
eeixbxm;Didn't even take a sip of the wine, and he still got wasted. ;neutral;neutral
ed5hgei;This really circled my jerk;annoyance;anger
edilkoj;I try to get close but I get pushed away. I try to back away and now I've just backed away.;neutral;neutral
eenkjpw;To match the Mets green st paddy’s jerseys;neutral;neutral
ee7cppv;Got me spitted coffee all over my phone🤣;amusement;joy
ef25n7n;I'm my parents' first and only child.;neutral;neutral
eeq098c;I honestly loved her performance as [NAME] in Scott Pilgrim. But then again I also love Scott Pilgrim so...;admiration;joy
edjw23t;Just like that fucking idiot that was just trying to kidnap that woman, and chased her into a Karate studio... turned out just about the same.;anger;anger
edhg1ez;Love the alliteration here.;love;love
edio9lx;Try Venezuela. It's your communist utopia in action.;optimism;joy
ef1r7bj;I'm not saying to hate them, I'm wondering why this sub just started worshiping them.;surprise;surprise
edbejsl;Had to sober up before I could figure out YouTube, but that was amazing.;admiration;joy
ee17ydn;Ugh. [NAME] [NAME] (another British celeb);neutral;neutral
ed6jdms;Why is it that EVERY SINGLE TIME ONE OF THESE HAPPENS I’m only like a day late;annoyance;anger
eeglpk0;>Shouldn’t the Bible be infallible No. That would be idolatry. Only [NAME] is infallible,;neutral;neutral
eejyop4;Thanks for the help.;gratitude;joy
eek6uzl;It’s the format. It’s like one of those bad [NAME] memes;disapproval;anger
eeatz37;He's not sure it's still relevant.;confusion;neutral
eeowf30;Sorry you can’t enjoy things cause other people enjoy them lol. Your loss;amusement;joy
eeb4jqw;My jersey has the great number 10 on it!!;pride;joy
ed75faf;No doubt would start at wing. We need help there and it would help ease him in;neutral;neutral
edjh8yp;She was 100% more likable on the tell-all than she was in the show. She may deserve that sweet husband of hers yet!;neutral;neutral
eeoi9xd;This just makes me feel inferior at this point.;sadness;sadness
eevmcy1;Terrible shade of lipstick she's wearing...;disgust;disgust
eemxweq;If a crime is committed, you can contact the police and report it.;neutral;neutral
edlg2g9;Right. The mantra at my school is that we don't give grades, kids earn them.;neutral;neutral
edgdc1b;Lmao, your joke did not go unnoticed to me!;amusement;joy
eew2h48;All I can say is.. good luck bro;optimism;joy
eeozdy2;Hm, I haven’t heard that opinion before but it sounds good. Thanks for the advice!;admiration;joy
efczfib;We were all that way when we were 17 too;neutral;neutral
eer5uny;Oh of course!;approval;joy
ee6ygil;I think most of these pictures would be much scarier if we had the perspective of the guy;neutral;neutral
eejga22;Hurr durr everyone needs to worry about other people’s problems;sadness;sadness
ed0eze5;Before he was riding a Bronco he was riding your mom.;realization;surprise
ef335nm;Physical copies at my preffered online retailer actually sold out. Its crazy. For all platforms.;admiration;joy
ee9auvu;Officially worse than Telkom. Well done vuma;admiration;joy
ef4bv31;Parents drugging their kids to prove a point. I love it.;love;love
ed6dtg0;Wasnt much to ruin.;neutral;neutral
ef8yr9t;Wait, they're not? *looks closer* Huh.;neutral;neutral
ee4qza1;Article is behind a pay wall;neutral;neutral
edk98na;In many states the law prosecutes the server just as harsh as the lawbreakers when it comes to alcohol. Dram shop law;disappointment;sadness
eejhkyi;You're in the wrong subs;neutral;neutral
edx6l0q;"Haha, some days I channel Dory from finding nemo- ""Just keep swimming, just keep swimming"". Glad to hear you have a break coming. ";joy;joy
ee2hvy8;[NAME] being discussed as top 15-20 pick, [NAME] top 5 and [NAME] early round 2. This would be the most amazing draft ever though lol;admiration;joy
ee48rqi;Yet we keep supporting this race to the bottom to the worst tolerable option...;approval;joy
ees63et;Yeah that's what I just got. Fkin annoying.;annoyance;anger
edvintk;I love reading positive stories!! Happy for you, OP!;joy;joy
eddiw7j;You’ll struggle to get premier league tickets (without paying a hefty premium) so concentrate on the lower leagues.;caring;love
eeur211;Between POM, Mata and Stockdale for me;neutral;neutral
efckr9y;"I believe it was the ""Master Batters.""";neutral;neutral
eejtxit;And I taught my room was dirty and that I was not taking care of my self. Good job op;admiration;joy
eenoif4;Pretty sure it was New Orleans.;approval;joy
edusj67;KUBIAK WHY HAVE YOU FORSAKEN US???;neutral;neutral
ed5lr80;I agree. I was merely attacking the fragility and ineffectiveness of democracy. Thanks for the example!;gratitude;joy
eep5ghi;I never understood the part where he dives into a pile of money, even as a child. It seems wildly painful.;curiosity;neutral
ee4t39c;Oh alright fair enough haha. If the sabres dont pan out I'll root for him also!;amusement;joy
edzj0ad;Please tell me that's not real... I haven't played the Assassin's Creed games... But do they really include such an obnoxious disclaimer?;curiosity;neutral
ee3ys82;Eh, says who? Anyway, I like being by myself. I'm by myself right now.;curiosity;neutral
efasb98;Ur a silly goose;amusement;joy
ee82djo;Funny how that works! Thanks for digging up the link, I've been on a 90s ska nostalgia trip ever since I clicked it  P;amusement;joy
edxn2in;It's actually pretty cool in here today, not hot at all;admiration;joy
eeocaf7;Thanks, I find your poor implementation of punctuation to be very amusing. It's good that there's something we can enjoy about each other.;amusement;joy
ef5wqst;This has to be a joke. Your written word is atrocious.;amusement;joy
eecq3gq;Hey mods... let's not allow articles pushing unsubstantiated rumour from poor sources;disapproval;anger
efgxh3e;Why not? Just go for it. It'll make a great story to tell at your 50th wedding anniversary party.;admiration;joy
efesg4v;"I've said it before, and I'll say it again. ""I don't want fucking unity with racists who put children in cages"".";anger;anger
ee39888;This is an uninformed and incorrect statement. It doesn’t take even close to that long.;disapproval;anger
eeeod2e;Nah man I prefer endless cause of the part where he goes WOMWOMWOMWOMWOMWOM WOOOOOO REEEEEEEEE like that's lyrical genius right there;disapproval;anger
ed7bg31;Feeling is exhausting. They used to feel those things and now they feel nothing because they're so burnt out and tired;neutral;neutral
ef3dwfh;"lol, as he goes down on you he suddenly screams into your vagina ""THE BEES THE BEES"".";amusement;joy
edsfhji;Same outfit as the cute art school barista that works at my coffee shop;neutral;neutral
edlgwyi;That looks like food for a 12 year old.;neutral;neutral
eduq0t7;"""I have been abusive."" This was before I even realised his narcissistic characteristics. ";realization;surprise
ef6xdiq;What GDP growth? The one that barely broke 3-4% since 1984 and has dwindled to 1-2% to 0 to negative 1%?;curiosity;neutral
efabhr7;Ah man I finished RDR2 twice, so decided to try out GTA V and ran into [NAME] last night! Awesome character!;admiration;joy
ed0rtw0;Ah yes, the poison. The worst part of any poisoning. ;neutral;neutral
ef45pxs;Surprised to not see Three Arrows on the list when he went from no videos at all to over 100,000 subscribers just in the course of 2018.;surprise;surprise
efeharq;I don't remember, it was all very hazy...;disappointment;sadness
eemvd5h;Scary stuff.;fear;fear
ee0t7sw;I love this!!! You got it!;love;love
efh2ure;Do you think the kid was crazy or was the mom crazy? Or do you think it was a bit of both?;neutral;neutral
edplddm;But he makes her vagina sing! How else is she supposed to act around him. Haha;amusement;joy
ee4tyqq;are you a genji main cause i feel the same way;neutral;neutral
ed42lw0;He was a part owner but did he also make videos promoting the sites?;curiosity;neutral
ed2a1zc;I like your style, let's not wait on any historians to miss any opportunities. ;love;love
eeqqssr;Huskies are better than Malamutes fight me [NAME];neutral;neutral
ee10wv2;Starving in the belly, starving in the belly, starving in the belly of a whale;neutral;neutral
eermq7j;They had a similar panel last year. It's definitely worth a watch.;neutral;neutral
ee5lxcm;Better hope nobody steals your keys;optimism;joy
edtsc6r;What about fees? Much of the hit for a payday loan isn't interest, technically, it's fees. ;curiosity;neutral
eeavwqh;that's really good;admiration;joy
edpz1mo;Every time I see someone walking around with their toddler now all I can think is *poor basrard, he has no idea what's coming*. ;neutral;neutral
eelra1u;ooohhhh when he look at the camera at the end it's the cutest shit ever;love;love
edgi7as;But I think his feelings care about the fact that he's still not tall enough to ride any of the roller coasters at Disneyland;caring;love
efgk9m7;I love how serious and mad cats get when the dog starts messing around with them all playful;love;love
eets4yi;That sucks man, I'm sorry. Things will get better, they always do in the end;annoyance;anger
ee3jc0f;Ah ok, that makes more sense. I don’t think most [NAME] would see your last name and try to make it French, lol.;disapproval;anger
ed5qov9;Doubt that. Skins for [NAME], [NAME] and [NAME] don't change the shape of their wings, so why should they for [NAME]?;confusion;neutral
edeeh2k;More accurate, relevant map;neutral;neutral
ed3slrg;1.283 on a comment but I don't really go after normal posts for karma;neutral;neutral
edti4u8;I sure hope so! Otherwise, I've been in the wrong sub.;optimism;joy
edp9hn5;Yeah, sadly, looks like this champ will be pretty opressive. ;sadness;sadness
edz3irq;Just a minute... I’m late for GOLF!!;neutral;neutral
ed3b3sy;[NAME] is another worthless [NAME]. Utah is unbelievably stupid for voting for him.;neutral;neutral
eejmajm;Can’t wait for the saas drama!!! 😂😂;excitement;joy
edt92z8;Yeah I know what you meant. Fuck the police, most of them are vile pieces of shit, they deserve every kick in the back they get.;anger;anger
efbh146;What a turnaround.;surprise;surprise
ef8fdpa;I don’t really have much to say. There’s a bad idea, and there’s straight up disgusting.;disapproval;anger
edypypg;You should like a troll. Not saying you are.;disapproval;anger
eepo2rm;Meanwhile my sister won’t even hug my goodbye when I drop her off at school.;sadness;sadness
ef9xmcq;She does it again in last nights episode, it’s so shady!!;annoyance;anger
ee8a7k2;I definitely saw a tweet where someone threw their razor in their toilet. They’re gonna have to fish it out sometime...;neutral;neutral
eeks080;It's not free, though. It's ridiculously expensive.;annoyance;anger
ef6p64v;Heh, don't know how it was back then but I'd really suggest giving it a spin now - it's like life-consumingly good!;admiration;joy
ee126pg;That is patently false, considering his history of driving multiple businesses into the ground.;disapproval;anger
eeahjm5;It’s time for some moderator field work!;excitement;joy
edsvfti;Pretty sure you could do that with a cargo ship too, so I'm not sure I buy that argument.;confusion;neutral
efa1b7s;[NAME] has some great videos on the guy. He's definitely a piece of work.;admiration;joy
ef1wajp;Hahahahahahahaa (Sorry, that is all I can say, it does not require a more intelligible comment.) ;amusement;joy
ed2c3q5;A lot of software guys are. Source  in software;neutral;neutral
edzncyf;Oh. Damn.;annoyance;anger
eess7e4;Don't do that.;neutral;neutral
ef0f3mn;[NAME] damn hippies;annoyance;anger
eee2bou;Haha fair enough. Lucky you  P;amusement;joy
edkdcgk;I'm happy I live in a country where machete attacks don't have to be a real concern.;joy;joy
eehdhcm;Game of the conference season so far and ESPN screws up the stream with only a link to the game in Spanish?;curiosity;neutral
eehxep8;Right like interacting with each other having a normal evening? Ugh they’re both so trashy I’m sorry.;remorse;sadness
edrrcnt;Thanks so much! Im not sure if its directly from youtube its;gratitude;joy
eeldqa8;Now this REALLY sucks;annoyance;anger
eet5xym;Looks like this person just solved the world’s starvation problem. Get a Nobel Prize ready for them!;admiration;joy
ed96s6s;I wish I had known this when my kitty ran off years ago. 😭;optimism;joy
eefdruy;he's still alive?? didn't he die?;neutral;neutral
edczhh9;THIS BULLSHIT DOESN'T EVEN MATTER. SIGNATURE WIN. [NAME] SMELLS LIKE SHIT AND DOESN'T RECYCLE.;anger;anger
eexwew2;Pfft, you should see fortnite. I know people who have spent thousands of dollars on llamas and skins. ;neutral;neutral
ee9elfg;That would involve reading, and redhats aren't so good at that.;neutral;neutral
ef86qeu;This makes me very happy, thank you for sharing!;gratitude;joy
edn5knk;I was just gonna say this look like fake karma.;disappointment;sadness
eec1l0d;Furthermore the kids are staying with you and wife can move out of the family home and back in with MIL.;neutral;neutral
eemg9u4;Sooner or later you're both going to have to make some choices about your priorities.;neutral;neutral
edzvs4m;Thank you for your service;gratitude;joy
ef9k7r1;*OOH* *AH* *OW*;excitement;joy
ed0jl4d;They just need to clean the bathroom better.;neutral;neutral
edaxkmo;I don't mean at Blizzcon but shortly after, like a week, imo that would have been for the best for the players and everyone involved;optimism;joy
ee8yyum;Hello fellow Nashville Lions Fan!!!;neutral;neutral
eeus3jw;He said sexist not sexiest.;neutral;neutral
eeea7wj;Anyway, it's 00 33 am here at the moment, so I'm gonna head to bed. Thank you for reading and good night  );gratitude;joy
edcj1jc;On PS4 it's very toxic. I would imagine it is the same over on Xbox One aswell;neutral;neutral
edvhzyv;Did you maybe get Tag and Hide and Seek confused ?;confusion;neutral
eezro69;Honestly could be faster to just install ublock real quick.;neutral;neutral
edmsjfe;No it’s definitely you. Time for you to grow up.;annoyance;anger
edlh95w;Sorry if this has been covered a bunch but what happened on the play where [NAME] got injured?;confusion;neutral
ee6i2te;Butter bronzer-physicians formula and I HATE the smell. I haven’t really played w it but wow, so scented.;realization;surprise
ef4ygk9;I wanna take the hardware out of that guy's face with a pair of pliers.;neutral;neutral
eebwv1e;[NAME] follows me on Instagram so it's ok.;neutral;neutral
eer97tb;Girls super-like?;curiosity;neutral
ed3klo0;Couldn't have happened to a nicer person.;sadness;sadness
edezsgg;Some aren't. Either way it's a mystery how they obrained so many M1s.;neutral;neutral
eesyt7m;They don't even have that anymore, since [NAME] up and left the party.;neutral;neutral
ed5osdg;Definitely not just on this sub. I keep seeing them on Instagram too.;neutral;neutral
ef8wc1p;Do your research = listen to anecdotal evidence from users(totally reliable!) and try it out, just be comfy!;neutral;neutral
eecdxs6;A good therapist can lead you to talking about what you need to talk about once they get to know you and your emotions and trends;admiration;joy
edk1945;Idk if I’m wrong but I think they gave her some piercings on her ear which are cool too;approval;joy
eempnn3;As soon as I read the title the music for this game started playing in my head.;neutral;neutral
eejj25r;We're not a democracy. WE'RE A COUNTRY;disapproval;anger
eeghi3f;Needed a good laugh today 😂;amusement;joy
eeoqbcy;I'd rather die than drive a Volvo!;anger;anger
ef9zolt;cars don't start, sometimes car doors are frozen shut. that's the worst of what i've experienced.;annoyance;anger
ed36xje;Best of luck mate. I’ve yet to reach my limit but this brought me closer;admiration;joy
ed38yof;These damn kids with their Rage Against the Machine and their nae-naeing.;neutral;neutral
edk8mgw;This is absolutely precious;caring;love
eewvup2;Lol that’s incredible! PLO is such an amazing game, so much more entertaining than NLH. Good job pal. ;gratitude;joy
ee45v47;Unpack it, spread it around, share your fatphobia with everyone!;neutral;neutral
ee7biqd;Lol nope. She helped me alot through it. I'd say [RELIGION]/parents made me miserable;amusement;joy
eetpdun;You really shouldn’t just pat wolves you know...;disappointment;sadness
eeulu5g;[NAME] has continued to show how selfish she is throughout the years..we shouldn't be surprised at this. [NAME] forbid she be the bigger person for the kids.;disappointment;sadness
ef3nn64;thank you SO SO much for your help <3;gratitude;joy
ee7wq9f;How autistic.;neutral;neutral
ed1hwvq;You say only other escape but it's almost guaranteed to save you and makes [NAME] way safer than any other assassin;neutral;neutral
ed1295i;I appreciate it! I spent a lot of time crafting a story I wanted to tell.;admiration;joy
edx5lpp;oh yah, no worries. I appreciate your time and thoughtfulness. ;gratitude;joy
eepefiy;THIS MADE ME CRY;sadness;sadness
eea2kfj;This is the most high school post I’ve ever seen on this subreddit.;admiration;joy
ef6o6b3;Oh I know lol I overdid it w that comparison. The point is singers have shit vocal nights but that doesn’t make them unprofessional. Shit happens.;annoyance;anger
eec4i8e;Idk it’s your choice;neutral;neutral
edqxcj1;He’s gone soon I would imagine, hope we can get a late-mid round pick for him, like a 5th;optimism;joy
eeonaib;I like him 1.thats why I agree to go on a 2nd and 3rd date, 2. we text a lot. I just take things slow.;admiration;joy
efaxb11;""" Alright Little orphan [NAME], it's time for you to start earning your keep around here!""";caring;love
ede8zm7;Yeah that's not nearly as dramatic and aggressive as the ball in the above video.;disapproval;anger
ef87x7q;I doubt I'll ever own one of those, I'm a bookworm and I love the smell of old books. Thanks for the info, nonetheless.;gratitude;joy
ee17nw4;Lol there you go. Forgot to switch back from your alt for a second there.;amusement;joy
edtp2zb;I love [NAME], but this sounds like he’s claiming signing a 26 year old superstar is stupid. Come on.;love;love
ee066hi;This is his speculation or a leak?;confusion;neutral
ees2ln3;I live downtown and walk around at odd hours of the night all the time. Love the empty and abandoned feel of the city.;admiration;joy
ef4d93d;Got a good laugh out of that. Plenty of wall of shame material.;amusement;joy
eeu1xl8;FYI… the [NAME] has these in their kitchen in “ That 70s Show.”;neutral;neutral
eddu6n4;Some of them will have to get new vehicles to meet the requirements. That means we get cleaner air. Where's the problem exactly?;approval;joy
ee96koq;Awesome! Thank you!;gratitude;joy
ed3f888;They cannot bypass racial discrimination without facing a serious backlash.;neutral;neutral
ef1nb7s;Humanity is doomed;disappointment;sadness
edzlk7h;Probably vallied out man haha;amusement;joy
eda0zli;Maybe you'll get lucky and it will fall apart before they go through with it.;optimism;joy
eeqsuhz;He's 38 he should retire I hope he at least gets traded to a contender;optimism;joy
eef7siy;Thank [NAME] she did the math for us;gratitude;joy
edzk8qa;Y’all out here really believing this and I think that’s the funniest part;amusement;joy
ee8dyhp;They were barely given a chance;neutral;neutral
ed9fqtg;Oh absolutely. No way he should run in 2020. I don't know what alternatives there are though.;confusion;neutral
ef5qexv;how blurry this photo is r/mildlyinfuriating;annoyance;anger
edua0xk;We also one because [NAME] straight took that game over late.;approval;joy
eefl3t6;Always thought [NAME] spear look lethal...especially compared to someone like [NAME].;neutral;neutral
eezadz8;Lol I can’t wait to end up on this sub one day.;amusement;joy
ee7ogvy;And why would I do that? Edit  Thanks for setting up that Walder Frey line for me;gratitude;joy
eevkb8g;Plot twist  they don‘t Want to Go To school;disapproval;anger
eesj4xr;Firemen make roughly 30000£ in UK today.;neutral;neutral
een4eu0;2-4 minutes is not enough time to wash long hair. 10-15 minutes minimum. Stay strong!;caring;love
edp6mce;Total non-reaction by the trio of guys. ‘There goes [NAME] again. Every time we come out here.’;neutral;neutral
efcsywh;[NAME] and [NAME] Funny thing is they both had a feud too and were in the ring at same time a lot;neutral;neutral
edsmp9z;That's not a healthy way of thinking. Obviously that dude was troubled and, without proper help, he would have done these things regardless.;disapproval;anger
ed80l3h;Unless you're the type of person who rolls through relationships every 3-6 months like clockwork;realization;surprise
eebz30i;I’m glad I’m not the only one who was pedantic enough to notice.;gratitude;joy
eczkjma;Are you daft ... ? That is and always has been the proposal. [NAME] don't listen and don't care though. Fucking dumbass.;anger;anger
edkpjxg;Fun fact. If you combined North Dakota, South Dakota, Wyoming and Montana into one state it would have roughly the same population as Puerto Rico!;amusement;joy
eeoenuz;[NAME]. Think there’s some controversy over how common that was though;neutral;neutral
eeubbji;This is the reason why I don't have friends. Not even skinny ones, you never know how they will be in the furure;neutral;neutral
ed19gjz;learn to say no more. After a few times you have something you like destroyed it gets easier.;caring;love
eebhcn9;My favourite is peeing in restrooms and your feet can't touch the floor while sitting on the toilet.;neutral;neutral
edjpk2k;I love how many penguins stopped and waited for him 😍;love;love
eezkc62;ok? dont really know what that has to do with it. [NAME] designs the offense, [NAME] just runs it;neutral;neutral
eda1qmv;Sounds like he's lying to you both. You probably would have a lot of heart ache if you continue to be involved with this one.;neutral;neutral
eesv6eg;Thank you, next! ;gratitude;joy
eennia4;Going to the doctor tomorrow for a checkup to make sure everything is normal and hopefully this shit is just in my head.;optimism;joy
edf6ni8;you guys got hate in your heart;disappointment;sadness
edkj6zy;DAE hate unnecessarily salty people like OP?;neutral;neutral
eeylwuu;That’s adorable! He probably wants them all in one spot so he can make sure they’re ok and not getting lost or hurt.;admiration;joy
ed5w5wr;I think you'll find that dating is really difficult for poly men. It's the biggest reason why I'm monogamous.;approval;joy
edj70fv;It’s perfect. You’re perfect. Never change.;admiration;joy
efficjb;"""are you related?"" ""No"" ""Are you <more specific type of related>?""";neutral;neutral
edihf3r;“Lol that’s Sammie coates replacement not minds take it how you want to I am back”- [NAME] - AB;amusement;joy
ee7bp2v;Apparently, they couldn't believe a massive corporation (that they're loyal to) finally called them out.;neutral;neutral
efe1uuq;THIS IS SO GOOD. Thank you!!!;admiration;joy
ee9h84t;Nobody is mad about that.;neutral;neutral
ee3ggkk;Mr. Met is a legend! Outrageous. Now... If you wanna talk about hateworthy mascots... The Phanatic fits the bill.;disapproval;anger
efc0ayt;In the letter I told her she was disrespectful and that we will not ask her to housesit again.;neutral;neutral
eemo4po;So true! My brain always goes to these places when buying a car...;approval;joy
eevmp24;This is the worst take I have ever heard on cooking ever.;disgust;disgust
eeah80k;Glad he survived or it might have become a *dead*lift.;joy;joy
ee3o8d7;> It's not like Bonds use was worse or anything list would beg to differ.;disapproval;anger
eesj7jd;A little too old to be skateboarding;realization;surprise
eexi9i3;I will absolutely tell him this. Thank you. Congrats for making it out of the fog yourself.;gratitude;joy
ed8mm3m;I usually say , DON'T BE EMBARRASSED ! They don't know you anyway...mm;caring;love
ed47cr1;It is a kayak;neutral;neutral
edfjgzp;that's the only thing i remember from this book;neutral;neutral
eeoieth;What Internet?;curiosity;neutral
ed1olu5;There’s always that one friend 😂;amusement;joy
ef9il6m;This is a very good point, which I hadn't thought of. Thanks dull!;admiration;joy
edaw77j;Was he transporting animals?;curiosity;neutral
edtasgx;Awesome! I look forward to updating.;admiration;joy
ed6l8a7;He must smell terrible when he sweats. That's honestly pretty gross.;disgust;disgust
eff5msb;No R movies or tv shows, no buy from me. But I’m sure people with kids will love it.;love;love
ef03a0q;lol classic [NAME];amusement;joy
edybjan;Awesome! Welcome aboard! I'm glad your first game was a win!;admiration;joy
edlxi1r;I am proud of you random internet stranger, you peopled good today.;admiration;joy
eehd1g7;Well that explains why [NAME] was able to win;approval;joy
edmljci;It is so ugly I felt personally attacked by it, what can I say;annoyance;anger
edkdio9;Thanks for this.😊 I like to learn new things. #experiencematters **Themoreyouknow**🌈 ;gratitude;joy
edrhxjz;I never really thought of myself as an ex-[RELIGION] until recently, so many no.;realization;surprise
edyq7iu;Thanks;gratitude;joy
efdk5pm;I never went back to the post to see if it was BOA, but I’m not surprised if it was. That was my first guess. ;realization;surprise
edv1vds;I like it. Ending made me cry happy tears. I don't cry often;love;love
eeyygnj;It's a contract / vendor management position more than anything;neutral;neutral
edlyyye;I just came;neutral;neutral
edga65y;I just found my new flair. Thanks [NAME].;gratitude;joy
ee8kh9s;Yep. He also said it’d happen on a Manbij patrol;approval;joy
ee76pl8;Usually they dont even show up when you call them and they are a rare sight in the city. Good luck finding one.;optimism;joy
eeyb62a;I hope everyone has a nice day.;optimism;joy
ed0su7y;Fair enough, but that doesn't mean she won't in 2020.;approval;joy
edarftv;Oh I wasn't offended. ITA with you on the rest.;disapproval;anger
eec2ltm;They are high pressure hoses, think about getting waterboarded.;neutral;neutral
eelr0wx;I stand corrected. As I said, wonderful charities. I will always enjoy GDQ, just not revalant to my experience.;joy;joy
ee5spsi;my god quit getting blocked;annoyance;anger
eeb7z0h;This. It IS a minority here, but they are very vocal and very active, exactly what you would expect from a PR team;neutral;neutral
edxcm6p;You're* Stay in school lol;amusement;joy
eevs946;I didn't know of [NAME] before I saw that episode. I fucking love that man and have watched an unhealthy amount of him since.;disappointment;sadness
eeyn8fi;I'm sure that's a really important issue to you that consumes your daily life...;neutral;neutral
ed9pqgu;Wow I’m sorry. Can you take pictures of your bruises? What was she nagging you about?;neutral;neutral
edf2v09;"What part of ""Yeah but still"" do you not understand dude?";confusion;neutral
edhoces;Your link won't load and are you seriously citing fucking Syria as a successful example of anything? [NAME] holy motherfucking pecker.;anger;anger
ed18xer;Well one of them is a dirty kimono wearing weirdo;disgust;disgust
edz9kyy;No one wants the wrong person executed for a crime fool;disapproval;anger
edrbi3g;Also wanna point out that it’s just for like 10mil+ iirc;neutral;neutral
ef4vv03;I totally thought that this match would be a draw due to [NAME] interfering. I should never make any picks in the pick'em contest ever again.;approval;joy
ed91bx4;Excellent, I was wondering about [NAME] the moron recently.;admiration;joy
eeo4bnk;I hate you for that title. Thanks a lot. /s Right as I’m about to go to sleep too.;gratitude;joy
eekp5gi;Wow. Forget the separation, lawyer up and go straight to divorce. ;surprise;surprise
ed9cf9h;Eh, it'll be alright. Just another battle scar haha. Best of luck to the both of us! ;amusement;joy
ef2mfzy;I don't feel so financially secure;fear;fear
eddrt3j;Dude you really like The Strokes.;approval;joy
ef6779u;"It' kinda ironic that ""Winners"" are actually losers (they haven't realised that yet)";realization;surprise
edegxbh;You still didn’t answer the question. Sorry it’s bugging me  );remorse;sadness
edmmoje;Because I am a human, and I can do whatever I want, as long as it's not against the law;approval;joy
eew47wk;I cant think of anything funny to say so upvote to give me free karma;disapproval;anger
eegkwrq;How did [NAME] just give that beatdown to Attach, the other player was so far away.;neutral;neutral
edi8eo4;No one makes it through. We all die. Just some sooner than others.;approval;joy
edsnzm6;It's great! And it's his own choice, you don't force him.;admiration;joy
eeu19sp;So true. The chicks I pick up from clubbing are nothing compared to the love of a good woman.;approval;joy
edy80jz;100% correct. Seriously, listen to [NAME] talking points when she mentions Syria. Matches RT propaganda exactly.;neutral;neutral
ef830hr;I can't do that....I don't know how to hard boil eggs sooooo;disapproval;anger
edxnv6e;Oh, I don’t work there. My bf is in a band that plays there often. ;neutral;neutral
ee5aehd;I DO NOT NEGOTIATE WITH TERRORISTS this is what I tell my 3.5 year old on the daily;neutral;neutral
edyzi8t;That's nothing, before BSE we did horrible things with bone meal animal feed. Cannibal cows.;pride;joy
eejid1r;They’re not exactly tiny creatures. Patch that hole up, my dude.;disapproval;anger
eeiqkjv;😂 i need one too i’m on break and honestly my life revolves around reddit at this point, cake day is special enjoy it! ;joy;joy
eefjcyz;I shook a hand that shook his hand once;neutral;neutral
eeu42e3;Despite the fact that they've been writing it for millennia.;neutral;neutral
eduqqv2;Uh... What's stopping you from just throwing it away?;curiosity;neutral
eejaqiz;"I've tried the ""peanut butter""...I almost vomited. NASTY! It went straight to the trash.";disgust;disgust
eeg781u;[NAME] would be really pissed off to lose c3po and r2 to the fucking destroy ending;annoyance;anger
edj0ga3;Episode IX is apparently about [NAME] going back to Jakku;neutral;neutral
eebsu7m;I really love how this team responds to injuries;love;love
eejklz1;His opponent got DQ for pinching off [NAME] air tube. His first opponent is why [NAME] had the air tube in the first place.;neutral;neutral
ed4hwr5;Politics are boring. Vote for everyone. -[NAME];neutral;neutral
edivcys;Take him to a family holiday and I'm sure your family will do all of the work to hint that you guys should get married.;neutral;neutral
eeosw94;I actually find it easier to place spawn beacons in stupid spots like this than a nice flat empty piece of ground.;approval;joy
edklulr;If you can't see how the mass killing of Landlords is related to Communist ideology, there is really no point discussing further.;annoyance;anger
ed1158i;I... don‘t see anything wrong with that?;approval;joy
edj4jw9;y i k e s;neutral;neutral
ed5ph3r;Franchise QB's are leaders who set the tone for the entire lockerroom. [NAME] is a terrible leader.;admiration;joy
efecbk3;[NAME] FIRED.;anger;anger
ef96jyy;"I grew up in the south and we ate casseroles all the time. So I share your ""what?!?!""";neutral;neutral
ee5oo2m;Except [NAME] still went with the happy ending instead of ending it at the Aningaaq scene.;joy;joy
edwd76c;Yeah this is downright spooky  she's not even using that face mask.;neutral;neutral
efc5t6w;YOU LIKE TURTLES? Gimme a second.;anger;anger
ed2c5f7;"""You can't stop me"" Ah yes, those playful words when referring to a sexual act...";anger;anger
eepcswq;Yeah, I wouldn't be too surprised by that either. I'm so excited to see or hear SOMETHING though. ;excitement;joy
ef71kdy;This is a toxic behaviour.. get rid of him as soon as possible.;annoyance;anger
edxmxnj;Wouldn’t be shocked for a lot of those guys to follow him to TB.;surprise;surprise
edf2dl2;[NAME]? Y’all [NAME] are weird AF (and I love it).;neutral;neutral
edbjz5j;Well, he promised [NAME] it was over and he was out for good, right. So, no.;neutral;neutral
ef74ndd;Wow that's amazing, I hope my situation is as good next year. ;admiration;joy
edd2cj3;My dad loves playing sport......the sport of slam dunking my arse for a touchdown;love;love
eew64o4;Wow! That's awesome! Congratulations! Its wonderful to have hope of being off medications one day.;admiration;joy
ee2pt5b;I did this v recently and now my legs are covered in ingrown hairs >.<;neutral;neutral
eex15d6;I feel so bad for [NAME]. It was probably hard to concentrate on this match with the things going on in his personal life;sadness;sadness
edlekh7;You credit yourself with acheivment you do not deserve. Not a first and defenitely wont be the last time.;disapproval;anger
eebyh8p;I needed this today. Thanks stranger;gratitude;joy
ee0psc2;Coming for dat golden state ass!;neutral;neutral
ef1xbnb;"I said to myself ""It's going to be reefer madness"" Clicked the link and it was Reefer Madness.";embarrassment;sadness
ef16doh;shaved definitely makes things more swampy for me. I need the hair to soak up the swamp;neutral;neutral
edbmho6;I get hella pissed when people who are shorter than me complain about being too tall.;annoyance;anger
edj8erw;"""This droid has a bad motivator.""";disappointment;sadness
ef6kojt;I would play the fuck out of this game;anger;anger
eeme0j0;It's fairly modern.. It opened in 2007.;neutral;neutral
eea87dj;Yeah after I showed it to my friend a few minutes later I realized what he meant but I forgot to remove my post.;embarrassment;sadness
ed50yyw;Those are different, you don't tie that shit to the weakest part, they just stay on there by magic;anger;anger
efh8gxu;I never knew cringing could be so ...cathartic.;embarrassment;sadness
efern9r;The co-worker thing is generally for the best,the rest I agree.;admiration;joy
edit0pj;Wtf if this is true it’s the funniest thing I’ve read all day.;amusement;joy
ee2xvkh;Change your mindset to not expect anything in return, if they do great if not...their loss;desire;neutral
edqzvxf;I agree with you, I just don't believe it will happen.;approval;joy
ef6lhov;You missed the point 🙃;annoyance;anger
eeiyx66;Wow, so he was pulling his own little mini [NAME] scam. Explains why he couldn't use your reporting tool.;joy;joy
eetjtcd;I just renewed my license today and they didn't check my proof of address, just looked at my us passport, license, and debit card;realization;surprise
eew3wq2;Watching now. Oh wow we both didn't realize how much we hated this guy. This is one of the most quotable episodes by far.;realization;surprise
edpy3r8;WHO WON THIS FIGHT My thoughts  neither side did a good job at explaining their positions and this entire interview was mostly useless;disappointment;sadness
edoxf8e;Thanks lol someone else just filled me in on the backstory haha 😂;amusement;joy
ee7sylj;Best form of government is 150 people tribe in a situation where there are no non-perishable goods, just food an clothes. ;neutral;neutral
ee4ws36;And they went to therapy. At least they made active steps to work on their problems unlike a lot of other people.;admiration;joy
eekllqp;Why GPL instead of AGPL?;neutral;neutral
ee6kqn7;No one is holding a gun to their heads telling them to moderate the sub, either. ;neutral;neutral
efbi2bv;I'm really happy he and [NAME] are finding success;joy;joy
eenn9ut;I just say I don't know shit. I'm just a ape man on a rock.;annoyance;anger
ee7a9n6;Mexico didn't start the war. Thats probably where you are confused. The US invaded Mexico in both occasions, Mexico only defended itself in both occasions.;neutral;neutral
ed1jqzi;Thank you thank you!;gratitude;joy
edi37q6;What is everybody obsession with trading away young players in this sub?;curiosity;neutral
ef0xcg0;I would not recommend contacting her. That would probably creep her out.;disapproval;anger
ed3kv5y;Audio on RiF. You have to manually turn it on;neutral;neutral
eehk3jx;I suppose it is quite frustrating to have someone telling you the sky isn't blue;annoyance;anger
ef8zsc2;Yeah, sure, but it's beatable. It's made to be beaten, not otherwise. That's what I meant with my speech.;approval;joy
eelisuj;I love your art style, that looks fantastic!;love;love
edv49e5;Actually the Bills’ current uniforms make them look like the 1980-1999 Giants;neutral;neutral
efg8nxz;Welcome to The Church of Jesus Christ of Latter Day Saints, where families can be SEPARATED forever;gratitude;joy
eelmnid;Kinda reminds me of that pluto pic from nasa;realization;surprise
edirn2i;"You know it doesn't use the word ""boycott"" at all, right?";neutral;neutral
ed3z4b8;This happens to me all the time I’m so sorry 😣 it’s always with burgers, too. So painful. ;sadness;sadness
eeky3lo;my good girl;admiration;joy
edf1gzs;"BEN ""[NAME]"" LOVEJOY!";anger;anger
edewsxd;Guy got the looks;neutral;neutral
ee5avin;Can’t stand that dwarfism [NAME] she is so cringe;annoyance;anger
edc8jzv;I punch them in the throat before they get the chance to speak.;anger;anger
ee8xs45;Congratulations! Hard work always pays off!  ) Hope you enjoy your new job!!;optimism;joy
eekxhyr;This is awesome. But also r/dontdeadopeninside;admiration;joy
edt1jzo;Oh my [NAME] that's so awkward;embarrassment;sadness
eduqbfa;[NAME] and [NAME] are my favorite gay couple;admiration;joy
ee93xw8;Nice bosses are still just bosses here to exploit you, just to also make you feel bad for, instead of afraid of, defying them;disappointment;sadness
edy7ngu;Very cool toys, very cool video, very cool hostd;joy;joy
ef3hloa;>the decades after WWII That includes 1950. If you want to insult me, read your own fucking post first;anger;anger
ed5b1pb;Its mr. Clean your room. This guys pretty whatever but comments from people who love him read like copy pasta;neutral;neutral
ee9cous;Try wearing something unattractive when that student is around.;fear;fear
edd4sml;!remindme 7 months;neutral;neutral
ee4sz2x;Its a half baked RP. If they wanted to kill each other they oculd have just started shooting.;neutral;neutral
edi91jt;Thanks for the heads up! I’ve been wanting to see this for a while.;gratitude;joy
eex6ckn;and the duck shaped nozzle makes it easy to slam entire bottles!;neutral;neutral
ed3udbr;I left the business never to come back. Then I met the owner of this place. I love this job.;love;love
ed0qarb;He’s 60 and never had a HC gig. That should worry folks!;neutral;neutral
ed0097g;Why? You can tell me all about it.;curiosity;neutral
edf6q95;I really havent found any of these so far that funny. Although his backflips and other stuff are pretty impressive;admiration;joy
eeg14j5;I want to go scuba diving so bad, but swimming in anything bigger than a pool terrifies me.;fear;fear
eekml9b;I'll see if I can find it Found it!;neutral;neutral
ee96t99;I like how everyone is being so mysterious about the proof that has convinced them;admiration;joy
ed18lna;Ha ha ha, thank you so much, he is a total gentleman. Ok, bull by the horns time!;amusement;joy
ef9c6cj;It's a tool that idiots install so they can tag users who post in subreddits they disagree with and immediately discount or attack said users;neutral;neutral
ee81uoy;Funny how some people criticize people for not following those laws, when they don't either.;neutral;neutral
ee9y1zp;I hope that you still send her a bag each Christmas?;curiosity;neutral
edqcsac;I love how you only see these types of comments on Japanese games, brings out the inner weep.;love;love
edi1qc1;I dont get into politics much but if they want to echo chamber leave them alone it wont change them they will only get more angry;neutral;neutral
ef90fsm;We don't know what would have happened if she'd said no, which is why most guys wouldn't ask.;confusion;neutral
ef51mm3;Don't worry, [NAME] is there.;caring;love
eel43kl;i actually laughed at that lol good one man;amusement;joy
edkt0tm;He meant if the comedian made a joke specifically about his grandpa, not any old grandpa, its when it is personal.;neutral;neutral
edmwy22;Ive got these too, any tips on how to remove/make them less obvious?;neutral;neutral
ee5wcxp;> the ruts laid out for you by the people who raised you I like that. It's the perfect imagery.;admiration;joy
ed054lq;I did something along those lines almost 2 years ago and got to 67 upvotes before I got banned;neutral;neutral
ee1ik99;I don't mind posts bashing NOED or DS. But I wish this one would make sense or would be funny.;desire;neutral
edacekn;Sorry. I know I should be grateful and happy.;remorse;sadness
eev3a17;That is so cool!;admiration;joy
ef46vv0;Wow look at this deep pockets eating a lentil a day, I have to slice mine to last me a month!!!;admiration;joy
edlzkq1;I enjoy that general area. Sections 203-205 are good sections pricewide and view wise;joy;joy
efh2493;Did you check the bowl?;confusion;neutral
ee34q02;KNC is [NAME] syrian political party and a manifestation of the KRG, so yes indirectly.;neutral;neutral
eespvyc;I mean, a lot of animals I've seen get terrified of regular stuffed animals, imagine having your fears super sized like that;fear;fear
ed6emkn;Did I present a braiwashing sect as something positive? Both are bad, but at least you can therapy your way out of emo.;disapproval;anger
eealhhy;"Same here. I just don't understand how NOBODY at Lucasfilm said during the production, ""Hey maybe this is a bad idea.""";confusion;neutral
effqmde;They've provided plenty of evidence that you have only supported so far.;approval;joy
ee1bllh;Fine. I hope he has a fine wife and she’s fine if he shall need to pay a fine.;optimism;joy
eddn0dd;It's refreshing to not see comments with anti-china sentiments here every once in a while.;neutral;neutral
eelexo7;Sphh, that was badass. I say that went well.;neutral;neutral
edxiew8;Arguing the semantics of the word argument. Clever girl...;admiration;joy
eebx2v5;Seriously, I’ve been catching and loving this one since it first came out.;admiration;joy
ee6bxrc;Was not expecting that spongebob reference;disapproval;anger
edni2jh;I do not trust our defense at all. I do not believe you can increase the range of Andujar.;surprise;surprise
eeqeawv;At the same time, if the camera quality is so shitty you can be certain the mic is too.;neutral;neutral
ef7l4x4;Meth and booze.;neutral;neutral
ee6hpsf;I love it when kids shut down these tired lines we adults feed them. She probably needed that. Well done.;love;love
edxcfwb;Pam Beesly and Jim... What a waste.;annoyance;anger
efacndm;They lived a good life! I honor them by using all their parts;admiration;joy
ef6q4f1;I think that had to do more with not wanting to hurt the old man lol;amusement;joy
edtrxas;The banana speaks! Do you just type one to three words in your comments or do you get an integer overflow if you go for four?;curiosity;neutral
ee0l2l1;I don’t cry, either. It’s weird. I think it’s a personality/mentality thing. Just depends on how your brain is wired I think;realization;surprise
edpvd21;Oh no that's so awkward, I don't understand how people don't understand how weird things like that are! ;embarrassment;sadness
ee3vofx;She had really bad chronic back pain from what I can remember, so was self treating with alcohol;neutral;neutral
ed9l1gm;Oh [NAME]...;neutral;neutral
edcriqi;You freakin wizard, I love this. ;love;love
efbtxiv;a weird way to spell Boys Don’t Turbo Grafx 16;disgust;disgust
ee1f6qp;Cheers, mate! I know you can do it!  );optimism;joy
eeq4atl;K... I guess I'll just take your work for it.;approval;joy
eelyasx;This was not only true, but pleasing to watch.;realization;surprise
edl25v3;I know he comes with a lot of baggage but i’d probably go with [NAME]. Just look what he did for [NAME].;neutral;neutral
ee7x0ql;I doesn't have nudity so i didnt NSFW it, but i get why you'd say that. thanks for the compliment tho;gratitude;joy
ef4v6d9;Seriously. The only thing that gave it away was no spelling errors.;annoyance;anger
efay99k;That’s always my worst fear when the idea of leaving during January comes up. I wish you the best of luck in unthawing them!;disgust;disgust
edrxkj3;He looks so dapper.;admiration;joy
eespbm5;Ohhh lol, gross and funny;amusement;joy
edg1lqs;> Clothing predates religions though Can you cite that? It seems like a somewhat interesting question.;curiosity;neutral
efh6hdh;Yeah I can understand there their confusion more but yeah. Reminds me of [NAME] haha.;amusement;joy
eeleh99;The more unattractive the leader looks now the more attractive the new one will look come 2020;neutral;neutral
edqvigr;I’d go [NAME]. [NAME] gets raked on any mistake I throw personally;neutral;neutral
ef0hwog;I have always found them grating;annoyance;anger
ee2gc6b;sadly it would take wayyyyyy more than this to ever change custody agreements. documenting it for her own sanity is a good idea, though.;sadness;sadness
eeqogg9;"It was SO hard to click the upvote button on this one. It's one of those ""I hate it. Well done"" moments.";anger;anger
eexl0ks;hahahaha!! the seedy underbelly of the competitve choir world - exposed!!;amusement;joy
edostdm;Lol maybe he is not but I think my point still stands 😄;amusement;joy
eerdtoj;They needed to insert the phrase “over maintenance” in there.;neutral;neutral
eevbs1h;Yeah it isn't the same singer. 'Don't hug me I'm scared' is voiced by [NAME], the lead singer of KKB is [NAME];approval;joy
edmyiph;My best friend missed the play using the restroom too. He thought there was a halftime-like break between the 4th and OT.;neutral;neutral
edojzsn;Holy shit nice block [NAME];admiration;joy
eeozjib;This is amazing. WTF.;surprise;surprise
ee94zml;That’s the chelsea board will all know and hate.;annoyance;anger
eejwopn;"This whole episode is one of my favorites  it has this AND ""Requiem for a Tuesday"" AND ""the Low-Cal Calzone Zone"" ";love;love
eev5azd;Clearly not Cubs fans.;disapproval;anger
edrm2lc;Then feel free to link to that data rather than politico.;neutral;neutral
edqafg8;Hell yeah, i agree ☺;approval;joy
ed022d4;He wants to be free to hit on other women. He may not take it any farther but that’s what it looks like to me.;neutral;neutral
edc8vp2;I doubt people are *happy*, but they probably aren’t sad about someone who was potentially endangering others through their anti-science views.;sadness;sadness
eeqe1qg;What a quote. Very perceptive.;admiration;joy
ef1s50b;I'm glad I could contribute some positivity! All the best to you and your kids!;gratitude;joy
eds2a10;"I love this  now when commies say they had the word ""libertarian"" first, we can say we had class analysis first!";love;love
edg6gha;This has to be a joke...;amusement;joy
edifeiq;When they hire him;neutral;neutral
efa9so9;Sexy teeth.;admiration;joy
ed4wp95;If the cops arrested him, he must be guilty! (Good luck!! You got this!);neutral;neutral
eepf3hk;he left the company 2 years ago. he is not listed as a shareholder in the parent company.;neutral;neutral
eew2773;What a grim statistic for Canada.;admiration;joy
ee18h2k;And I’m just sitting here wishing my cat would come at least sit by me.;neutral;neutral
edmamza;I just want to live. You're the sad loser for going out of your way to comment something so completely stupid;anger;anger
ee7eze4;I wanna die I don't wanna live anymore I really wanna die so bad Please return me to the dark abyss I long for death’s sweet kiss;sadness;sadness
ef76kvr;You look the same to me, but I'm happy you had a goal and accomplished it!! You're a cutie !! ;admiration;joy
ee6n7kk;Nope, it’s love. ;love;love
efe75h7;Lol I didn’t mind group projects much, I only did when I didn’t have friends in the class.;amusement;joy
ef9zjbx;And here I am thinking that the animation after surrender/Victory is annoying  - ;annoyance;anger
edamkri;I clearly recall being told the same thing in ‘97, when I was driving a ‘74...except the years were different obv.;neutral;neutral
edlp1c6;I actually do that;neutral;neutral
edqr7ka;Sure but the news article with [NAME] vanishing has been there since the very beginning.;approval;joy
ed8mbgy;YOU GOT FAT!;neutral;neutral
eec8tfu;i said first world  );neutral;neutral
edlzlhf;Xers and [NAME] would be more of age in the 90’s doh, signed [NAME]. ;neutral;neutral
edy973x;Maybe so. Should I try to ask her about it? I'm worried that will only scare her more;fear;fear
edeh8k8;Is that you, [NAME]?;curiosity;neutral
edks7bu;"I'm guessing ""Corporate Stooge"" didn't focus group well.";neutral;neutral
ef250o1;Buttons by PCD. I never stopped playing that song during summer of 2006.;neutral;neutral
ef32pow;#RejectingIslam because it is the *ideas* [RELIGION] promotes that turned me away from it.;realization;surprise
eek42mp;abattoir = slaughterhouse;neutral;neutral
edyussc;How close I was to retaining last year;neutral;neutral
efeueo2;Stands to reason. Those with the biggest stick(weapon) and all...;neutral;neutral
eeeu1e9;More camo pants!;neutral;neutral
ee67x4u;Did the words get unbanned?!;curiosity;neutral
ee9rbeu;I am removing this post because of sourcing. Read the sidebar.;disapproval;anger
ee71nxv;Read his post again. 'It's more fact based than Fox.' I'm sorry but you might have some extra chromosomes.;remorse;sadness
eewt1i5;Thanks for further justifying my support for Tulsi, Daily Gross.;neutral;neutral
eetqms2;Ahhhhh you should start screaming and flailing. What a piss poor argument. Now I believe in invisible dragons.;disapproval;anger
edahwir;No he's right, and you're deflecting from his argument.;approval;joy
ee1eyjt;This is stupid;annoyance;anger
edbe30v;why I wonder?;curiosity;neutral
ee3fqo0;Gee...what a guy...;neutral;neutral
ee5l4oh;Just watched the ET interview and it really was good! Love that hoodie strategy haha;admiration;joy
edk4lyh;He wasn't beat over the top all season. I think the longest pass he allowed was around 20 yards.;neutral;neutral
eeyybly;Adapt and overcome;caring;love
edp09hl;This is garbage. No. My garbage has more compositional worth than this. Hipster pepto bismol vomit looking trash.;disgust;disgust
eehx3hl;>tfw she was explaining to him what a nuclear explosion would do;realization;surprise
ed1oiyg;Going to my favorite greasy burger place in Madison tonight to celebrate my ability to eat delicious burgers whenever I want because I'm in my early 20's;joy;joy
eebvddu;I still maintain the packers were a worse team this year.;disappointment;sadness
edg7yys;I love this. I really want to hug [NAME] now.;love;love
eek6a3n;They call it the hub and spoke system. They neglected to include a wheel.;disapproval;anger
ef7vxhx;I’m always reminded by my relatives on my birthday asking me if I have a girlfriend yet. Sorry bro ima yeet out of the social norm.;sadness;sadness
edg395c;Nah hes just setting an image.. Hes backed by ps to play this tourny...;neutral;neutral
eemija5;"""Thanks for showing me your red flags within the first 10 seconds of interaction.""";gratitude;joy
eduyvb4;I live in Canterbury haha;joy;joy
ef7be45;you wear a headband, what are you a girl? /s;neutral;neutral
eeyyq99;Happy Together. It feels so natural.;joy;joy
eewp4up;Thanks for the clarification, appreciate that.;gratitude;joy
edt8gk7;I just come right out and admit it. Saves on disappointment.;neutral;neutral
eexpbb0;I think [NAME] said it best. When two people watch the same video and see completely different events....there's no fixing that.;admiration;joy
eev3rn9;Looks like a poached egg.;approval;joy
ef4x5ph;Glad I tend to post pics of my cats and not myself.;joy;joy
edwp27w;I don't think WI is lean red, after 2018 I'd argue for it being either tossup or lean blue.;disapproval;anger
edeshen;Is he your source?;curiosity;neutral
edneg6v;“I do too. One of them is Hulu.”;neutral;neutral
edk7tzi;"""I'm here for the strings"" I like this.";love;love
ee6d6pb;Had my suspicions but didn't want to mindread such a civilized honest actor.;curiosity;neutral
edls2qd;It’s always nice to say something [nice]!;gratitude;joy
edayjff;Oh hell yeah;anger;anger
edo5joy;Dam boys, we announcing players back in training like new signings! ;approval;joy
eeqff2d;They are very heavily scripted which is why it can be borderline unethical.;approval;joy
ed3eg7v;No worries, thanks for replying back! Rotary means you teach one subject and see different classes instead of teaching multiple subjects to the same class  );gratitude;joy
edlqicf;i'm enjoying this so much;joy;joy
edxefn0;I thought V had great gameplay, but the big character switch that no one asked for really held it back.;realization;surprise
eeu92v7;Worst dad ever!;anger;anger
ee4w0uu;Or just spend ten seconds around some fire and realize that it's super hot.;realization;surprise
ee4b5q5;Thats How femboy works;neutral;neutral
eenh9q5;He was already hard when I came in;neutral;neutral
ef1pdq9;The loading screen has the circle at the bottom that just keeps spinning. I tried uninstalling the app and that didn't work either.;disappointment;sadness
edvnv86;No particular sauce, I'm just kinda tired of having to search that tiny lil speck of pan for at least 2 minutes before I find it.;nervousness;fear
eem5k1k;I don’t like [NAME] in the slightest but I hate [NAME] even more. Get her Belcalis;anger;anger
eetgbyi;Kick him out. Overgrown baby.;anger;anger
edw27dy;[NAME] looks veeeery nervous;neutral;neutral
edc4l1j;It's like an Arts school but with dangerous, easily weaponizable spells being flung all over the place!;fear;fear
ef6ytqx;Man of the people....;neutral;neutral
edvg9qs;That sounds like an appropriate response. Thank you for saving me the time.;gratitude;joy
efg9r94;Wouldn't it be easier to find 10% then multiply by 2?;confusion;neutral
edq7syt;"Funny part is There ISNT a wall (but maybe should be) and there ARE already plenty of ""Sensible"" Gun laws";amusement;joy
eevwgbf;I do this but but feel better in the end because I use it for procrastination. It's a weird combinational to feel better and worse while cleaning.;anger;anger
ee7uex1; I have worked at a shitty, south side smoke shop before so I can imagine all of these interactions perfectly hahahaha;amusement;joy
ef0ct3y;If Studio MDHR did this, I'd buy it.;optimism;joy
eepfus6;KAMALA 2020!!!!!!;neutral;neutral
edtejkr;Such bullshit. Reloading components included? Not that they'd let that stand in subsequent laws if it is.;anger;anger
eebn6fl;Thank you, I appreciate it. It was, and still is hard to deal with. ;admiration;joy
eentnff;Feeling insecure now;nervousness;fear
edr147y;Thank you so much. I am sorry for what happened to you.;gratitude;joy
eegbwzo;Wow, your ex partner sounds exactly like mine.;realization;surprise
ed2g85q;Found my flair.;joy;joy
eeeg5td;it's so funny how the mods in that sub behave in comparison to the mods in this sub;amusement;joy
ef3736h;Ask him if he’d consider opening a makeup store if you gave him $6000;neutral;neutral
edv4hdw;just realized the pic is unrelated kinda, whatever though. proud of me despite my anxiety about puttin myself or there ;realization;surprise
ef00phy;I've realized after more than 100 hours that you can dismount a horse without jumping off;realization;surprise
edrgafd;If too many medical professionals die then life will be worse as we cannot get medical treatment;disapproval;anger
edkhsez;Aha thank you!. I didn't know there is a ca one;gratitude;joy
ee20zlf;"We had 3 whole pallets of this one doll and I'm like ""wtf"" so I checked and the location said 8000 something lmao.";annoyance;anger
edep85r;Stop giving this idiot attention.;annoyance;anger
edkes3r;Wish I was this happy;desire;neutral
eedzfih;Good luck with writing in the future  D Everyone has to have their critics...right?;optimism;joy
efdwsx7;This isn't even his highlight of his week. It's the highlight of the last few decades. Damn onions.;admiration;joy
edw8x07;Oof nice one bro;approval;joy
eea06qr;Greetings, fellow resident of a rectangle with a pointy bit in the corner.;gratitude;joy
eeu3zv0;Way too much fuuuck;anger;anger
eduewbk;Wondering why they change it;confusion;neutral
edjxpbo;Ok im om the hunt thanks;gratitude;joy
ed95u8m;Well since they hate cops and love criminals... this fits for them;approval;joy
eeby22v;make those damn lazy millennials find a job sooner /s;neutral;neutral
ed3lznr;I wouldn't ever make a broad generalization like that. Typical honkies, assuming stuff;annoyance;anger
eda2lhf;What’s populism? I’ve seen it a lot lately and it seems to have, as far as I can tell...no meaning.;confusion;neutral
edgnu2o;I don't think either of them is a bad director. They are both bad writers, though.;disapproval;anger
edlpzp9;As an [NAME], I apologize for the cranky old conservatives who are probably making ridiculously uninformed comments about your country right now  /;sadness;sadness
eedgsfm;That poor snake;neutral;neutral
efeos2g;How many surprise Pikachu memes are we gonna have this episode? Like 6?;curiosity;neutral
ed8t5xd;I saw a story last month about a lady who was so big she killed her boyfriend with her fat or something. I think that's their plan.;neutral;neutral
ee7fdof;Uh, loved and lost, for sure. I’d like at least one pleasant memory to look back on.;love;love
eexmd1d;They stole my joke, damn them!;annoyance;anger
efai3u9;Just keep it. You’re going to go through more brain damage than it’s worth.;neutral;neutral
ednkk2n;Sorry my teams gave you your only two losses this season  );remorse;sadness
eed7nom;A few coworkers think [NAME] will mount a challenge with fairly high effort on his part. No one thinks it will succeed as long as there's no massive events.;neutral;neutral
ede3q5s;Why the fuuuhhh;anger;anger
ee37lgh;whatup [NAME]?;neutral;neutral
edy0u5j;Good luck!;optimism;joy
ef5k88t;The worst thing is when you find it in a place you know you looked first.;neutral;neutral
edahqgq;See my other responses;neutral;neutral
efg9j4f;He a cute sneck;admiration;joy
eeq4vci;Anyone know how I can tune in. Without paying for Blaze Tv subsription. This gonna be good.;curiosity;neutral
edy8de2;I haaaaaate vanilla scents and they are a 100% NOPE for me. I wear more neutral/woodsy scents and boyfriend loves it, so win.;anger;anger
eda6f9a;If we can’t close these type of games at home, we don’t deserve the playoffs. ;approval;joy
eeamz4s;I will say that her housing bill left a very bad taste in my mouth, and this is coming from someone with a very high opinion of [NAME].;disgust;disgust
edltuim;Yep, you can go around crashing into things and run people over and completely get away with it. ;approval;joy
ef0lnza;You said it baby, can't wait to see what marvelous wonders the rest of 2019 will bring!;curiosity;neutral
ee052go;Couldn’t agree more;disapproval;anger
edmo454;Like wtf how is that angle 114 degrees;curiosity;neutral
eeok66g;I'll have one in front and one behind. Please and thank you!;gratitude;joy
edpsky1;Literally arrived last week solo. You can use Hellotalk to meet people or go to social events on;neutral;neutral
eeibo1f;We really need to stick to having helpful titles or a quick tldr.;realization;surprise
edyjqwc;Of course, us first borns gotta stick together. ❤️;approval;joy
edfcumq;This hits hard, sadly both of my relationships have been toxic so I've decided not to start any new ones until I start going to uni ;sadness;sadness
eczj48j;This!!! 🐃 and 💍 for your hard work!;admiration;joy
eetrnx9;Is that going up? It seems like back in the 90's it was 16-17.;neutral;neutral
eep7jvc;Kids can't have fun anymore... (;disappointment;sadness
eegmod7;SHE SHOULD BE ON A HILL SOMEWHERE WITH THE SUN AND THE CLOUDS ABOVE HER!;neutral;neutral
edlvms5;I'M MR. [NAME]! HOW DID WE GET ROPED INTO THIS?;curiosity;neutral
ee6mo79;Anyone else feel like [NAME] came dressed as [NAME]?;curiosity;neutral
eeuoaev;The USA welfare spend is quite low per gdp compared to first world countries. The safety nets are ridiculous or nonexistant and the inequality is ridiculous...;anger;anger
edy0432;Live about 2 mins from there. Love the view of Waramaug from Tanner Hill.;love;love
ef93z6a;Well done OP for acting on your words. I hope you have a great day together!;admiration;joy
ed2nvf4;Why? I love it.;love;love
eev4vh2;> It leads to touching and doing inappropriate things with the opposite sex I prefer the same sex, so are these things not inappropriate for me?;confusion;neutral
ee7nerz;You don't really work for the TSA if they aren't paying you. You are a slave. Go home.;anger;anger
ediciv3;It’s shocking isn’t it? I paid less for a flight from London to Manchester than it would have cost for the train.;surprise;surprise
ee4v3ts;Alright now you're intentionally misinterpreting what I say. Whatever.;neutral;neutral
eff6flv;I'm more worried about it randomly saying daddy across the top ... Like that's normal;fear;fear
efgh0et;>!I always assume that Motoyasu's team changes once every week or something.!<;desire;neutral
efge8wu;Not watched it yet pal. You?;neutral;neutral
eeyps8u;air supply? the irony of life;neutral;neutral
eeqlnwy;yeah this doesn’t represent our fan base well. gg guys!;neutral;neutral
eduuwuw;> It’s generally viewed upon as being one of the worst [NAME] games ever made. No it isn't. Source that claim.;disapproval;anger
ede32z9;My house. Excluding that since it was bank money, we plan to pay cash for a kitchen renovation this year that will be about 7k;neutral;neutral
ee1evdb;Its hard to explain i feel everything is distant.;sadness;sadness
edsnc60;Standing ovation. Nicely done.;admiration;joy
eds43nm;Noooo no more NEXTs anymore! They are obviously just a kid who is excited to discover music. Give them a break!  /;disapproval;anger
ef7bwyl;Subway is the smartest option unless you have tones of stuffs to carry !;admiration;joy
ed1wg24;He’s really good.;admiration;joy
edxs7qr;It was this one apparently it was for forever ago. I’ll delete this post If somebody says so.;neutral;neutral
efbc1f1;* yes * yes * yes * yes;approval;joy
ed0dqec;I thought we were unlucky for having to put up with [NAME]. Man, you guys got the short straw with Ninja.;neutral;neutral
eepy5sf;This is awesome! do you have any more artwork on a website or social site? Is this for sale!?;admiration;joy
ede5awv;Did you see that ludicrous display last night?;curiosity;neutral
ef21ym0;Free weed lol don't get what you're complaining about.;amusement;joy
edgb6r3;Can't wait for it.;excitement;joy
efb2h20;I can't wait to see what us skilled workers get. Thanks government for telling businesses how to run and wrangle unskilled workers with no ambition.;excitement;joy
eerdlqe;Nice rifle. I have a T3 in 7mm rem mag. N Mine would suck as a SHTF rifle, but it's great for hunting.;admiration;joy
ed9x6ys;See you all tomorrow for FIN - USA! End of the evening iguana;optimism;joy
eeppbtl;I used the call screening on my sister for a laugh.. she was not as amused as I was  );disappointment;sadness
edx0j58;I realised after I typed it, but I left it up. I feel sometimes in life, you just gotta take the L. ;realization;surprise
eebrbi2;yeah you're right. i just glanced over and thought it was a swish haha;amusement;joy
ee2sbvl;I love that you made sure not to let the last 4 or 5 fall over. That’s important.;approval;joy
eek5sfq;want* a source on that, sorry.;remorse;sadness
ed70q4m;Mom used to do it all time when I was a kid.;neutral;neutral
ee43rl8;We had so much pvp before, during, and after this alliance was formed.;neutral;neutral
edy5dg0;Seriously, it really made me happy! I hope when OP scrolled through she felt a little tingle of happiness too.;joy;joy
ee9jmht;Her lying, narcotics addicted, pedophilic grandmother with physical ailments that cause her to be a serious lethal danger on multiple levels.;annoyance;anger
eeleu41;Same. I was not rooting for the Pats. I WAS rooting against the chiefs. The AFC West is ours and ours alone  );desire;neutral
eeyqhw3;Oh, [NAME], don't bring THAT story up!;annoyance;anger
edcck2m;[NAME]. The third generation [RELIGION] stripper!! Hell yes I watcg 90DF!!!!;neutral;neutral
edkqm5g;Didn't know they were doing matches on smaller pitch in the combine to see how they do with less reaction time. Thought that was interesting.;realization;surprise
ef343vp;Fat is always unhealthy, and never a sign of beauty.;disapproval;anger
edenn1h;That looks like an expensive hobby.;neutral;neutral
ef9qhgn;This is not r/lostredditors material if we just try to find something stupid on it.;disapproval;anger
ed6cg27;I always move back and always regret it.;disappointment;sadness
ef9s6ta;Digital Wellbeing;neutral;neutral
eexgj3g;I knew you had kids, i didnt know they were old enough join the military lol. Well happy bday to your son, dad. ;amusement;joy
eefc2hd;Ah, that's why they say don't run in the corridor;neutral;neutral
edr8xat;apparently since you won't do it;neutral;neutral
eds9pjo;he's being immature;neutral;neutral
eeon207;Old timbermill. Was that the long payload defense and attack?;curiosity;neutral
ee4mb0s;Okubo thanks JP/EU for their work over the weekend on the patch notes, and then EU doesn't post their patch notes  -/;gratitude;joy
ed6vcfh;That all-star who won the calder;joy;joy
edgx5mh;> if i no longer lived in a nuclear armed/~~major power~~ a *somewhat important but nowhere near as important as they think* power FTFY;neutral;neutral
edjl9qg;not the traps;neutral;neutral
eegoq46;We don't have any options. Having said that I think [NAME] should have started.;neutral;neutral
eeodf08;I hope your daughter gets the help she needs and someday gets better.;desire;neutral
edgbugz;Yeah super confused about that considering it was only [NAME] she had beef with lol;amusement;joy
ef4qit1;It's MLK Day so we're offering our best deals on our Ford F250s!;neutral;neutral
edlm4i4;Does negging ever actually work?;curiosity;neutral
eeddk5y;Tell [NAME] it was me....;neutral;neutral
ef4dss1;there is also r/foreskin because why not;neutral;neutral
edkczfq;LOL how he not amused?! They dont like the truth haha;amusement;joy
eef0879;36 and definitely not what I used to be... still ok though!!!;approval;joy
edli1zu;Oh yeah, from the vulcan council;approval;joy
eeowejn;Art degrees are useless! Now excuse me while I go watch a Pixar movie. /s;disapproval;anger
ee3gcs6;Orange you just soo cute.;admiration;joy
eet91jo;Damn, thanks for the source!;gratitude;joy
edcpzgq;I'm really sorry for your loss friend. I hope everything is okay on your end too.;optimism;joy
eermk4t;Noice! I hope to improve my Mika with this~ Thank you and may the Muscle Spirit be with you!;gratitude;joy
eef8a33;Whoa am I reading this right? The lowest cost is $3.66 now? and not $2.66?;confusion;neutral
ee5urmh;Man we are sloppy;neutral;neutral
ee4xci5;I literally didn’t but ok;disappointment;sadness
edhry9a;Living with her, he just might be!;neutral;neutral
effjwqm;Hey, [NAME] isn't *that* annoying;annoyance;anger
edatseh;>I want to ride my bicycle I want to ride my bike Ah yes, truly makes you think ;desire;neutral
edrsavm;I love that this is written on notebook paper.;love;love
eeqto8f;Is that [NAME]?;neutral;neutral
edw4l9v;You missed a golden opportunity here 22meirl4meirl42meirl4meirl;neutral;neutral
ee931e5;Okay but how about someone who doesn’t believe the Wifi signals are going to kill us?;curiosity;neutral
efgto6z;We should have just taken him regardless and told them to deal with it but we also might not have [NAME] if we do;neutral;neutral
edlw86a;Enjoy  ) You won't regret it. The first couple seasons will be a little confusing but wiki helped me understand this show a lot!;joy;joy
eeg9wj1;Yeah, it's pretty funny how incapable most of them are of actual satire and subtlety.;disapproval;anger
efeqmgw;IT'S NOT FUNNY HOLLY.;annoyance;anger
ee72ttu;This thread is loaded. Never seen so many coins exchanged at once  ) it's nice to see friendly internet interactions.;admiration;joy
ednf1cb;I have no idea, lol. Have my upvote.;amusement;joy
effba5v;Don’t indulge OP’s master hacker fantasy;neutral;neutral
edbph66;[NAME] hilarious;amusement;joy
edc31f3;I’ve always used a medium sized screwdriver but it can mess up the prongs so use a chopstick and you should be fine;approval;joy
ed4a9sk;Well they got removed so I’m not sure if I want to see it anyway.;disapproval;anger
eeig4ll;He is sacrificing himself for our sins. [NAME] bless.;caring;love
ed3yl6b;Made me think of that video from the BBC about dating in Shetland .;neutral;neutral
edm3dtg;That doesn't sound right but I don't know enough about stars to dispute it;annoyance;anger
edna4oz;Well don’t complain here about another media outlet lol;amusement;joy
ed7bwxe;Look on the bright side, you might never need to worry about that ever again.;optimism;joy
ee3lolu;This made me gag lol;neutral;neutral
ed3ngv7;Oh wow this is good to know, it was always my go-to spicy ketchup when I make frozen fries at home.;excitement;joy
ef8mv4c;The frequency with which I hear “gone overseas to defend our country” without a hint of irony should be criminal in itself;neutral;neutral
ef4smlt;I didn’t understand because it’s not dark mode;disapproval;anger
eexql73;yes please, would make thing less overthinking and stressful ;approval;joy
ef629xy;This is a hate sub;anger;anger
ee3fd6l;I felt the same guilt when I stopped believing in [NAME];remorse;sadness
edrxm80;So kinda like an assistant? Interesting;curiosity;neutral
ee2a3l1;I I'm so honored;gratitude;joy
ef7pvkq;Split ends on leg hair is how I determine when it is time to shed my winter coat;neutral;neutral
edywf58;You are gone right now probably my trip is just kicking in i took half that amount lol cuz im low you are having a hell of a ride rn;amusement;joy
ef2611y;Very clever!;admiration;joy
eegse5h;Can Dr. [NAME] confirm this? Edit  Doesn't matter. T H I C C D O N is actually zaddy af.;neutral;neutral
ef9vgw2;I was JUST thinking about how much I enjoyed Swalla la laaaa last night too!;joy;joy
efbrh00;That number seems a bit low to me;disappointment;sadness
ed7xku2;I think it was [NAME] and I'm not even convinced [NAME] caught on to it lol. Then he was made to be the moron.;amusement;joy
efhcnhz;Approaching doesn't work unless you are [NAME] or something. I've only seen 2 approaches in my life and both were rejections.;neutral;neutral
edi3y75;"Great. Now some girl in Utah will appropriate it for her prom this year because she ""appreciates"" the culture.";admiration;joy
ed2qhvk;So more [NAME]? No thanks. Love the guys, but that’s for side projects. ;love;love
eeunelw;Leaving [RELIGION] and planning to FINALLY live MY life to the fullest without white men in white shirt telling me what to do every second of my day!!;neutral;neutral
ed5eobg;Op is likely young and clueless. There’s likely a reason they’re in retail.;approval;joy
eeo2054;They are all good right now. Pick the one that interests you and enjoy yourself.;joy;joy
edy443i;I rarely like or comment on YouTube. But I make hella playlists so I guess I use it more as a tool than a community.;approval;joy
eepv1yn;I think ignoring intentions is ridiculous too, but I also think that only looking at intentions (and at face value) is a bit naive;neutral;neutral
ed3hg8c;I'm just glad we'll be getting either [NAME] or [NAME]. They both seem like they'll be beasts and it'll fill our greatest position of need;joy;joy
edywvj0;Unlikely, but who knows? Memory speed rarely makes a difference in gaming, but I've seen stranger things. ;curiosity;neutral
eewpvpw;I like waitresses. Aren't they swell.;approval;joy
ee92d0g;Text ain’t a great medium for sarcasm.;neutral;neutral
edusxnn;by deep pockets do you mean the Fleshlight?;confusion;neutral
eekm2mn;Damned if nobody knows who they are, damned if they do;neutral;neutral
ed9klyx;It's delicate, so it's clear for those flesh toned jeggings [NAME].;realization;surprise
edl1iz9;I love it! Cute sprite work....;love;love
ef8kkqy;Was already mad when it wasn’t center. Then when it got knock over, i was furious. Damn machine has no brains.;annoyance;anger
eecxvy7;I see notifications of people commenting the source but this sub must auto delete or something. Sorry, guys. I binged her and found me quick though. ;sadness;sadness
edfpaxm;"There are good reasons but you potatos just brush it all off with ""hurr life is bad cause bad things happen sometimes""";neutral;neutral
eet88gk;Ya I’m not opening any PDF from The Company. Rather get my malware the old fashioned way....from porn.;neutral;neutral
edu7via;This is amazing!!;admiration;joy
edo1mus;Hey buddy, wear did you ear like van-go.;neutral;neutral
ef5hiwp;👍 excellent! I was wondering if anyone else knew this little known nugget from history.;admiration;joy
ee13djb;i mean I love the smell of race fumes;love;love
eeysfpp;It's the [NAME] of hot dogs;neutral;neutral
edqepqg;People who don’t want to own houses;neutral;neutral
eeynlc0;You're my mvp for the night haha. I'll drop by there tonight, thanks!;amusement;joy
edz9yfn;Good luck on the change.;gratitude;joy
ee01t1o;He had to much red dead 2;neutral;neutral
ee3o6qp;I know it's like this hipster phrase it's so stupid like you're not from the south you dumb motherfuker.;anger;anger
efh118v;It’s not about the money, it’s all about the love of the game.;realization;surprise
ef0vdzy;It kinda makes sense. What’s the debate here?;curiosity;neutral
ed7wkex;The one where MIL flooded the whole house;neutral;neutral
edz9dt9;Damn you [NAME]!;neutral;neutral
ee32y8f;Theres not really any structure or composition to this. The color scheme is tight but it's just kind of thrown on there without any direction.;neutral;neutral
edi2ths;Thanks for the reply! I’ll probably just smoke, as you said, once maybe twice a month. Thanks again!;gratitude;joy
ed7jxyw;Sometimes those are the only options. Laughing makes other people feel better at least so that's what you gotta do.;caring;love
ee38rym;Not my opinion either, but the soundtrack is easily one of the best parts of the game. It’s incredible.;admiration;joy
edrni6g;Text to speech is a very very bad idea. You do not want to give 4,000 people full control over what gets said out loud on a stream. ;annoyance;anger
edge30h;Some of them are delusional and believe their victims want it;annoyance;anger
ed7gszf;Thanks I hate it.;gratitude;joy
ef8fp2z;Title made me think I was on r/boottoobig for a second;neutral;neutral
edtgrhv;what the fuck do you learn in first grade that’s so important anyway?;anger;anger
eegn6i5;>Have a good time debating the people in your head, looks like you're having fun.;joy;joy
ef4cy73;You're telling me you dont get your meth from there?;neutral;neutral
eepr3uj;[NAME] revealed that's what [NAME] called it at a reunion. [NAME] was backstage with steam coming out his ears 😂;neutral;neutral
eejnn4c;Big yikes. Biiiig yikes. I do feel your pain. I wish I could upvote you more than once.;desire;neutral
eduf4jb;Srs that shade range is abysmal smh;neutral;neutral
ed0vghc;I am [NAME] total lack of suprise;surprise;surprise
ef96wnu;It kind of replaces the home button, you use it to swipe up and out of an open app;neutral;neutral
eef6lma;They said Texas! #Woooooo TEXAS;excitement;joy
ed2qozp;Thank you! 💓❤;gratitude;joy
eeqpjoo;I bet you could get away with this at work just fine.;approval;joy
eemifax;From your username and the fact that you had to type that you’re NOT underage  now feels like you are;neutral;neutral
ed25hqz;Enough food to feed the whole village just wasted;disappointment;sadness
eda1v2b;We've been pretty good for the most part the last 5 years. I mean, [NAME] saying [NAME] betrayed him isn't ideal but could be worse. ;approval;joy
edbwdtf;The ending was so badass as a young kid! He wasnt even in his mech!;admiration;joy
ed8p0oy;She’s had her ass pounded before.;neutral;neutral
eere3ap;Signed up! This is brilliant!;admiration;joy
ed2dgjm;Leave they don't deserve you and you don't need those sacks of shit;annoyance;anger
edb05r9;Well you wrote out this big comment, and it reads well but when you actually think about what you’ve said, IMO it really means nothing.;disappointment;sadness
eex4bca;Damn, I really been playing this series all my life...and I ain’t got any regrets.;neutral;neutral
edo782v;I tried to but i ended up booing the postman;neutral;neutral
eduz8qj;!RemindMe 10 hours;neutral;neutral
edpobf3;That woman is on the fast track to being ostracized from that group real quick.;neutral;neutral
ef1f30q;Former [NAME]? I've been scared already by [NAME] who were former d-line;curiosity;neutral
ed6i4ri;[NAME] is known to make a short video hella fucking long. Not many want to see even more people do that. I'll stick to [NAME].;annoyance;anger
ee958zg;"""Don't eat pork! Not even with a fork!""";neutral;neutral
eefe4ar;The uncanny valley of creepy.;fear;fear
eek8aix;Right its not because they look ugly but their personality is ugly. That’s what’s driving everyone away.;neutral;neutral
edgwiaw;Ask him out for a drink.;neutral;neutral
edwljgo;Yeah I’m working with my therapist to help me identify certain behaviors early and pay attention to the red flags.;approval;joy
eejnu7e;I want to thank you for seriously entertaining me today. Best clip ever.;admiration;joy
ediik76;As a society we should be ashamed of the fact that this is even a question. Let the suffering stop obviously.;embarrassment;sadness
eelsqcs;Which one is he playing?;curiosity;neutral
eerhtfb;If people don't act the way I want it is because they have bad reasons. Lol;amusement;joy
ed1x3ym;This article is stupid.;annoyance;anger
ed978c8;I would think that I hope the Wilpons die.;optimism;joy
efendxq;It’s a cruel thing to say to someone with depression.;disgust;disgust
eee427l;I mean, she is;neutral;neutral
edmbwve;Garlic butter baked chicken.....put garlic butter on chicken and bake.;neutral;neutral
edbm1c5;Still makes no sense how [NAME] beat corrupted [NAME] while [NAME] and [NAME] couldn't beat his normal version;neutral;neutral
edmrmhc;That’s so scummy, I’m hoping the pepperoni just slid down? ;optimism;joy
efenjxu;I’ve never seen such dramatic tongue involvement.;neutral;neutral
eeqirlp;Us girls are taught to always be polite. Screw that, safety is more important.;realization;surprise
eeby8ws;I wish I could be desensitized to my sadness sometimes lol;amusement;joy
eemflic;Because they're all done by the same, really, really old guy;neutral;neutral
edb7kse;I realize that, but the picture is still funny;amusement;joy
ed6pqte;At least she showed a reaction...;neutral;neutral
ef7esig;Omg rattos are the best aren’t they<3;admiration;joy
eenykq6;Good luck with your procedure! Be strong and don't try to let anyone even think they can try to change your mind. This is your decision.;approval;joy
eda305g;I really relate to this.;approval;joy
ed70f6w;[NAME] wouldn't breathe the same air as an anti vaxxer, don't slander her like this.;neutral;neutral
ed9g8uu;Women are more neurotic.;neutral;neutral
efd1tf6;Well how’d the planters pull this off? Step by step.;curiosity;neutral
edlkasr;I didn't downvote you but Emirates 1st class suites are ridiculously nice.;admiration;joy
eecg2ly;What a horrible way to find out, though. My sympathies to the dead man.;fear;fear
edpsd8g;For me it's New York City FC since it's just a train ride away;approval;joy
ed1ql4x;Oh my [NAME] yea!;approval;joy
edbmlb4;Thank you! I need to practice these things and change the dialogue within my head;gratitude;joy
eepwvdp;I had forgotten it was coming up until I saw this. That us my level of excitement and anticipation.;realization;surprise
eeqye33;I'm [RELIGION] and I'm disgusting lol;amusement;joy
eef32ss;I barely recognize a picture of current day Pearl Harbor.;neutral;neutral
efdtsj9;I hope you are not living in Australia. That heat has been killing Masturbators left and right.;caring;love
eex2imh;I'm replying just bask in the glow with someone else! Yay!!;approval;joy
ed9npav;Uh, people kept asking me if I was jailor and I said no, and based on this chat you can also see that jailor is not smart.;disapproval;anger
eduohld;Now this exactly what I came to this sub for;neutral;neutral
edeg1wm;Does that caption say [NAME] and [NAME] are planning to move to Austin....? Dear [NAME] PLEASE no we already have [NAME]!;confusion;neutral
ed9dlxv;I agree totally. Talk about fucking insanely bizarre. He's stuck in the shining;annoyance;anger
ef3uxax;It was received on Jan 25th at 9 22 am .81627 BTC and $3800. for it with a $600. fee. Happy!;joy;joy
edh7k16;When I think about [NAME] and [NAME] at the same time I get a fucking aneurysm from the stupidity.;annoyance;anger
eearepj;Not needed position? What team have you been watching?;curiosity;neutral
eei6rb7;Yeah well first god says it’s an abomination. Also if people find out everyone will hate me and my parents will be extremely angry;anger;anger
efg7xll;Was going to say, that’s common practice for most women’s health appointments to help deal with relationship abuse.;neutral;neutral
ef98vpk;Conservatives never believe a word they say. They only believe they do.;approval;joy
ee5weni;Lol the outbreak is gone but I'm still stubborn. With this conversation I'll make my effort to come back as soon as I'm ready.;amusement;joy
eeetipo;Good meme, but unfortunately the pic is fake. ;admiration;joy
eff070q;OP, u/christiangreyisdraco and u/lurkerturndcommenter, thank you for trying to make the point about focus. I appreciate your many attempts!;admiration;joy
ed7lqu4;Ded game we should be happy we have a new hero;joy;joy
eejd7kz;Are you okay?;caring;love
ed5kemm;[NAME] bless them and their racist logo;optimism;joy
eeub2eq;[NAME] doesn't believe in tipping.;neutral;neutral
efe3xec;I'm shocked! Shocked! Well, not that shocked.;surprise;surprise
ederqwi;Because it was a common age for women to be engaged and married at that time.;neutral;neutral
ee3ypm8;Great post. ( you are learning to let it go);admiration;joy
ee5yesg;We’ve bombed plenty of innocent people. How is it any different?;curiosity;neutral
efgqcan;Yeah! Despite being from the east coast I've never been in the car when it's hailing so it was a full on argument. Thank you!;gratitude;joy
efal2t2;Well I WISH SOMEONE WOULD'VE TOLD ME THAT;desire;neutral
eerrwej;You have no regard for due process or the law if you're suggesting [NAME] be charged with evidence tampering because there is nothing to back up that claim.;neutral;neutral
edp4rjj;Ironically every /pol/ meetup is more diverse than the people pushing diversity and race mixing. Weird how that works huh;disgust;disgust
eerrvod;Did you noticed they removed my post? Yep.;curiosity;neutral
eeyutke;No you don't. The average opinion of ISIS for example is way below zero.;neutral;neutral
edmwpv0;good luck, little 3 year old;caring;love
ee637s8;"""I love animals but I hate PETA."" - [NAME] ";disapproval;anger
ee10x5m;Not pay for the child he helped create? Wow... great advice.;admiration;joy
eeamnxd;her in the causing a commotion lsfyl is one of the best lip-sync performances in s8 change my mind;admiration;joy
ef8j5p0;This is not unique to [RELIGION]. There are various sects and denominations in every world religion.;neutral;neutral
edgkopa;can't remember much of what happens. All I do remember is I was miserable. Good performances, but it was a bit dour for my taste.;admiration;joy
ee7yn1n;Hruska is amazing. Their sausage kolaches or I guess klobasnik have the best sausage I’ve ever eaten. It’s in Elliger, TX.;admiration;joy
ed45xrw;"I equally love and despise them when they talk about a player diving as ""flopping""";love;love
edtqkxu;Can't look at batting average. [NAME] 90 wRC+ in 3799 PA [NAME] 92 wRC+ in 4917 PA;neutral;neutral
eebnuu6;Right. All a delusion in order to control people.;neutral;neutral
edx4kn2;When my Dad ([NAME] all the way) is Tsar of the Earth I'll have him make doxxing a crime with mandatory sentencing to terrible things.;neutral;neutral
ee613rq;Waiting until Saturday or you test the method on someone sick.;neutral;neutral
edp8l3q;Worst bit is that it keeps snowballing, and growing and suddenly it this mess you can't make sense out of or clear up;neutral;neutral
ed1vydj;gotta love the random spidey head to the left on the third shelf;admiration;joy
eetnkj0;Your repeated need to retreat into victimhood is a snooze.;neutral;neutral
eeahpqt;They put whoever has the highest gamescore on a winning team that night, and that happened to be [NAME];neutral;neutral
eeava2r;the 12 steps of AA are not the only rehab programs in the world.;neutral;neutral
efbmf3m;Better than mine.;realization;surprise
ee52emp;Well duh. The Chinese government control all Chinese language media in New Zealand. That's a fact.;approval;joy
eeqenej;I sent this to my mom and she actually watched it;approval;joy
eees1gr;I friggin love the [NAME] hug!!!!;love;love
eemar47;Dude your source on the school says they would investigate. Not a condemnation. Not in any stretch.;neutral;neutral
ee0ug24;His smile is so damn creepy;fear;fear
edua72u;Gotta think [NAME] was also tired after all the hard work they put out Most likely it'd be easier for a fresh player to run passed players;neutral;neutral
eeteba1;It’s amazing what can happen if you work and want to win.;admiration;joy
eeltdux;Just spend the next few months emotionally detatching, it makes the break up less debilitating.;caring;love
ee89l84;No, but it changes the expectations that people have for you. You have so deliberately change who you are to play to your target audience.;neutral;neutral
edmsqwe;Got damn look at that body;annoyance;anger
ed8mfz2;Any source on the college split the second time that outlines the stats? Interested to see.;excitement;joy
ee72tj4;It's when you least expect it that people hit you in the face with life It brings you back to earth;disappointment;sadness
eezd7qm;You really dont have a day off do you;curiosity;neutral
ef1qgf9;This was definitely worth the $1000+ it cost to do;approval;joy
edx1m4z;I would say make it NSFW but I won't joke. We don't work here;anger;anger
edb8opj;is a recent article interesting read.;admiration;joy
ee9wkpl;BOUNDARIES. have some boundaries. say no. don't go. this is frustrating to read, honestly. don't do things that you hate doing.;anger;anger
edd3tok;I feel like this is just a really old meme lol;amusement;joy
eew7el1;Yo infected turn into evil clone troopers !!!;neutral;neutral
efgkn21;Downvote because prophet;disapproval;anger
eevwxmg;I met my partner online. It was romantic interest right away. No friendship period for us.;love;love
eeyk8ji;> [NAME] doesn't even agree with you. What does she not agree with?;neutral;neutral
ef4c6s1;And you were too stupid to find your own sriracha, or you thought that $7.50 entitled you to your personal dancing monkey.;annoyance;anger
edvqkcl;[NAME] a pro;neutral;neutral
ed3792u;I feel this!;neutral;neutral
eezav9m;100%. This is made up. If her claim was true, she'd have it on video. ;neutral;neutral
eej8e80;I agree. This is assault. Leave the ignorant hill [NAME] alone.;approval;joy
eeee29f;Literally one visit to that subreddit is proof enough it's mentally addictive. Brain craving dopamine when it's not producing it.;neutral;neutral
ed1o6kr;How hard is it to kill 9 year olds!? One of my favorite movies.;love;love
ee398tw;This is **NUTS**!!! I still use both of these on my boyfriend, who thankfully watched this season with me and also hated [NAME]. ;gratitude;joy
edd55xz;Bless you.;caring;love
edjuew1;And he was like “umm you woke me up for this, [NAME]?!” Lmao. That made me laugh.;amusement;joy
ed16j3j;Tell us your story, too, [NAME]  ) Sooooo many more details to mine, ooooofffff... i tried to be brief;realization;surprise
effxhn1;I love daydreaming because I daydream about having conversations with people and it is the most pleasing feeling in the world when the conversation happens.;love;love
ef025pn;Idk why you got downvoted but heres an upvote;confusion;neutral
efe3iuv;Someone tell me how to feel about this;confusion;neutral
edko2zf;Gulags... Brexiteering. The mental condition where delusional and psychotic thinking occur simultaneously.;neutral;neutral
edpc8ro;How many wins are they into those ranks and at what winrate. Regardless thanks for the info.;curiosity;neutral
eeu06kk;Keep branching out guys.;neutral;neutral
eelehyb;The constant pressure definitely isn't helping. I'm already on anti-depressants, but I am terrified of PPD.;fear;fear
ef4egyl;My uncle was hit by some kids doing the bird box challenge a few weeks back. It’s ridiculous.;annoyance;anger
ed4u63d;Yea this past season her outfits were horrid;disgust;disgust
ef25itc;I call [NAME] fraud! That's not the first time she saw [NAME] after prison.;neutral;neutral
edkykpt;I love it! Mazel Tov you crazy kids!;love;love
ee3kxxm;"To quote [NAME], ""What an eyesore!"" ";neutral;neutral
eervzmm;I rarely get full manic. Lithium just took away my mixed irritable angry episodes and I'm pretty sure those aren't superpowers lol;amusement;joy
edvu9r5;I disagree with many picks in this list;disapproval;anger
efd1sck;[NAME] is the gift we all deserve;neutral;neutral
ef8kb1g;Stay at home dads are awesome gender non conformists.;neutral;neutral
eeadc3r;They both have water wings on is she trying to kill them;neutral;neutral
ee577y4;I do have a drain beside the water heater, thanks I'll look into getting a drain pan.;gratitude;joy
ef56z1s;Standing O for the biggest Knick loser in franchise history... and that's saying something!!;neutral;neutral
eeys4zg;Wondering why this hasn’t been made a thing yet 😂;realization;surprise
ef03lcq;Its more about Russia not making such overtly antagonistic statements about Iran.;neutral;neutral
edoywwk;I love your response. I wish I were this witty.;desire;neutral
effckqq;The hardest part is trying to figure out what anyone is talking about with all these F degrees.;neutral;neutral
eeu85y4;The beauty of the horseshoe effect.;admiration;joy
eeblajb;I just say i appreciate the depths of these Boiler Room vid are like this.;admiration;joy
eebfpxf;Yes! Adoption is an amazing generous gift you can give to people that really want to be parents.;admiration;joy
ed941zn;Is that her phone in her back pocket?;curiosity;neutral
eevx7tx;Haha Orange man bad;amusement;joy
eeu4hgf;My cousin is coming back as interim exec chef this week until we get a new chef. If you are my cousin the answer is NO!;annoyance;anger
eeuty8i;One thing I appreciate about the Prequel trilogy is that it explores the rise of fascism better than *Fantastic Beasts* movies could do.;admiration;joy
eeb8dkc;I like this one;love;love
ee0gq9s;Most vancouverites know of these scams. Especially #1 broken credit card machine. Complaints go unheard.;neutral;neutral
eeathxb;beautiful by [NAME];admiration;joy
eenle2f;This guy was my high school government teacher. This stuff is all classic to read about;neutral;neutral
eeidflf;do you......do you actually believe this!?;curiosity;neutral
ee4guke;Hey congrats man, that’s what I’m hoping happens as well!;gratitude;joy
ee2x0wi;Grow a beard.;neutral;neutral
ed8d72k;I just rewatched season 5. My god, I had forgotten how horrible [NAME] is. ;annoyance;anger
eff3yq6;A friend of mine is like that, and they seemed quiet upset when someone form middle school said hello after they hadn't talked for 13 years. ;neutral;neutral
ef1xjg9;> I don't understand why a reasonable person would perceive it as being objectively mean. Simply put, journalists are not reasonable people. ;neutral;neutral
edn3yq3;It’s one of the nine characteristics of BPD. Probably most people in this sub have struggled with some sort of addiction to a degree.;neutral;neutral
ef57u8z;These were one of the worst commentators I have ever been forced to listen to. The jokes were so cringe-worthy.;disgust;disgust
edg1hf0;It would work just fine. I wear medium shirts and a small or medium jersey fits me great.;approval;joy
edrtx65;#YES.;neutral;neutral
edgd6fo;I haven’t read the Quran and I doubt you have either so I can’t agree or disagree with this statement.;confusion;neutral
eeedpy1;And just the “stop looking at me” was so old school. It was nice!;approval;joy
edfr4au;Triple P Positive Parenting Program is excellent.;admiration;joy
ed516f1;LOL you are mental ,love it;amusement;joy
eevvmwq;I think this qualifies as r/prorevenge, honestly. Dude needs to face consequences more often, otherwise he will keep trampling over people’s boundaries.;approval;joy
eerfyqo;Omg enough of all the damn hashtags, it’s not 2016 anymore;anger;anger
edxwfft;No, not related to [NAME]. I forget where we found it. It was in some legal documentation on WISDOJ (I think).;disapproval;anger
ee1n2m1;I was more concerned that your comment held a frame of reference assuming it was real.;caring;love
edk3r39;Beautiful. Up there with that retro '14 Timbers kit for my favorite non-Atlanta MLS kits.;admiration;joy
edx5hu7;This is adorable! But I don’t understand how he does that😂;admiration;joy
ed1ogl4;[NAME] is a warmonger. Other than that, he’s pretty libertarian.;admiration;joy
eergs83;Omg I love it;love;love
edlgecg;Lucky for me the yellow ones are my favourite;love;love
eee2l9j;Considering you could do it and be out over a highschool summer vacation, why not?;curiosity;neutral
ed117kg;Too greasy.;neutral;neutral
ee1ty3y;Thank you!;gratitude;joy
ef4w1do;Or you end up getting innocent Chinese civillians who were just browsing reddit arrested and have their organs contributed to the system.;neutral;neutral
eec6643;[NAME] and [NAME] aren't cousins in this timeline, I believe. Just best friends.;approval;joy
efgvt55;Oh well that's that then  );neutral;neutral
eds8xso;I'm really excited for [NAME]. He seems to be continually improving in this stretch of games. I'm hoping he stays up once [NAME] is healthy.;optimism;joy
eejlhlv;It kills me how much Oklahoma State and Iowa State are able to beat KU but [NAME] and [NAME] just couldn’t regularly get the job done.;neutral;neutral
ef765su;[NAME] should worry you.;neutral;neutral
ef1kqif;will do, thanks for the heads up!;gratitude;joy
ee2mwdt;The last hour is great, but I would definitely say to at least leave 15 minutes before close so you can avoid the crowds in the street.;admiration;joy
ee06bwr;That has gotten me killed a few times lately.;neutral;neutral
edizgxh;Luckily for her former therapist maybe she can no longer leave her home.;neutral;neutral
effe70f;I didnt know that sub existed,im faaaaaar too excited, thats my next hour of skivving work sorted!! ;excitement;joy
ed1w9t1;Saving this. Happy 2019 to ya!;excitement;joy
ed7lxtb;Not sure how kittens “lol” but I’ll take your word for it.;amusement;joy
edph4ed;wow - resonates with me.;surprise;surprise
edxoipc;I literally cried out IS THAT MATT BERRY?!?!?!?!?!;sadness;sadness
edddal4;Oh and I forgot to add  he doesn't take your money and become a financial burden on your life;neutral;neutral
efeppa6;Good luck and Godspeed.;admiration;joy
ed270uf;Ok but it’s easy to worry when the legal drinking age in your nation is one of the lowest among first-world countries.;neutral;neutral
efdv7m4;Damn. As a [NAME] [NAME] I fear who the last Greek restauranteur in this death triangle will be  (;fear;fear
edziqjn;Take a note to PM me if you do, I'll happily pay for one!;joy;joy
ed3os3q;2 weeks! thats my dream!;neutral;neutral
eezrf5u;I feel like its got to do with the bad desync in the game right now.;disapproval;anger
ed9k4o5;I mean, ya, but this has been his stance for as long as I have been a fan. It isn’t really new for him.;realization;surprise
ednsatv;Cinesphere and Trillium Park are both fantastic spots and I see absolutely zero reason to change them.;admiration;joy
ee0n1oz;How is [NAME] fleshed out? His entire role in ep1 was that he cooks. He's about as important as [NAME].;confusion;neutral
edsy9ne;Bad sarcasm in response to a bad joke seems about right to be fair.;approval;joy
eecm9y1;How offensive. I, am NOT a duck!;annoyance;anger
ed6jnls;So then use shotguns?;neutral;neutral
eesp8h7;I mean, I hope so. I bought his jersey, which would be embarrassing if he was out the league in two years.;embarrassment;sadness
efhbv2x;I think she said he hit her through the car window;neutral;neutral
edp7quw;trailer fabulous!!! i miss it;sadness;sadness
eej9i84;Chattel slavery is uniquely different from other types of forced labour and indenture.;neutral;neutral
eeu2m4z;bcash is not bitcoin. its a fork if bitcoin, and you brought up [NAME] yourself which is pretty odd considering you think of him as a distraction.;neutral;neutral
ee8izkt;As a woman, I have to say I think you aren’t wrong about this.;approval;joy
ed8ln9u;My turn should arrive this year. At least this place will allow me to leave my last words.;optimism;joy
edk4ejq;Omg I thought you were paraphrasing. I'm so happy that those were the exact words they said.;joy;joy
eerfxqs;What a perfect timing though.;admiration;joy
eew50xj;This is my favourite game of all time and I miss it dearly. I made most of my best friends playing this game.;admiration;joy
ees8hg4;Gee, thanks for waking up after being told for over a decade.;gratitude;joy
ef1efal;Can't wait to see her looks in S11!;curiosity;neutral
eemb8z7;Then you get home and realise they managed to bill you for the booze. That's half your winnings gone.;neutral;neutral
edz2b6d;I'm sorry your trust has been that badly broken.;remorse;sadness
eelekdj;But you ARE!;neutral;neutral
ef2gy5u;It's going to get awfully dark and cold at night.;disgust;disgust
eddqwa1;That means nothing beyond the fact that I couldn’t be asked arguing with you. It was a no contest essentially.;neutral;neutral
eda765s;[NAME] gimmie more, [NAME] more. “[NAME] is making you all this money and all you do is talk crap about her.”;neutral;neutral
ee511ut;Utah is a beautiful state. I’ll give you that. I spent a week at Bear Lake and it was pretty amazing.;admiration;joy
eerfdx1;I love that username;admiration;joy
eekvt6q;so basically free money for those wealthy enough to take vacations annually. wonderful.;excitement;joy
ee8lz5u;There’s no evidence that 12-step programs work any better than no program, so you’re not missing anything if you quit. Good luck.;optimism;joy
ed294ug;Great game. Love winning in NOLA.;admiration;joy
edm5gn8;I personally wish that they stuck with the spin offs but if their happy I’m good.👌;desire;neutral
ee9ufw1;Especially the Lexus peeps. Just baffles me how they dash in their nice cars.;neutral;neutral
eeoecpu;Why's it called going into 86'ed mode though? I've never heard that before, it's interesting;curiosity;neutral
edrophq;Wow that's some great facts and logic you're arguing with.;admiration;joy
ee2lo8r;Studying something doesn't make you bright. Getting a degree does.;approval;joy
eenkyol;How is this world politics?;neutral;neutral
eenz2ay;bushwick, and playing a drum doesn't mean someone cannot work a job. ;neutral;neutral
ef48bz1;Cue uncontrollable giggles.;amusement;joy
ed35262;What's does the future hold for you two? You're not happy with him. You deserve better.;curiosity;neutral
ed1h5g1;Y’all are just jealous that this individual identifies as a fish hook. On a serious note though going through an airport tsa must be a nightmare;annoyance;anger
edl98qa;This is why I came to the comments section;neutral;neutral
eesw8tl;Hahahaha. Wow. Pure gold!;amusement;joy
efg0sxd;None. If you get anything at all, it's a bonus, but don't expect anything.;neutral;neutral
ee9epfm;(#1)Just love him/her (#2) Be forgiving;caring;love
edbzxap;Praying for the one who wrote that, that he isn't gonna caught...;caring;love
eeapijn;He can have his opinion, but he doesn't have to state when *no one* asked.;annoyance;anger
eea2a0o;This isn't meant to be a diy thing I think it's a YouTube craft channel they exist because it's calming to watxh;neutral;neutral
ee5x15q;It’s true. Icebergs can’t melt steel beams.;approval;joy
ed6pxs5;thats why she is going crazy lmao;amusement;joy
efahhws;I absolutely thinky wife is more beautiful now than when I met her.;admiration;joy
eekzspo;Those Boys risked their lives for a strong independent woman.;neutral;neutral
efaporv;"That's a nice way to say ""being forcibly removed as illegal immigrants."".";approval;joy
efgs56j;Yeah would be exciting!;excitement;joy
edzrrh0;His music is bad starting with that yeezus album;disgust;disgust
eezlpdu;My nipples are rock hard right now, just ruined my shirt. ;annoyance;anger
edxvlrx;Calling (some) media the Enemy of the People and Fake News - is that not impeachable in a non-bizarro world?;anger;anger
ef86k66;I didn’t know [NAME] disliked Pittsburgh so much;surprise;surprise
ee4u727;This is so bad that I immediately retold it to everyone I know.;disappointment;sadness
eeq4ocj;!RemindMe 10 days;neutral;neutral
edde5o3;Even if it was true, what would they actually gain from misrepresenting the data?;neutral;neutral
edsi93v;JFC, they can't help themselves.;neutral;neutral
ef8ee52;Bike snob here. $400 is hella cheap for any bike that gets raced.;neutral;neutral
eenewbj;wasn’t it just reported that the [NAME] report will be “anticlimactic?” Don’t like [NAME], I’m just keeping it real.;neutral;neutral
edok11u;Crap. Absolutely missed that when typing my paragraph mountains. Fixed.;disappointment;sadness
ef9vfvu;Lol sounds great but that's probably not what the OP wants to hear 😉;admiration;joy
ed8bnk1;[NAME] [NAME] Bros are losing their minds over this tweet.;amusement;joy
eeu4qki;Honestly? I dont know. My parents told me that itd be seen as suspicious;surprise;surprise
edpewdt;For example, I think this picture of [NAME] character from southpark) is soooo cute;admiration;joy
ee4fdho;Via Napoli in Epcot is amazing, but no garlic bread (the pizza is great though). ;admiration;joy
ee8vuxa;Yeah, that one. I forgot the name earlier.;neutral;neutral
ed6dlqm;Downvoting in hopes it will make this news go away;optimism;joy
efausjt;Take your pick bro.;neutral;neutral
ee5emd6;Hello, Could you try exiting the game and restarting? Please let us know if you're still getting the pop-up afterward. Thanks!;gratitude;joy
ef4litv;If you have schools in your city, I got bad news for ya champ...;sadness;sadness
eelh8cr;Vr chat is free and you can play it without vr;neutral;neutral
efgo7gb;That's just, like, your opinion, man;neutral;neutral
edw29of;This is some of the worst passing I've ever seen.;anger;anger
eeuqefv;Maybe they'll change their mind one day! That sounds good, I'll give it a go some time!;admiration;joy
ee7tflq;Wait, what? [NAME] wasn't allowed a *bank account*?;curiosity;neutral
edjigae;FYI not all skinheads are racists. [NAME] suck and should be confronted.;annoyance;anger
edvourz;"Reminds me of ""It's your city!"" back in The Flash 2X08.";neutral;neutral
efcxjgb;"Thanks  it is a major turn-off because there's no reasoning - he ""knows"" it's a fact. I appreciate your perspective.";gratitude;joy
ef1sdgy;Thanks for adding the link. I'm not that reddit savvy;gratitude;joy
efgtx0j;Adoption is an option. You don't have to force someone to exist but you can let them have a good life.;neutral;neutral
ee8ui3e;Can’t believe [NAME] era is coming to an end... feels like yesterday I saw his 1st win against the cowboys with tiki breaking the rushing record.;sadness;sadness
edxv5n2;I WANTED GENERAL LUCK TO MARCH TO NEW ENGLAND AND *THEN* GET SPANKED UP AND DOWN THE FIELD FOR 60 MINUTES.;desire;neutral
efbzz7y;Are you saying the ones who suffer most are billionaire psychopaths? I’m confused by the wording.;confusion;neutral
eelgn8o;You know even when women wear their hair natural they’re still putting products in it right?;neutral;neutral
ed4i43g;A best friend would get me a vibrator. Not something that’ll make me feel like an oily, ugly piece of shit.;approval;joy
efcmsgh;Looks like goodfellow;admiration;joy
eetilbo;He's been playing better this season though, in my opinion.;admiration;joy
ed911wk;Great to hear you're so loving together! Wishing you all the best. Feel free to PM me anytime!;admiration;joy
ee64azv;Those are sexist theories not facts.;neutral;neutral
eeiu4ae;I find this aspect of the law so ridiculous. I suppose pepper spray is lethal to people with respiratory conditions like asthma or certain rare allergies.;annoyance;anger
edle31y;I HEARD SOMEONE SAID THE F WORD;neutral;neutral
eez7i4k;Can’t really do much about it since our only other ball handler available today is Napier;neutral;neutral
eep0fi2;I’m always weirded out whenever I see him without a beard because in my game I got the longest beard I could;neutral;neutral
ee4jiu6;You spend time in The Donald, do you not understand irony?;annoyance;anger
edw1eyg;AS..... YOU.... WISSHHH!!!.. Inconceivable! My first ever silver. Thank you kind stranger.;gratitude;joy
edycbyu;I will! This is a great new excuse for never leaving my house;admiration;joy
eew812l;They really dont understand the value of an inch do they;neutral;neutral
eedfnfm;[NAME] I loved [NAME].;love;love
ede7p7v;I love how having high standards is used as an insult here.;love;love
edg1qen;You’re an inspiration;admiration;joy
efakift;I'm glad it only sprayed soda when his thumb went into the can, and not blood everywhere.;relief;joy
eeezzqt;[NAME] has consistently being volatile. It's just a matter of time until she's being rude to [NAME] again.;annoyance;anger
efbia3s;I think they might be! I'll let her know - thank you  );gratitude;joy
efcaa2y;Thank you! Good night!;gratitude;joy
edowgwa;It isn't incorrect to use 'they' even when a person is explicitly a women/man.;approval;joy
edi72ov;Glad to see you were able to get this worked out, thx for the update! ;gratitude;joy
edo7qh4;I thought they were talking about the cat.;neutral;neutral
eelojiq; looks unreal, like it's a toy or something.;surprise;surprise
edihnax;The attraction and the action are two separate things, and you know that. No one chooses who they are attracted to. Stop it. ;anger;anger
ef8g5s3;Interesting theory.;excitement;joy
eec3may;Im there as well, You get into these habits and become complacent its like your watching your life in 3rd person. For me that is.;caring;love
ee7j6q5;I mean yeah we were the best counter attacking team. That counter was so disappointing;disappointment;sadness
eetagnd;There are Cubs fans that died at 95 without ever having seen their favorite team win a title. At what point is the LOILTY worth it?;disappointment;sadness
efbs9pz;Also. Read the sidebar, thank you.;gratitude;joy
edcegf4;he was stellar the Memphis game down the stretch. honestly forgot about that;neutral;neutral
eeaa4kh;He’s been going to a restaurant for 40 years and forgot what it looked like and where it was.. uh huh.;neutral;neutral
eerq2nh;PC Plod. The old bill;neutral;neutral
edekjf0;There is clearly something really goddamned wrong with the policy then.;approval;joy
edvaw2d;Don’t blame us because you’re a dumbass..;anger;anger
ediikps;Oh my god are you [NAME]? If you are I am huge fan. I completed the IX EE earlier today using your guide;excitement;joy
eczvg8i;Stay strong dude;caring;love
ee12ert;That's what everyone says but they are ugly. I want a Diavel, m109, or a Vrod.;disapproval;anger
ed8c0zh;IIRC there is a Simpsons episode where [NAME] has programmed the emergency button on the phone to call the pizza place.;neutral;neutral
edv2ae3;. . . Wait a fucking second;anger;anger
eeuaa0v;Wondered 'why doesn't it seem like theyre making any progress' before I realized how short the loop was....;realization;surprise
eewj9aj;[NAME] is amped, I'm excited that he's excited;excitement;joy
ee7x3ox;“[NAME] you’re still here? Geez you really are slow.”;disappointment;sadness
efdwj7v;Thought you were gonna go steak with ketchup in that last bit, ya pulled a sneaky;realization;surprise
eewmxug;Oh I'd wager it was as addictive  -) 7x70's  -/;neutral;neutral
ed78nq5;Did you taste it;curiosity;neutral
ef3fb5w;Marriage takes 2 to be successful. Love him enough to let him go.;neutral;neutral
ed4vczs;Besides a petty theft conviction out of Florida in 2003, there's nothing. No other convictions.;neutral;neutral
eeosp04;Reminds me of the podcast Welcome To Nightvale.;realization;surprise
eeswdga;You came here to cry;annoyance;anger
ef704bw;The best part of froyo is getting to do it yourself. Robot is useless and bad at it's job.;admiration;joy
eeungao;You guys can downvote me all you want, but this sub is every day looking more and more alike r/gameofthrones;annoyance;anger
edetgnk;But should I? And who would I report that too? since none of us 3 are in the same country;neutral;neutral
edkmfr1;Oh wow I forgot [NAME] and [NAME]. I have not read it.. have a link?;surprise;surprise
edtnwpp;It’s a metaphor. No one cares how big his anatomy is.;neutral;neutral
edl3jz1;Perfect! Thanks;gratitude;joy
edzkupx;If [NAME] gets the better of [NAME] today, EV should learn not to start [NAME] at RB against pacy attackers m ;neutral;neutral
edoj67y;I can't stand having my motives questioned.;neutral;neutral
efe4n7o;>The only way change will happen is when the national media actually focuses on them. Precisely what a protest is aimed at engendering.;approval;joy
eeos6gq;I believe that this may be meant for the person above me, for I have moved into the realm of monetized bananas. ;approval;joy
ef9q1tq;Make nachos, get a beer, and get ready to yell SUEY!!;excitement;joy
ef1i9q3;One post, 155 updogs. I've seen this raw power only once before.;surprise;surprise
eeidamx;For the people and finding out how they end up? Sure. Other than that, it’s not great. Frustrating at best. ;anger;anger
eeq8sim;[NAME] - I misspelt and can’t correct it now;realization;surprise
efa5ht4;>cat beby the fuck is wrong with you;anger;anger
ed8mnwb;Alberta needs to get with the times.;neutral;neutral
ed9042l;You shouldn't be so hard on yourself. Just relax, take a deep breath, let the blood flow. Everything's going to be fine.;optimism;joy
effka4d;I said this somewhere else.. but I swear that man in the hood is caucasian... But that was actually hilarious;amusement;joy
eenhj27;You da real MVP;neutral;neutral
efgvu5l;Omg, *please*;annoyance;anger
edfvev7;Omg what the ever loving bloody hell did I just read?? As an artist, this was extra painful to me.;sadness;sadness
eda3duf;This video was uploaded in October 2013, over five years ago now. This just feels like an unnecessarily inflammatory post for karma to me.;disappointment;sadness
ee532vu;I got mine on the exact same mission!;neutral;neutral
edr0gyg;Nice! I haven’t listened to them or Tool in so long. Will def be getting back into them now.;admiration;joy
edw081f;I'm not being told I have issues by a guy who actually and genuinely has an interest in coprophagia.;annoyance;anger
ediiyko;Nothing against bartenders at all. Dumbass people like [NAME], I make fun of because I can.;amusement;joy
ef3d3hj;The west is so unfair  (;disapproval;anger
edwk0oj;Don’t worry about it I meant what I said thank you really;gratitude;joy
edhqnmi;Things were significantly worse back then than they are now.;disgust;disgust
eenl2jq;ELABORATE plz!!!!;curiosity;neutral
eeodlb2;I've probably put a couple hundred miles on my space saver tire. It's still on there right now.;neutral;neutral
eepjd53;"It's 2019 and people are *still* saying ""SJW's?"" Ha! Hahahahaha! Oh my life. [NAME].";amusement;joy
edqv0nr;[NAME] is trying not to laugh through his lines and hoesntly I love it.;love;love
ef3r0v2;Oh ok I never watched that show. I love that judge though.;love;love
eetvlkl;If you want any hope of getting better, you must stop everything and anything with underage girls...forever ;approval;joy
ef4eh5e;No offense taken, and I agree with your last statement.;approval;joy
eedz2e9;Same clothes and the door is black on the other side - looks so real!!;approval;joy
edm26gc;I don't doubt that, but there's a difference between doing something as a social activity and a psychoactive drugs that actually makes you feel more social.;approval;joy
edhkyuc;I've always found it weird how popular Nandos is in Britain.;disgust;disgust
eef2w27;We tell our girl friends too when we get asked out  );neutral;neutral
ed7jd6i;I can relate. It kind of breaks your heart and your spirit, doesn’t it? ;approval;joy
ed6a1cw;My 2 best girls in the series combined into one and [NAME] with [NAME] colors is so beautiful  );admiration;joy
edt7yvb;The more I look the worse it gets;realization;surprise
eeodu0d;I liked [NAME] updated “I thought this was a teaching hospital!”;love;love
efeoeou;Neither am I. I'm mocking her alongside you.;annoyance;anger
eeujzsd;Thanks man, I appreciate it, I love her but this was way to far, thanks man 💜;admiration;joy
ed9gzk1;So get a job and leave. It's just going to get worse. First the tv then you. Get out while you can;anger;anger
efdwu1x;I hate it and I love it.;love;love
ed8qydk;Bdo is love;love;love
eelolsq;Very sweet of [NAME];love;love
eeozbej;They are the modern day Nickelback.;neutral;neutral
edokegg;America is not a country, it's a fucking business. if you have zero money, no one cares about you.;anger;anger
eeaanku;Eat the apple butthole first. It's the best way to eat the apple.;admiration;joy
eetacw1;Its onky been 6 years i think you read the second line;neutral;neutral
eea7ivy;I am. I do! You're welcome.;gratitude;joy
eeyn22a;Thank you! I’ll contact you tomorrow!  );gratitude;joy
ed1oug1;Wow damn this some good words;admiration;joy
edtaaw2;Do y’all consider Cadillacs as “luxury” cars similar to Audis, BMW, Lexus ?;curiosity;neutral
ee6iphy;WHAT THE HELL!;anger;anger
edh1767;Hey, thank you.  ) I appreciate it.;admiration;joy
efaa6n8;I'm more saying that I think the south is a joke.;amusement;joy
eeo4op1;What about Governor [NAME]?;curiosity;neutral
ed10y3q;After he did the one year contract last year I'm not seeing him staying here with no improvement from our team.;disapproval;anger
ef04w19;Pets are the best ❤;approval;joy
edrayos;dom will be used as outfield depth;neutral;neutral
edw5zjt;If you look at her from a distance, she's super cute. Then you get close and it's a [NAME] painting of tweaky, delusion.;admiration;joy
ef5d17e;[NAME] for best actress;neutral;neutral
ed4sg4w;Is he really your buddy if you have to ask us how to talk to him?;confusion;neutral
efbj27r;Yeah 150 is a little much. Reverting to 125 would be perfect;realization;surprise
eda4ma4;[NAME] has cast a Magic Shield of Jesus [NAME] Claims He Cast “Shield of Protection” That Will Send Hurricane [NAME] Back Out to;neutral;neutral
eepr6u3;Caution  [NAME];neutral;neutral
eebblwf;Um... I’m extremely concerned as to which one’s business and which one’s casual.;confusion;neutral
edodxzv;Thanks for being here.  -) We can always use allies.;gratitude;joy
edj00rk;congrats to everyone who picked the over;admiration;joy
ee0ovgs;My point is that IQ basically works. As with literally everything, there are flaws, but it's not junk science. ;approval;joy
eddkv4t;We already had that fake news before. There's no such discussion.;disapproval;anger
edb79g1;"And the shit like ""like for [NAME], Ignore for satan""";annoyance;anger
efecsa3;you are so welcome. I’m glad I could bring sunshine to your day.;gratitude;joy
edwzkjk;Thimerosal isn't even in vaccines anymore, due to the controversy. ;neutral;neutral
effb2gi;It's all greek to me;neutral;neutral
eepmpf7;There is no such Thing as [NAME] or an Almighty !;disapproval;anger
eeeqwbq;Both Islanders goaltenders support [NAME] and they are having career years, coincidence? I think not. ;confusion;neutral
eff54r8;That sounds so awesome. Thanks for talking about it.;admiration;joy
eff3mwu;Oh. Sorry.;sadness;sadness
efemge2;Oh wait that's tonight?!?! Totally watching 😎;curiosity;neutral
ed9vbms;they dont pay shit;anger;anger
eeszik9;Looks like you just finished eating a shit covered ass.;annoyance;anger
eeb6xxk;Sorry, but [NAME] is too POWERFUL, not to be his own character. But seriously i definitely now want this.;desire;neutral
edrv1m4;hey the 5 riders per van per day are upset;disappointment;sadness
ed72tpc;Hello autism my old friend;annoyance;anger
eczh6mi;I'm guessing HIS blood type is mountain dew;neutral;neutral
edm6zip;yikes i thought it was just a joke transformer [NAME];disgust;disgust
eepw8ng;Fight milk 🥛 lol;amusement;joy
edhoqsl;wow. thank you. you dont know how badly i needed that tbh;gratitude;joy
efcnuq8;“Hello darkness my old friend...”;neutral;neutral
ef60db2;Oh no way is it miners, it's blockstream fault they bought every developer that had commit access to bitcoin's repository. End of story.;neutral;neutral
effewtl;This is bloody disgusting.;anger;anger
ed47xou;Is the use of stone that common for the medical field in the UK?;curiosity;neutral
edh9t8o;oh yeah? Mines real;neutral;neutral
eedxtl7;Rip the guy from psych;grief;sadness
eeysent;That’s a good idea, thanks;admiration;joy
eda9kvy;My ecology professor hated outdoor cats for that reason. They're extremely destructive animals.;annoyance;anger
ee5ojr8;Don't doubt yourself. They're wrong.;neutral;neutral
ednvjq5;You love her knowing her limitations, adjusting your expectations, and keeping boundaries firmly set and enforced hard.;love;love
ee3ez5i;When people say [NAME] should be an All star just show them that last possession;neutral;neutral
eenrx3n;Weirdly enough Salad Fingers is one of [NAME] weaker animations, highly recommend ‘The Unfixable Thought Machine’;disgust;disgust
ee3kor6;Nahhh just as they came to me;neutral;neutral
ed4n8kg;The itching probably happens when your skin vibrates from the brush.;optimism;joy
ee42chc;Lots of internalized rage and mom guilt daily leading to a good shower cry once a week or so.;anger;anger
eczfbty;happy new year buddy!;joy;joy
ef1t0x5;All these years I didn't know he escaped just to go to florida and kill some more smh;neutral;neutral
eem5zrr;Thank you. [NAME];gratitude;joy
edkz8sa;Thanks [NAME]. We hardly knew ye;gratitude;joy
eefmlnv;She’s sexy I’d hit.;admiration;joy
edzdoki;Just out of curiosity, what age group are you? Your boyfriend seems real decent nut the scenario sounds like teenagers I'm confused!;confusion;neutral
edknaxi;I sure do.;approval;joy
edgtx6i;Ooh, [NAME] not happy.;neutral;neutral
edzqh1i;Wow that was such a beautiful drive by [NAME]. Really wish we could see more of that;neutral;neutral
ee4e6rg;This whole ordeal seems entirely pointless, but i don't want to turn away in case i miss some drama;disapproval;anger
ed211et;most conservatives have been pissed at cities in Minnesota raising the age to buy tobacco, I guess i'm a little confused on what you are talking about.;confusion;neutral
edlo9o5;Ahh, I see. Well, he wasn't wrong!;approval;joy
edaclnn;A crappy situation... Man oh man...;disappointment;sadness
edgnyi8;You're going to be free one day, but never if you stop trying. Every weeks a new week, goodluck !;optimism;joy
ef19rfv;He wasn’t hot to me but he has that attitude I find attractive af.;admiration;joy
eegxzkc;I’d say her knee is more done, ankle looks ok but I’m n doctor lol;amusement;joy
ef131xp;I haven't gone by the name [NAME] since, oh before you were born.;neutral;neutral
eenvcj6;Yah. I unfortunately was sitting and watching this documentary with my Mother. That was very awkward.;embarrassment;sadness
ed74vra;Being a nice, interesting person has helped me get a lot of friends but hasn't really gotten me anywhere with regards to women. ;disappointment;sadness
ee3b844;I like it;love;love
ee98wzd;Good potatoes, good pasta.;admiration;joy
edlw2g4;If y'all didn't like OKC before, you hate 'em now.;anger;anger
efg90h9;Yeah fuck all of them down votes xD instantly had this run through my head when I saw the post. One of my favorites as well...;annoyance;anger
efe9240;Okay. Thanks for the information, I guess? I'm not really sure what your point is. ;confusion;neutral
edxtibo;Funny how we get more anxious about our heroes than their victims;amusement;joy
edm6qdl;If the fan doesn't work, then I'm fine with it.;approval;joy
ed6p459;I’m hugging you back!!! Not in a weird way.  -). Thank you, internet stranger. ;gratitude;joy
eeanq7r;Canada here, yup..... gods damned homophobic leftovers.;annoyance;anger
eetfduz;16-37 and 25 fta. [NAME] is so fucking overrated. Volume chucker/flopper in a fast paced no defense league.;anger;anger
eefn8uv;This made me laugh so hard I farted and woke my dog up. Only thing missing is the confetti.;amusement;joy
ef96s4w;Wasn’t it 99% of the WORLD’S population? Like how in the fuck is that even possible...;surprise;surprise
edmx5mv;The thing to understand about [NAME] is that he's a complete moron.;annoyance;anger
eetm9zd;His main goal is attacking KSI's comment section;neutral;neutral
eeqyl4u;Like you said your tired probably mentally and physically. You need a dam break is what it sounds like my friend.;caring;love
eejfrq9;It's alright old man we're almost to your room;caring;love
edl87ac;[NAME], [NAME] mother. I loved her in the one episode. She had great chemistry with everyone she met. ;admiration;joy
ee35g54;Oof, thanks;gratitude;joy
eeu6561;If she deleted your Snapchat just because you showed up to a bingo, then it seems she's a bit of a bad person;disgust;disgust
efeplj2;A *Pontiac* Montana?;curiosity;neutral
ee5i9cw;The new persona is only if you get the true ending. Not sure if the thread poster has but just in case he didn’t;neutral;neutral
eegnxi7;Love your username;love;love
edzjor2;If you’re a solo player, then I understand...;realization;surprise
efgtpzv;Thanks for your comment. This makes sense with the time frames too.;approval;joy
eex192q;I only wrote it down as a last choice if I have trouble meeting people on campus.;neutral;neutral
ee37xgd;On days like this you can get an extra scoop. Just to make sure you have the finnnnnessst meals  );caring;love
ef40i8o;Well banano is pretty memeorable;neutral;neutral
eexv98q;1. They don't understand football fundamentals. They play [NAME]. 2. They are short and want someone to identify with.;neutral;neutral
edzsn5e;Truth is hate. Men are women.;neutral;neutral
eep0px2;No, the full video shows that the kids surrounded and berated the native elder man ;anger;anger
edmst7r;Finally Mesut!;neutral;neutral
eetdz7h;Don't endorse violence against people.;annoyance;anger
ee3i9ol;It's your boy [NAME]!!;neutral;neutral
eed7yil;He was young and he thought he was doing the right thing. No need to be rude about it.;approval;joy
efdyqen;Exactly. It’s all about control;neutral;neutral
edhxflk;YAAAS! Even though you're a stranger on the internet, this has made my day.;excitement;joy
edng1aq;Today's Recaptchas were fun. I'm very good at identifying store fronts, apparently...;joy;joy
edgk4l6;Say you ate something or say things they cannot measure.;neutral;neutral
eezjnyo;Ok! I like making friends;love;love
edtka5o;That is in no way sexual harrassment...;disapproval;anger
ef0pifu;Right, but we want to shit talk them directly. Not agree with other people shit talking them.;annoyance;anger
efbk1f2;Look on the bright side. I dont know what your bright side is but just look at it.;caring;love
eetg179;We mess up on a draft so we just nvr draft anymore?;neutral;neutral
edfg6s2;Yep just googled it and she’s freezing her eggs and telling EVERYONE how I missed this...who knows;neutral;neutral
eeqai17;Before.revolution can happen in the streets it first has to happen in their minds - Stuck Mojo;neutral;neutral
ef8k4d7;"Last game I think someone said it well, ""[NAME] like a toddler in an NBA Pro's body. ";approval;joy
edxfzjt;Just in time to get excited for a mediocre Twins season!;excitement;joy
eehthf7;I feel like I have to call bs on this one. I hope lol;amusement;joy
eebxhxb;I just physically *shuddered* at the idea of redoing middle school..;disappointment;sadness
ef6u2bq;Probably [NAME] tbh. I feel like what [NAME] did in the long run was a bit scummier, not by much tho.;neutral;neutral
eez76p2;Hi everyone!;neutral;neutral
ef1gm6j;Get a second opinion from a different doctor. Eczema can get exacerbated by home remedies sometimes, so be sure to check with another doc first. ;caring;love
ee3t871;Just saw your history. Makes complete sense now. Your a trumptroll. Bye.;annoyance;anger
ee21tnl;Do you people just sit in meme economy and wait for something new to come up?;neutral;neutral
eec8s5u;Cheers lad  );joy;joy
edrqnk4;I’m ready to unsubscribe from this sub;approval;joy
ef390w5;If you bought it from Levi’s I think they do it for free at their flagship store;neutral;neutral
efg6nx3;And how long ago was this?;curiosity;neutral
edfoypd;Makes sense. So I need 2 USB drives according the the TAILS website.;neutral;neutral
eczvupb;Thanks!!;gratitude;joy
ee0taaw;Will try. Thank you;gratitude;joy
ef783e8;Alright imma set small goals for myself thanks for tip man!;gratitude;joy
ed8un4o;That's a little girl, not a sandwich.;embarrassment;sadness
ed4fh9g;Wiggins and towns pick and roll use it more;neutral;neutral
eefiteu;If we're talking about the person in the middle, that's a man. [NAME]. ;neutral;neutral
eepl0w8;Reminds me of the old lady in Police Academy 4 shooting the .44 magnum. Damn that was fun!;realization;surprise
efb0k3l;I bet we'd all die. Thank [NAME] for colds and germs or we'd all be dead upon birth;gratitude;joy
eemmnhm;I think he's in it. I know [NAME] is killing me on my fantasy team right now;disappointment;sadness
eeesej6;You have your opinion and I have mine why does that make only one of us a victim?;curiosity;neutral
ef9mbvq;Thank you for writing this, for letting us into your world so that we can better understand our own. I am very grateful for this gift.;gratitude;joy
efgm57i;Play hard, but we don't want to reveal our secret raptor killing strategy until the playoffs...;optimism;joy
ed6w2jr;Weird flex but ok;neutral;neutral
efakc1k;I'm a little disappointed that the tier markings werent' just different shades of green.;disappointment;sadness
ee1ixdb;Thanks for your input into this discussion. It has been very productive.;gratitude;joy
ed70d2p;If we can get a 1st rounder it is without a doubt worth it.;neutral;neutral
ee919ut;Autism (mechanistic thinking, lack of theory of mind) is the opposite of intuition (thinking without thinking). ;neutral;neutral
edaz1g3;[NAME] ! Glad that we helped you.;gratitude;joy
ed4ifci;I don't wanna be controversial, but the streak might end...;disapproval;anger
ed26ckc;Make sure you actually try sativas. Don't just listen to people bsing about Sativa causing paranoia/anxiety etc.;neutral;neutral
eer4oun;Some people are just very special lmao;neutral;neutral
ee2uwyq;>Feminism is how we get to equality how do you know that?;curiosity;neutral
edaiwno;Rapists can have parental rights in some states, assuming they find him.;embarrassment;sadness
ef3cuhh;Same here, after she initiated the divorce and acussed me of not doing anything to stop it. ;disappointment;sadness
edgyww4;Horseshoe effect going on with FBPE and the no deal brexiteers, basically if you're soft remainer or brexiteers they hate you. The irony ha;neutral;neutral
efe94e9;Greatest part of that goal is the pique backheel for me. What is he even doing there  ));curiosity;neutral
eeo6dx4;Thanks. I guess.;gratitude;joy
eej6i9l;For me, the only thing that makes it cringe is [NAME] covering his mouth;neutral;neutral
eeb964m;Wrecking Ball clips are the best;admiration;joy
edd3lzb;We know blocking [NAME] was [NAME] choice because he said it was.;neutral;neutral
ed7myzb;The only death that made me feel any emotion. And it wasn’t even the death itself.;grief;sadness
edur7a5;Lol ok 👌🏾;amusement;joy
ed79xso;Mumbling on twitter and r/politics. Also [NAME] is getting annoyed as well. He is mr appropriations after all.;neutral;neutral
eee1mg7;That is amazing!;admiration;joy
ee5o7sf;Lets see how [NAME] goes in Round 6;curiosity;neutral
eebhxqu;When her daughter says she wants to take all the weight from her and put it on her own body so her mom can go outside and play 😢❤️😢;neutral;neutral
eets2cw;Omg didn't even think of that! So clever! Yes!;surprise;surprise
ed8mf9u;To me his not doing it right because he is breaking contact with the skin. Keep contact and go back and forth!;disapproval;anger
eevcmsb;Here we go again I hate [NAME] *becomes a Dodger* I mean I love [NAME];love;love
ed7oxbm;Wait a minute, the rich own ranches.... You're one of them!;curiosity;neutral
eerowk4;NOT TODAY REINHARDT;neutral;neutral
eczl4db;The third period is going to be uncomfortable and I preemptively hate it.;anger;anger
eedhe5e;I'd imagine the confusion would be far greater, especially amongst the [RELIGION] community considering there is no aspect of Ramadan that prevents [NAME] from doing exams. ;confusion;neutral
ed6pkzv;holy shit that's bad, maybe the extremist right can't meme either?;anger;anger
eddgwuz;fake gamer girl didnt know [NAME] is already a rapper;neutral;neutral
eeu0fst;The last thing you see before entering Hell.;annoyance;anger
ed1ud27;And desks clapped;neutral;neutral
edo0cc5;I didn’t know they ventured outside Facebook;neutral;neutral
efbc6ip;That’s because [NAME] thinks he’s the man oin this team. [NAME] I can’t wait till he’s gone;gratitude;joy
eelen0k;I'm saying your question is irrelevant to the post's topic. Stop being passive aggressive.;anger;anger
ed37lbm;OMG she reminds me of Ginger from Ginger Snaps! I'm in love!;love;love
ee3pa8o;To be fair how often has someone drafted in the top 5 not immediately joined the team.;surprise;surprise
edivsdh;They forgot the part where everyone started clapping.;neutral;neutral
ee3w0az;Ok, care to elaborate on what your mysterious link is?;curiosity;neutral
ee73k8f;Only 2 days ?;curiosity;neutral
edkyq7s;Sacrilege!  -P;neutral;neutral
efd2imq;Once some joked that I was a [NAME] just because my family had moved to West Germany for a couple years when I was a infant.;amusement;joy
edr12yq;I love this. Thank you;gratitude;joy
ed6lz4r;None. If she has insecurities, I latch onto them like a barnacle.;neutral;neutral
ed2igms;Oh my [NAME] I just noticed this too! I just rewatched it recently and noticed him just drinking some tea next to [NAME] and [NAME].;surprise;surprise
edn10e6;Leave chicken in a vat of blue dye overnight and you'll lose all the pink;neutral;neutral
edyxe6p;This guy doesn’t physics.;neutral;neutral
eeghwp2;I just got banned from one of his subreddits, I haven't been this excited for a ban since the snap from /r/thanosdidnothingwrong!;disappointment;sadness
ed2vvv8;[NAME] has been a pleasant surprise;surprise;surprise
eehm5ao;Has Medicaid stopped? Most people I know who support this want Medicare or Medicaid for all.;curiosity;neutral
ef4sy8c;eh, no. Maybe wood can be an alternative if thon is out of the option, but i will never get the allure behind ersan;disapproval;anger
ed5u0qn;I didn't read the entire article. That's great. Thanks for letting me know. Peace and happy 2019;gratitude;joy
edt2p32;When it didn’t work in r/aww r/funny or r/animalsbeingderps he came here;neutral;neutral
ed4ob8u;Just ride the subway in NYC and watch how everyone behaves. Don’t stare, though. ;neutral;neutral
edsi4xr;I just started watching Brooklyn 99 this week and was looking for this reference. Thank you.;gratitude;joy
efaaria;Do you ever get extremely inspired at night, make plans and then wake up with no drive at all? Or is this just a general thing? ;curiosity;neutral
edq02os;Love and marriage;neutral;neutral
ee4y04o;Yeah odd, as those items would identify her. And it would seem like an easier job to burn them to unrecognisable remains. ;optimism;joy
eeg3pe3;Such a good doggo, and no one gets to pet her and let her know.;admiration;joy
edd0p25;I don't have a smart phone  however, I wouldn't need one in this case.;neutral;neutral
efcdne0;It's a good thing that liopleurodon was actually only about six meters long and went extinct 155,000,000 years ago...;approval;joy
edbto6y;Well, at least you'll have plenty of company;neutral;neutral
eexu927;Call your attorney general. 615-741-3491;neutral;neutral
edhrs95;I'm so glad you have access to that trans group. You will make friends and be able to support each other.;caring;love
ef70zlt;I understand the confusion;neutral;neutral
ef0j5rt;How is the JC-01 with juul pods. I've heard mixed reviews.;curiosity;neutral
ee7a51x;Is the misspelling on the cake the only thing you see wrong with this post?;curiosity;neutral
ee2xsv7;I unironically agree with everything on the left side of this.;approval;joy
edjnyxs;You will find the words that work for your dynamic. The fact you are worried and thinking about it is 75% of the battle;neutral;neutral
efh4ynb;Checking in from Nashville, a merged city-county that’s thriving precisely because it’s a merged city/county.;admiration;joy
eeo0df9;The furthest thing from my mind and likely everyone else since you’re the first to mention it.;neutral;neutral
ed42oct;I loved [NAME] as much as anyone but he started to become really inconsistent in his final stretch here before he ended up in Charlotte.;love;love
eehbfdr;The god of metal does not approve;neutral;neutral
efh9yyp;Yikes, maybe [NAME] can pull some [NAME] magic with him ;neutral;neutral
eeraeze;I'd be careful with that, could be construed as cybersquatting which is illegal.;caring;love
edibjfe;Or just use a fast weapon. He's pretty predictable once you get his patterns down.;neutral;neutral
ef67xn0;Omg, unbelievably scary. Insane ;fear;fear
edpzdjo;Happy birthday!;gratitude;joy
ee6v2ij;you are a good man;admiration;joy
edn8uyh;And the ability to get time off for all these trips;neutral;neutral
ee3wney;Went in to the comments to look for this. Thanks!;gratitude;joy
ee64ooe;Thanks for your kind words. They made me tear up a bit.;gratitude;joy
ee7hjmp;"Ooo... ""authentic incel porn."" Not gonna lie, I would watch an incel lose his virginity if the production value was even half decent.";neutral;neutral
eebmaol;"""RUDY! RUDY! RUDY! RUDY! RUDY! RUDY! RUDY!"" Come on, gimme more [NAME].";neutral;neutral
efewzys;Ah, pillars of society. No wonder MLS is so highly regarded.;admiration;joy
eesf98t;That escalated quickly;neutral;neutral
eemibsh;The leader of the revolutionaries would be exploiting the labor of the revolutionaries below him!;neutral;neutral
edu7o3w;Is there a link for razz discord?;neutral;neutral
ed3gbxk;For the record I don’t necessarily want him either. I just think he’s a compelling person.;disapproval;anger
ef5yfhb;So ungrateful. I wouldn’t have even offered that bc ppl who try to argue with closing times are not people who settle.;annoyance;anger
ef6u5dw;Fackin foreigners trying to steal ar players! #WeAreAllTommyWright;neutral;neutral
efa5m1w;You are stating your opinion as if it were fact. [NAME] has face tattoos and I think they are incredibly sexy, attractive and appealing.;neutral;neutral
ef91k4z;What is the $250,000 figure based on?;curiosity;neutral
ee4djdb;They'd never give her a crown but it would be so good to see her back on my screen.;desire;neutral
ee02ts0;Care to explain?;neutral;neutral
edpcomy;...be careful, guys;caring;love
eeorgbw;You’re a liar. 😂;annoyance;anger
ed95s39;We will welcome you with open arms <3;gratitude;joy
ee8e6n1;I tried to google up another but they were the only one reporting at the time.;neutral;neutral
eeorub5;[NAME] IS girl number 3;neutral;neutral
ee5i0j2;I have trophy jeans and a trophy bra! Although RIP my boobs because they were the one thing I liked about my body back then  );disappointment;sadness
edinn3n;I think the biggest fucking thing is that apparently reaper has a goddamn family himself.;anger;anger
eeeaw8j;Don't do [NAME] dirty like this smh;annoyance;anger
ef9zipz;> complains about fun > plays game mode with the most fun > loves it FTFY;love;love
ee12et5;Thats great... Here same with me;admiration;joy
ee31iqr;THATS WHAT SHE SAID...HAHAHAHAHAHAHA!;joy;joy
efbm1g4;Nihilism makes me happy, but I know that’s just my opinion.;joy;joy
ee84cqv;Uffda. What a hero.;admiration;joy
ed73okq;I got that reference;neutral;neutral
edlifi8;[NAME], what? That's pretty hilarious and disgusting. ;disgust;disgust
ef730h7;Oh no [NAME] bb what is you doin?;neutral;neutral
eemt4jk;I mean, this just looks more like a case of a guy being overrated coming out of high school.;neutral;neutral
ee0apa5;And it’s only 100 degrees with 90% humidity.;neutral;neutral
ed4tda4;Actually that specific detail is one of the few you can actually use as Lucio. Because it has a horizontal aspect you can wall ride it.;neutral;neutral
edp6yl4;Yes, because I've always wanted a father figure who throws a tantrum every time he doesn't get his way.;desire;neutral
ed2ooof;I don’t know ,I kinda find this funny;amusement;joy
eeketov;Yikes. Be careful out there.;caring;love
eelpp19;Still helpful. Thank you!;gratitude;joy
effidao;I used to do shit like this...back when I had a serious drinking problem I was in denial about;annoyance;anger
edjl93i;Glad I took the 1st half spread;joy;joy
ef5i3av;Thank you for your message, I read it when I woke up and it helped. Thank you for showing kindness to a stranger;gratitude;joy
ed8vuhz;Both of you should!;neutral;neutral
eda0er2;And leave a beautiful corpse;neutral;neutral
ee75uj1;Fuck a newspaper;anger;anger
ef811q5;Didn't realize I'm so famous!;realization;surprise
eehts6r;WHERE IS THE JOKE;annoyance;anger
ed6xfs0;Doubters. I'm still waiting on a status report of the 2 fluffers from a few weeks ago. WOOF!;disappointment;sadness
ed1j9al;>Eat more salad Might I also suggest some vegetables too. You'll feel infinitely better;caring;love
ef30dyy;They always blab about IQ and other garbage but they have the intelligence of a bag of hammers.;annoyance;anger
ef8pwo7;Shoulda picked up [NAME] smh. Y’all had a golden opportunity to pick up the god himself as a sub.;neutral;neutral
ee16pk4;I've invested 9 goddamn years watching these twits. I'm going down with the ship.;annoyance;anger
ee3ekw7;Found the militant long time Southwest employee? ...and if not, I am constantly amazed at what random people will get mad about these days.;curiosity;neutral
edrigey;It's actually somewhat maddening to me that there are people who watch his video and actually think he is doing a public service. Yikes..;annoyance;anger
ed5hj2l;I do not disagree with any of this. Good take, sir.;approval;joy
edan1sb;Flair checking in! I love it when they don't change the template messages!;love;love
eff15np;I’ve never heard of a vet adopting out pets before.;surprise;surprise
ef7f04d;Miami - Dade;neutral;neutral
eelb8r7;I don't like football but the 10 minutes of actual football has been pretty entertaining so far;admiration;joy
ede39a0;Sadly, it ran.  ( I hope you're enjoying your trip overseas!  D;disappointment;sadness
ef5rlpi;59 days until opening day!!!!!;neutral;neutral
effbd7i;Totally agree, except I usually (this occasion included) lack the pity haha.;amusement;joy
ee1z4ot;Still is glitched to this day.... sad;sadness;sadness
eebfl6z;POINTER!!!!!! YOU DA REAL ALL STAR!!!;admiration;joy
eenhw3s;I just love that this is appropriate for football now/again. #FuckLA;love;love
eea7c4o;Boner. I'd have the weirdest boner.;embarrassment;sadness
eerj952;It's also not worth the costs because most of the time people are being petty don't actually have a claim to make.;disapproval;anger
eeis7pu;I enjoy gameplay grind. Don't shoot me lol.;amusement;joy
ed3co3z;"I was not expecting the giant ""POLICE STATION"" sign. That just makes it all the better. ";neutral;neutral
eea6kdp;"What was the ""injustice?"" Nothing happened to him. Assuming his story was not hugely exaggerated to fit the victim card.";disapproval;anger
edfb6ec;Maybe so , i just dont know about him, team has enough turmoil they just dont need any more distractions;confusion;neutral
eedgm57;That is insanity;annoyance;anger
eetho28;#29 GINNNO ODJICK;neutral;neutral
edkvv9t;I wanna put baby shoes on my giant adult feet and baby stomp all over a cheesebreather's fucking toes;desire;neutral
een1j3a;they will also hate the eagles for years to come because their fans were a bunch of meanies;annoyance;anger
eecy12e;Y'all i have option one. Lemme tell you. Sex is important. I miss it;neutral;neutral
eet71ko;Other form of distractions such as shopping, reading, media, being here and also being surrounded by people I find attractive  -/;neutral;neutral
ee3p1f9;You have an amazing instinct to protect him. It’s beautiful;admiration;joy
edtxzkt;Tu eres very nice man;admiration;joy
eexkhrm;But you appear to think you have some amazing insights on how to handle a pwBPD. Have you considered the possibility that you don't?;admiration;joy
eesqysc;Keep going! Every day you stick with it is another victory you can cherish!;optimism;joy
eexmmdc;No no. totally justified;approval;joy
ee22y53;What happened? Did something set you off? THough sometimes we can have good days and bad days, don't let it offset the progress you've made;curiosity;neutral
ed9xr9z;Well ya ideally should be cleaning piercings with sterile saline anyway sooo.;neutral;neutral
efcojet;Thank you so much. That means a lot. ❤;gratitude;joy
ee3jtt8;[NAME], this is your MLA, right? Dude *does* seem like a plug. ;neutral;neutral
eewmgpv;"lmaooo you're right I did mean [NAME] by that haha ""she"" lol";amusement;joy
edxwle1;But sweat pea it’s a MAN wearing makeup! My gay bestie BABES 🍭🍆🧖‍♂️ ;neutral;neutral
eednuty;When you decide to root against your favorite team, for a better future “The hardest choices require the strongest will”;optimism;joy
edvsi3r;Wow. These people really deserve some *clove*, especially on subshops.;admiration;joy
eepo4t6;He is a right click bot now lol, but seriously you do the same but with worse mobility.;amusement;joy
eegripk;Cant wait to draft my man early to mid second round next year. If I'm drafting late first I might really go wr/wr;neutral;neutral
ef91qi7;See, guys??? It’s happening!!!! ;neutral;neutral
edsp4xp;> If it concerns you a lot, after 3 times you can actually just register another card. Good idea. ;gratitude;joy
eeq23lq;Yeah he's a cunt but that doesn't mean he should be prosecuted for a joke. No matter how bad taste it was.;disgust;disgust
edbtnxj;Lord [NAME] called, he wants his style back;desire;neutral
effff2z;YES CIZ so glad I saw this here, really well done, there is no end to your creativity.;admiration;joy
efc9def;To much of a good thing is a bad thing;approval;joy
eeznkcf;(i'm tickled to see the tag Kalamity catching on around here);neutral;neutral
ednbqbt;Oh no! No, there was nothing wrong in your comment. I appreciate you taking the time! ;admiration;joy
eeekb3t;You’re so perfect  );admiration;joy
ef9vxk1;Situation in chess where it is better not to move or you will end up in a worse position is called Zugzwang.;neutral;neutral
eelqr8r;Welcome to Reddit!;excitement;joy
eegqgtl;RIGHT?! My mom would literally never forgive the bitch 😂;amusement;joy
eeuyos6;I know they don’t want it. I just wish they did.;desire;neutral
ef8d10z;Oh sure. I bet [NAME] is sick. Sick of Skyward Sword.;disappointment;sadness
ef2mvd2;okay but where to find bara that isnt fetish/sex stuff and is more wholesome and romantic?;neutral;neutral
ef49bp3;Oh wow. You really know your stuff. Luckily I don't have diabetes yet so that's something;admiration;joy
eeeyi6k;Is it weird if I said I forgot how brutal things could get? Like what happened to [NAME] oh my-I was appalled.;annoyance;anger
ed5zozk;Bro, he left his team in the middle of the game... idc what argument you have with [NAME] you still left your team.;anger;anger
ed9tqz4;That partially explains why season 4 was such a fucking mess;disappointment;sadness
ee48pcs;Edward Lear, lovely chap.;admiration;joy
eetpais;If he moved on, it’s time you do too. Plain and simple... your 15 years old... lots of time to find someone new.;neutral;neutral
eep9pse;Viral marketing for [NAME] new tour?;neutral;neutral
ee3mzqh;It was a beautiful week;admiration;joy
edzwmxs;Correct. I still play NHL Faceoff 98 and I always turn that rule off, because it's terrible.;approval;joy
ee9vhsa;You are a great grandmother.;admiration;joy
eeldqgx;A blanket. My friend crocheted me a blanket a few years ago and I use it every day. Love this thing!;love;love
effm9ct;[NAME] loves rui too afterall;neutral;neutral
ed96sxm;Yeah, he does. Just because he draws different conclusions than you doesn't mean he isn't reading [NAME]. Get out of your little bubble.;anger;anger
eeig4r0;That’s awesome! Heal up quickly;admiration;joy
efc3bml;Politicians be like yo we cant raise minimum wage because then companies will just replace all their workers with robots...;neutral;neutral
ef16sde;I don’t understand how her parents were able to take kid when she claims they are horrible alcoholics;nervousness;fear
edw7wz9;Irrelevant, actually You're both talking about different things;disapproval;anger
edwdb04;This comes to mind.;neutral;neutral
ed196uj;Thanks, it’s funny how to me this seemed a leap but not one person agrees, lol;amusement;joy
eeqfilz;Yea I would've lost it there;approval;joy
edg8cja;“Those floors with *that* paneling? Ugh! Disgusting!”;disgust;disgust
edfpf89;[NAME] deserves better;admiration;joy
eet9674;You sound like you're going to be a great PA! Good luck in your new career.;admiration;joy
edj0681;It was at that moment she decided to go back to college.;neutral;neutral
ee97vbu;Like this game from a week ago? 26 points 14;approval;joy
eczfzz7;I wanna know about the sky being LCD! You ever hear the one about the [NAME] faking the return of [NAME]?;neutral;neutral
edl2fdy;>They played three games in a week three separate times. [NAME], that's absolutely brutal;surprise;surprise
efgeuen;oh man. it took me so long to figure out what you are saying. its literally [NAME];confusion;neutral
eebpwp9;Yeah their passes are crazy.;admiration;joy
eeh9qft;Thought he dislocated his shoulder at first;neutral;neutral
edy5lt7;I’d like to know too. How lucky am I that my first ever relationship was with a pwBPD. sigh;neutral;neutral
eev0tey;For I second I thought he was a sophomore learning to drive based on that figure, baby face from a distance and choice of clothing;realization;surprise
ed6swqh;Personally, I prefer my seafood not tainted by oil spills. But you do you!;approval;joy
ef3ueah;Please do. lol;amusement;joy
eev25a1;OMG [NAME]!;excitement;joy
ee5p45c;She’s clearly hanging at least part way into the space. She’s so dumb;annoyance;anger
edy0uwk;Grew up watching avatar and [NAME] is one of my favorite video game protagonists, especially when RDR2 came out. ;love;love
eeg8ezh;I’m in Florence right now on a holiday and my [NAME] does it make me want to replay that game;approval;joy
eewm10f;They'll just confiscate it here. I remember I had a pocket knife in my bag that I forgot about. They just took it away.;neutral;neutral
ee2y9j7;When you open Boost for Reddit in dark mode and you're greeted with this post;neutral;neutral
ee4miqe;Fuck so obvious;anger;anger
edeutkm;So you then took that lie and began aggressively cheating on him? Your post history. Wow.;anger;anger
edrpy4s;Really visually haunting though. For me, it makes me think of strange alternate futures and dystopian sci-fi worlds. ;fear;fear
efahyao;It's probably easier when they're stuck on an island;optimism;joy
ed1rmky;good luck with your baby! i hope everything goes well for you and your SO lol;optimism;joy
efc3kii;"Aaaand I'm still here. I don't have a alt account but whoever you reported I""m sure is alive and well. You're terrible.";fear;fear
efdw6wt;Is that what happens is [NAME] route? I chose [NAME] and he only does once.;curiosity;neutral
edvj0od;Idaho lot rather we stop with these amas.;neutral;neutral
eeyclt6;I think that’s beautiful, and it looks so easy for whoever has to clean it, no fiddly bits. ;admiration;joy
ed1nwum;[NAME] is my life!;neutral;neutral
eendihf;Can't stand having sex with you...?? Just horrible thing to say... You deserve better!!!;embarrassment;sadness
eeumitx;It's fishphobic!;neutral;neutral
edr68ge;Glossing over [NAME] doesn't do justice to how crippled my team was after picking him;annoyance;anger
eewfzsl;Vote every one of them out that was quoted as being upset about the wire and not the corruption.;annoyance;anger
efdfvft;The lead designer, not the producer  );neutral;neutral
eewayw3;Sorry, but anarcho-anything are bot welcome there;remorse;sadness
ef0yyrf;Where did he say he's superior to [NAME], anyway? ;confusion;neutral
efdiq69;Same reason the KKK, a radical [RELIGION] group, burns crosses.;neutral;neutral
ed70i2q;i never thought i would read the phrase 600 lb cinematic universe but i am glad i did;joy;joy
eel42m0;I mean I would be a [NAME] and I’m pretty reasonable.;approval;joy
ef0vpau;Probably yes. Impossible to say without details. Has he tried giving the bill to his insurance?;curiosity;neutral
ef09k1c;Im so sad how that movie turned out. We could have achived something good;sadness;sadness
edg7oc3;Well, only the fringe dissipates into the ether. ;neutral;neutral
ed5c5qg;Ty! I was going crazy tryin it, canging things... i'l wait then  -);gratitude;joy
ef3w0l7;Try really warm water instead. It's awesome.;admiration;joy
ed0dijv;I now live in the Mediterranean, which is nice. ;approval;joy
ef1o2fu;What’s with the video being off?;neutral;neutral
eeepjgl;Thank you for the support!;gratitude;joy
edog0xh;ok now you are being adorable on purpose i see what youre doing;neutral;neutral
ee3gb8q;I worked at a hospital in northern NJ and float pool was only $4 extra;neutral;neutral
eewovmg;lol Whatever that proves, sure.;amusement;joy
edpe2yy;Wrong. Im a [NAME].;neutral;neutral
ef2ycmu;My condolences.;grief;sadness
edrb24b;I beat my dad;anger;anger
eeccp91;This hits a little too close to home;neutral;neutral
eewa9ft;Red, Green, Blue. It's like a Christmas tree Edit  lol;amusement;joy
ee8quxu;Has any news been confirmed of whose playing [NAME]. I hope we see him soon to grasp how charasmatic he can be;approval;joy
edghgjb;We should strip [NAME] of his Stoney badge for being so soft.;neutral;neutral
ef8tnkb;yeah I figured, that's actually incredibly annoying. that only flies because they don't care about bf4 anymore? time to start favoriting servers I guess;annoyance;anger
edx8eru;I am still missing money from a August 2018 withdrawal with no update and no success. Quadriga - give me back my money!;annoyance;anger
efbqlwb;Aww!! Thank you! I had fun making it, I also ADORE [NAME] 😍;gratitude;joy
edwcpgk;Except forming an opinion of a topic without even having basic knowledge of said topic makes you sound pretty arrogant and entirely undercuts your opinion.;anger;anger
edjziw3;Sorry I'm a reddit noob but why do I get notifications of comments on my thread but then they disappear and I can't read them? Lol;amusement;joy
edodxh8;Wonder how he feels about [NAME] now;curiosity;neutral
een6zc5;Triple single son;neutral;neutral
eefujg3;Folks are complaining about the new buses.;neutral;neutral
edpw2z1;[NAME] boxing gym in Ross is super inviting to everyone! It's a legit boxing club that is also friendly to folks just looking for a workout.;admiration;joy
eetih44;What made you so interested in great whites?;curiosity;neutral
ee4x7x2;There are far more bad ones than good ones. Stepparents that treat their stepchildren as their own are noteworthy for a reason.;neutral;neutral
eczusbt;"""By far one of the best"" Mmmm";approval;joy
ef9ttoi;Also part of the idea is that it’s nothing special. It’s just our flag. You don’t have to order something different.;neutral;neutral
eed4tkd;It's perfectly fine;approval;joy
edcau2b;Glad I'm not the only one;joy;joy
eexet2b;Dude the speed which the cop came running is amazing;admiration;joy
ed6dxeq;It's realistically his last chance to get a big payday.;neutral;neutral
eelw51m;Watching a friend go through her wedding made me decide to marry at city hall. I wanted a marriage, but not a wedding. ;desire;neutral
efdqjsb;Worried me there;fear;fear
ed8p2zm;Bzzzzt, try again;neutral;neutral
ee09cut;I own literally no red shirts, would grey, tan, or purplish be okay?;neutral;neutral
eeipi7y;That's a really cheap cop-out for rather common criticism of those games.;annoyance;anger
edwe3w0;So can we all collectively accept that [NAME] has a high placement for this week? Okay thank you;gratitude;joy
edxwbji;So America and the USSR are the exact same thing to you? Sorry you're so small minded, hope you learn to grow in the future.;optimism;joy
ed2w9h3;It’s not even news.;disapproval;anger
edxf3vx;Refusing to pay someone for work that they've done is theft. You can try to justify it any way you want but that's what it is.;disapproval;anger
edjycmm;I've just listened to it on my way from school today! [NAME] anatomy introduced some beautiful music.;admiration;joy
edo2loq;This is my ex and I rib about this all the time;neutral;neutral
ed4txch;Great pick! Especially when I realized she was meant to lose yesterday...good luck!;admiration;joy
eeywp88;As long as you don't kiss her whole face you will be fine. If you both want it, it shouldn't be awkward.;neutral;neutral
ed9aauo;Hahahah this is awesome.;excitement;joy
ee4o2mk;Fake news! but really, that's awesome to have a parent that actually understands how to teach their child accountability. ;admiration;joy
eejz2sc;The music caught me off guard;surprise;surprise
ees6odw;i passed thanks everyone;gratitude;joy
eez5rv9;I gotchu bro, house By Gucci Mane I’m a huge Gucci mane fan. ;approval;joy
eesyu4o;The description of the cut marks that KZ gave in MaM sounds as if a sawz-all was used.;neutral;neutral
eetyh82;Absolutely glorious morning. There is no better weather.;admiration;joy
ed9goic;I'm not seeing eye patch guy;confusion;neutral
ed4pkry;"I recently came upon the term ""that slaps"" in reference to delicious food, or simply an enjoyable experience. ";neutral;neutral
ee7g7q2;Help me [NAME] I'm bully in high school for no reason.;fear;fear
ed1vgtp;Rose coloured glasses get rosier as time goes by  ) You'll move on eventually. Treasure the memory but be present in your current and future relationships.;approval;joy
edcqf5m;that was so sad  (;sadness;sadness
ee2q9ox;Reminds me of [NAME] in IASIP;excitement;joy
eehm1c1;Fair enough. I considered it malicious compliance because I followed the letter if the rules while purposely not following the spirit.;neutral;neutral
ee103qd;people have built such a stigma around it that it's what comes to mind first instead of positive thoughts.;neutral;neutral
eevkkqw;I thought that type of camouflage failed horribly because the high contrast and defined shapes made the ships really stand out.;fear;fear
effdp1n;I'd say Rick and Morty fans. I'm a fan of both but I feel that Rick and Morty fans take everything way more seriously.;neutral;neutral
ed3muot;Honestly the rarity is fine, I find it once every 25 games but the health needs work. ;approval;joy
ef4s68i;Seems like cutting out the middleman. They already know they are fat so no need to go to the doctor;neutral;neutral
eff52fk;Oh my. Bless this dog. He is a big boy. I love him so much. Tell him I love him.;love;love
eev7uaa;I thought there's a top 5 and they filmed each elimination? What makes you say [NAME] isn't there (though I'd love [NAME] to be);curiosity;neutral
ee2kpvc;Best thing about making moonshine is the ether vapors you get to collect  );neutral;neutral
eds3peb;I came.;neutral;neutral
eedb2er;Look like when i wake up in the same bed with my uncle;neutral;neutral
edted0j;And AI will somehow be magically more disruptive than the industrial revolution. Because... reasons.;neutral;neutral
efaegvh;Something is eating this poor redditor and I don’t think it’s the injustice of society at large to accept face tattoos.;disapproval;anger
eeiupun;Have you ever consider knocking three times and that hide and seek/stalker vibe is terrifying. It's the most disturbing thing I can link you my AR 15.;annoyance;anger
eef3jau;> we can't john beard that big;disapproval;anger
ef32sdd;I'm literally screaming.;sadness;sadness
ed86t6r;Weird as I do know I've seen CoC waste/recycling services trucks picking up bins as early as 6 30AM.;disgust;disgust
edwoue2;[NAME] scratched again lmao. Lines are good though. Pretty optimal considering what we have imo. I like [NAME] playing with [NAME];amusement;joy
ee4aylr;Super [NAME] with a hat, or providing a buffed hat sounds really funny, if incredibly useless.;amusement;joy
ee1coxx;Yeah you better hope. I just switched to combat pro from standard and I gotta say my builds are 🗿;optimism;joy
edbhgih;What exactly is insane about this;curiosity;neutral
ef4oqyd;Analytics and instagram... are you joking?;confusion;neutral
edyn827;Ah to be a young teen again;excitement;joy
eenpbwr;This is the first time in the last two years I've seen somebody compare current politics to a series other than Harry Potter;neutral;neutral
ee2rrgs;No you are providing more than enough evidence. Post histories do exist. Now fuck off.;anger;anger
eenp1pd;> he might not have seen the truth by the time he had posted the video That's kinda the *whole fucking problem.* Fake Motherfucking News;anger;anger
edgp3eg;What the hell kind of university schedules a class at 6am?;anger;anger
ee9a0fj;OMG... Dad!;surprise;surprise
ef4urxy;That's exactly what I thought too!!!!;excitement;joy
edkjmgs;Wise choice. You had kebab.;approval;joy
ee92p4n;[NAME] and [NAME]? High five on the cheers tho;curiosity;neutral
edf3ixd;Listen to only [RELIGION] music.;neutral;neutral
ee10n7g;Saw this on r/teenagers first haha;amusement;joy
ed1pn0a;I guess some people just hate fun, lol;disapproval;anger
eeod0cc;Can’t even tell what’s happening here. This isn’t cringe.;confusion;neutral
eeg5t8c;Post the shaved [NAME] bro! #1 guard all over!;neutral;neutral
edn5tyk;For both of us to be done school. To be in a secure spot financially.;neutral;neutral
eer2q78;I'm just too lazy to count a subreddit for 20 characters every time I see one;neutral;neutral
edi9oqf;True, but it is deceptive when dealing with c diff, it may give them a false sense of security.;approval;joy
edkq0pv;Yeah thats exactly what I said. Im too weak to do it.;approval;joy
ed4edc8;Probably not, and I'm fine with that. Not exactly the position nor type of person a rebuilding team needs. ;confusion;neutral
effaom0;Shut up and dance;neutral;neutral
eduhvb7;Lmao servers in America make like $2 an hour with no tips.;amusement;joy
efaqwhx;That sounds really cool! I'll be there;admiration;joy
eelmaa4;I was a [NAME] fan for a good bit, so that swayed me a little towards his teams;neutral;neutral
efbxxwq;Maybe when they get away from David cage finally the plots won't be so Melodramatic and on the nose.;neutral;neutral
ed48aqg;Just keep going and don't lose hope. Stuff like this can happen all the time to anybody. It's just bad luck;disappointment;sadness
ef39gwn;Oh, I see what you did... Trying to confuse me.;confusion;neutral
ed5uiry;"Yep. I did this in uni, got mad respect for holding my ""booze"". ";pride;joy
ee0vbba;You can't see me, Vern.;neutral;neutral
ef9n3lf;You're an idiot and no one believes you and your telegram jerk-off buddies.;anger;anger
eev4wml;This is good. Thank you!;gratitude;joy
ed52w0c;Anyone else think [NAME] talks too much in this and drowns destiny and hbomb out My man be talkin;annoyance;anger
ed6rxsh;Be single for a while and get your mind right before being with either of them or anybody else.;neutral;neutral
ed060n3;Chat Room or Messages??;neutral;neutral
eezdk5s;Man you take your sims really seriously.;annoyance;anger
ed5o8h3;You’re doing so good! We’re all so proud!;admiration;joy
eeqzxzj;Oh, what a tangled web we weave When first we practise to deceive!;realization;surprise
edgrpuf;The only one I'd recomend is [NAME] to be honest;neutral;neutral
edkh28y;What kind of behaviour is considered unattractive? I'm pretty clueless when it comes to dating.;confusion;neutral
ee28j4y;You can make a complaint and get damages if this happens. They are required to not pester you for two years if you fill it in online.;neutral;neutral
eeo4x88;I thought my [RELIGION] boarding school was weird but now it seems pretty tame and mild in comparison.;realization;surprise
ee70370;My bio is pretty funny... I got ‘If you’re a Catfish then you’ll be charged a call out fee of £120.49’;amusement;joy
eens4w2;Damn [NAME] is KILLING it;anger;anger
effz7h6;Memes that were made 2 or more years ago don’t count. They were probably funny back then, just not now.;amusement;joy
eepq5y3;Thank you for sharing this with us;gratitude;joy
edokzwb;Oh. I have anxiety for her and this conversation.;curiosity;neutral
edyws2s;"Also, [NAME] has reached the ""retweet fans pressuring him to run"" stage of unofficially running.";neutral;neutral
ed1dgap;Hoping LSU can kill 2 minutes and 20 seconds of clock here and not let UCF score more...;optimism;joy
eeupgje;One more thing don't try to like eavesdrop or anything just kinda bring it up organically;neutral;neutral
edz7kad;Well it obviously helps you rationalize your total unwillingness to take action to make the world a better place. I hope that you grow past that.;admiration;joy
edrjfqi;I recently got a job that I wanted so now I don't have to live paycheck to paycheck.;joy;joy
ee1get8;Thanks [NAME] for winning so we don't have to see so much of [NAME] laughable career dwindling away.;admiration;joy
ee96f1t;Sadly no... I’m in Delaware 😩. But I’d love to help in any way I can. Keep me posted. ;love;love
eex55fg;Watch it! He has the diabeetus.;neutral;neutral
edr1hz6;Holy fuck. Best idea ever. Thank you.;gratitude;joy
ef6cvr0;That facial hair....guy just finished playing red dead redemption 2 probably;neutral;neutral
ee5xvub;good news is his fall was cushioned by [NAME] soft hairy body;neutral;neutral
ede81cn;Sadly there's a good chance that you still need a car anyway because that affordable neighborhood will involve a one hour commute.;sadness;sadness
ef54tnr;I would never have believed it. Having experienced it, it is true. Completely. Different. World.;approval;joy
ef5hhri;Deep down you know pain is temporary and you'll do it all over again the next weekend;neutral;neutral
ed2655t;No justice with a cop's bullet in your head;neutral;neutral
ed6syhw;You fool! Now look what you've unleashed!;anger;anger
ee68cn9;[NAME] will have to redeem himself by getting a hatty. LGP!;neutral;neutral
eejjr65;Guice was a fuckin monster.;anger;anger
eexcq19;Just take them and get them vaccinated without his knowledge. Only one parent is needed. Dont even tell him after it's done.;caring;love
eenbh7x;Yeah, be sure to choose an option that won't be painful and has no chance of survival. And make it quick.;caring;love
edqc1yz;This is really helpful to point out!!;relief;joy
ef02evj;nah it takes it a lot more than one time, I reckon you'll be fine considering your aware of the risk;realization;surprise
eewu1km;I'm in the UK dude. It's happening everywhere and most people are either busy hating or living in a bubble so are oblivious.;neutral;neutral
edo362k;I see you with Zangetsu, and I like it;admiration;joy
edpgrl4;Because physical contact promotes bonding. Healthy relationships increase both partner's wellbeing. Routine can be frustrating. Especially when you want to try something new.;neutral;neutral
ef1zrig;I think it's normal. Don't analyse how you look like and worry about it btw, those idiots sure don't when they say their bullshit;annoyance;anger
ef4beb7;welcome to a whole new world, my friend ;neutral;neutral
edlxact;If by probe you mean “ask questions” then it’s To fully understand what you’re trying to say — why else?;neutral;neutral
edv77ab;Looks like backyard [NAME] and the gang have a new member... [NAME]!;optimism;joy
efgm98k;There is literally NO reason as to why the Japan ratings are necessary in this post. Zero.;neutral;neutral
ed521dw;Also N.e.r.d and [NAME] reference lmao;amusement;joy
eeg1sc5;She has a good voice for a yoga teacher;admiration;joy
edtfkk2;Lmao, this guy is a tool.;amusement;joy
ed5zta4;Sounds like a great chap;admiration;joy
eduivne;[NAME] is 110% 24/7/365 all the time Swag, I just can't fathom.;neutral;neutral
edz9zrb;Unfortunately, successful and rich people blame foreigners too  (;disappointment;sadness
edrxgoq;Kid thinks he’s [NAME]! Mmm... Pound cake...;neutral;neutral
ef8y338;What happened in his personal life? I know he had a bunch of head injuries  is there more than that?;curiosity;neutral
efftjy3;When you insult someone you might want to start by insulting them to where they can understand what you're trying to say...who givES A fuck .;anger;anger
eergwgw;[NAME] will be livid if he does not get a burger but see [NAME] stuffing his face.;neutral;neutral
ee8h1wq;I'm surprised he survived the primary.;surprise;surprise
ee75h2b;The altcoin thread!? This is the first time I've seen it in 6 months.;surprise;surprise
eed8m6e;"Can we not say ""Team [NAME]"" or ""Team [NAME]"" etc. That's too close to us style politics for my likes...";curiosity;neutral
ed0uib8;The cognitive dissonance is strong with you.;neutral;neutral
eebmhdn;I find it unfortunate that you use gender-non-conformance as an insult.;disappointment;sadness
ee07ldq;The only ignorant person here is you, and the Pope who makes the same baseless claims as you.;anger;anger
ed8dcup;It's the issue with a lot of 'activists' who think all's they have to do is exist.;neutral;neutral
edq1nvk;Oh, I realized that moments after rolling down my window, when his hand came through the space. ;realization;surprise
een4s88;[NAME] is a MOTHERFUCKER;anger;anger
edh3gi7;Oh sweet I get [NAME] powers;neutral;neutral
ef7odkl;This response is highly unexpected yet logical. I’m fixin to chew on it for a spell.;surprise;surprise
edu9dc7;hahah if only he had reddit;amusement;joy
eeu0j16;Not a fan of Hot Space. I like one song on there and that's Under Pressure.;love;love
eeepbx5;I love it! It’s strangely charming lol!!! Especially when she comes back to camera speaking normally.;amusement;joy
ee61cjd;Having a good list of alternatives would be something great we could produce;admiration;joy
eeqdu2p;The must be on the prowl because I've been getting these calls a lot lately.;neutral;neutral
efh0u98;People are disgusting and insane.;disgust;disgust
eevcnj0;Quite enjoying this tbh;joy;joy
edcm8gf;UNLESS THEY ARE ABUSIVE OR IT'S AN LDR!;neutral;neutral
ee5ne6r;0.1% is a 1 in a thousand chance there, dumbass.;annoyance;anger
edq7vl7;Just a simple man trying to make his way in the galaxy;neutral;neutral
eelv98w;Damned asshole trouble maker!! Someone has mummy issues. 👀;anger;anger
eer85ad;What reason do you have for not already having been prepared?;curiosity;neutral
eesno19;I am shocked they don’t have a vanity plate that reads “Beer Cheez”;surprise;surprise
eezxeyk;"Gotta love how ""QUESTIONING"" is front and center in the list of things these warriors for [NAME] consider brainwashing.";love;love
eec8lim;Imma say this didn’t happen;neutral;neutral
eezsr2a;Soooo [NAME] is f**ked;anger;anger
ef4dlbf;Intp (;neutral;neutral
eewy6r4;Just report his comments let the mods take care of this misogynistic twit;neutral;neutral
ee4ayz5;[NAME] has had this problem forever. Hopefully she fixes it, because it gets old and is a relationship killer ;optimism;joy
edo6089;They're a Queens family. [NAME] would be one of those dudes who sits outside of Bodegas and bothers high school girls when they walk by.;neutral;neutral
edaw2j2;What a brave man.;admiration;joy
eduh4w7;he's clearly not equipped to argue, i can't decide if he's a dumbass teenager or a dumbass boomer. ;annoyance;anger
eebmw88;Wouldn’t doubt its for good reasons, just didn’t understand what the were.;neutral;neutral
eeszbk9;Mirror;neutral;neutral
ef0rbe1;Never heard of anything other than brain freeze. Are the cheese heads moving south?;neutral;neutral
ef7u9ct;...Nobody ever remembers [NAME]. If you could see those others, you certainly could see [NAME], which is the second biggest of the lot.;admiration;joy
efa4vwq;That’s a pretty high amount to pay per week over here, don’t know about the us though.;admiration;joy
eeeqkxh;Oh well maybe your cousin gave his account info to someone lol.;amusement;joy
ed9zu79;My thoughts exactly, I hope [NAME] doesn't get too much hate.;approval;joy
edv2j3i;Good luck! Let ~~me~~us know how it goes!;optimism;joy
edhanm0;Yep, she's completely isolated. Part of the abuse.;neutral;neutral
ed1b5wt;And then if you don't go out and actually sin, you've done nothing wrong.;neutral;neutral
ee4z5o3;What a deliciously glorious rant. I suspect he is not alone in his opinions.;admiration;joy
efbda5w;Try your luck with ranked. it you stick it out enough you'll get high enough to play with good players;optimism;joy
ed7wzat;No I am still friends with the person I value his friendship he can just be...judgy?;approval;joy
eeema0n;[NAME] is soft as hell boi got bullied in Minnesota;neutral;neutral
ed8id0h;Wonder what [NAME] [NAME] thinks about all this;surprise;surprise
edt2deu;I havent done a full rewatch since the finale. I think I might be ready;optimism;joy
edoz6ot;FUCKING RIGHT COLIN WHITE AND OF COURSE MARK STONE;approval;joy
edrlgil;Hands to the back;neutral;neutral
eere80w;hard working, alpha male, jackhammer, merciless, insatiable;neutral;neutral
eeabdmg;"Laughing at ""indoctrinated by traditional values"". Good luck in life.";annoyance;anger
eevpwe1;I’ve massively improved but it never really gets cured. There are always situations that will give you anxiety.;nervousness;fear
edg9o40;In Rainbow is super amazing album as well.;admiration;joy
edoghuz;[NAME] sub, dolphins sub, and [NAME] subs are having a field day right now lol same old jets;neutral;neutral
edxs8m8;Your heart stopping is technically a natural cause.;approval;joy
ef4t3ur;"How about texts between them? ""On my way home."" ""Ok, see you soon.""";curiosity;neutral
edqdu5y;I'm not too excited to see [NAME] and [NAME] throwback offense again. Run 3 times punt and play great defense. Zzzzzz.;excitement;joy
eewzmut;Is this a real thing? I'm a terrible stoner.;fear;fear
edm3oea;Probably also saves money. An extra 3 napkins you dont use each time multiplied by thousands of people per day adds up quick;neutral;neutral
edychc5;Idk why you’re getting down voted I also pick it every time and almost always get it done on that initial skirmish;neutral;neutral
edur7xa;Congrats! How long was the journey? Did you stick with [NAME] the entire time?;gratitude;joy
eerx59g;[NAME]? never met one those.;neutral;neutral
ed0pwew;>Pri*toiletries*;neutral;neutral
ee8tkaa;Is [NAME] okay?;neutral;neutral
edaj429;Not when you compare it to CW though.;neutral;neutral
ee11yns;My dad wears that sweater every game day! It’s in much worse condition however;disgust;disgust
ed60knl;I like the way you think!;admiration;joy
ef5f877;Oh. So you are actually full of shit. Okay, noted. Thanks.;gratitude;joy
ef19rrf;Why cinnamon powder instead of bark?;confusion;neutral
eenvzo0;Why? I don’t think I’ve ever seen someone not like [NAME] irl or here. Witten I can see though.;confusion;neutral
ed32d92;You could always try the too faced born this way foundation. It has 40 shades now and it’s hydrating.;neutral;neutral
ed0i70k;fat people want to be oppressed so badly. I guess it's because they need an excuse to emotionally eat.;neutral;neutral
ed9o2lu;[NAME] and [NAME]. [NAME] podcast is great.;admiration;joy
ee1nqb6;No one ever laid on their death bed and said, “I regret not working even harder.”;remorse;sadness
eepwsnq;Is this about [NAME]?;curiosity;neutral
ee8gmy3;Also since so many are forgoing children or having fewer the is less needed to purchase very large homes.;approval;joy
eew6mts;Thanks for understanding;gratitude;joy
eeeuzfn;BCH has mostly stopped doing this too. No one who matters fell for it.;neutral;neutral
ee8z020;Funny thing is, I got mine today. Maybe it'll stop tonight?;amusement;joy
ef3xkza;They have a huge problem with rich freaks diddling kids, that's pretty libertarian.;annoyance;anger
eebdfk6;here's a nice little introduction video for;neutral;neutral
ee6ohr6;that’s awful🤣🤣;disgust;disgust
edwmvv5;People have gotten triggered on this sub the past month if you didn't call [NAME] a [NAME], so I think we can handle it.;approval;joy
ef607uj;And motherf'ing crack!;neutral;neutral
ef64yhq;Stop being disgusting. I dont know if you know this but all dogs are naked.;disgust;disgust
eczgm6f;Have you guys played Vancouver recently or has [NAME] found someone else to cut his hair?;curiosity;neutral
eeye3ry;Also pretty fantastic in Good Girls Revolt;admiration;joy
edsb8wi;Ok I love [NAME] for making [NAME] fist bump 3 times. He was so awkward with that haha.;amusement;joy
edhilfn;$20 too much;disapproval;anger
ee3ilue;Goddamn. I'd tap the fuck out if I was that other guy.;annoyance;anger
ed7jo5e;Thanks for this video. It was just what I needed;gratitude;joy
ed0txko;**LET’S GO HAWKS!!!**;excitement;joy
ed7bg7i;It's honestly the best news I've heard all season.;joy;joy
ee1rkwi;I can't imagine buds being very hard to find in Hawaii;surprise;surprise
edjsve3;Hopefully he gets traded;optimism;joy
edoejpx;I already told him off and typing the number into Facebook came back with a whole bunch of nothing.;neutral;neutral
ef5wsk1;Excuse me?;neutral;neutral
eff10hy;I don't think you can really go wrong with any of them, but I would suggest to watch him against South Carolina this year.;optimism;joy
eeorxwd;but you won't hear that from most of the press or people on this sub WHAT IS THEIR POLICY THOUGH lmao;amusement;joy
edzwslf;A friend calls this shadow work. I think you're right. It takes a lot of courage and persistence.;approval;joy
edqjvo0;You know it’s bad when you grab the toothpaste and start reading it;annoyance;anger
edcm3cr;Who was it? I got here after it was deleted, and I'd like to read the comment history.;curiosity;neutral
eduxkh8;On reflection I might've been harsh on [NAME], but Bandai's existence was forgettable like a swing flashback in Naruto.;realization;surprise
eetrfd1;I'm surprised that this is still happening despite the threats of an invasion of manbij.;surprise;surprise
eex08xg;And then everyone clapped;neutral;neutral
efafosi;I have little to no anxiety and it really helps me when i have to take a test.;relief;joy
efbnv71;Thanks for the P.S;gratitude;joy
ed2qpz3;This cheat... what would that be? I may have made a choice I'm currently regretting.;curiosity;neutral
ed219du;Didn't that used to be the Northern Bank building? Never been troubled by pickpockets in Bangor but probably because I looked too poor!;curiosity;neutral
eel75gq;BALL DONT LIE.;neutral;neutral
eef0mnk;> People on the team needs to be cool. yup, totally 2016(my csgo trading days) in a straight line.;desire;neutral
eenrens;The Ethical code of conduct. However it's subjective in many instances. But its based on impairment;approval;joy
ed7bpr1;Goodbye my tank commander!;neutral;neutral
efdl2kk;It would be a surprise to be sure, but a welcome one.;optimism;joy
eebuozc;It's pretty obvious why they're filming dipshit;confusion;neutral
eeo6ius;What the frick. I ordered a x box card;anger;anger
edvaqlg;[NAME] is his ex.;neutral;neutral
eecrq51;"Tranlated  Wooooo be afraid of the spooky ""shadowban"" so don't do the thing that gets your message to a wider audience. Smh";fear;fear
eeuzz11;My mom sent it to me so I knew it was bad but I didn’t realise it was already here;realization;surprise
eegb7jl;Downshifting in a manual to accelerate quicker;neutral;neutral
edoto8p;I honestly miss [NAME];realization;surprise
edk6w8j;Thanks for the advice I really appreciate it and I hope you're doing better now!;admiration;joy
eddktov;That dad must love monster high as well.;love;love
eect4wn;I’m curious what is their concern and their purpose to be plus-size people influencers regarding the fact that they do not belong to that group?;neutral;neutral
ef4vuyy;Watching [NAME] flip his head back every poke of contact is possibly the most frustrating thing to watch;annoyance;anger
eda3seg;Also them dealing with mean and petty people especially in school;neutral;neutral
eex2z2r;"Okay. I mean 18% of the words in the comment you replied to were ""Times"", but okay";neutral;neutral
ee9jvfx;Street Samurai Koji and Ojiisan Koji are my personal favorites. Greased Lightning Koji is pretty fun as well.;love;love
eerr82c;THIS!!;excitement;joy
ee7toae;That was my mistake. It should only show your First Name and The 1st letter of my last name.;remorse;sadness
efag0ql;Hasn’t hurt me none;disapproval;anger
edwyapx;They never seem to think this when the police arrive, with their guns, to end a terrible situation. ;neutral;neutral
edi4u1a;Honestly, if you did not, then you were watching the video incorrectly.;disapproval;anger
ef64yoh;This is why I love politics. It really shows how stupid people are.;love;love
eegfgs5;Good point, thank you for the correction;gratitude;joy
eew7qjt;I appreciate it my guy! I try my best to really do research behind my opinions so I appreciate the call out.;admiration;joy
edikweb;Not sure what makes me a nimby but ok?;neutral;neutral
ee50584;Interesting user name  ).;admiration;joy
ee4czj8;^ but she ain’t a traitor;neutral;neutral
edfvs77;Try to think a bit harder.;optimism;joy
edms5cl;No, because asses that hot don't come in trenta;neutral;neutral
edxvjby;Chi snowing. Can't get a break.... Also I'm crushing it.;annoyance;anger
ed8yx1p;Most non immigrants won't do farm work for peanuts either;neutral;neutral
eeutvg2;Shaming men for trying to solve a problem on their own is actually an example of toxic femininity;neutral;neutral
edk6gbr;Calm down snowflake. Comment stalking from a week ago is really sad, especially when you're whining about something that I'm 100% right on. ;sadness;sadness
eejj57x;It really sucks people are downvoting you just because they were worried about blowing themselves up just like us nova bomb users.;annoyance;anger
eevg200;Downvote. These slippers cute as hell.;neutral;neutral
edn65tb;Ah fair enough. Thanks for elaborating;gratitude;joy
ee4kmno;Tough times don't last tough people do... Die'n is easy, living isn't, make the best of it;approval;joy
ed9w7gf;thats even scarier haha;amusement;joy
edth1j2;He may be jealous that you were able to do so;neutral;neutral
ef5urrx;Omg yes lol it’s the story of my life;amusement;joy
edeyog7;[NAME] is always the dirtiest psychopath;disgust;disgust
ee8f682;Was looking for this comment, thank you! Every so often someone will freak out over dilated pupils and post a pic here;gratitude;joy
ede611b;“I use to work here and I remember our policy was this!” Did I nail it?;neutral;neutral
ed9iecn;Wow, that's crazy. Ever tried DMT? ;admiration;joy
efarslh;Isn’t it the worst feeling ever?;confusion;neutral
eeng6wv;It did! Good luck on yours!! -[NAME];approval;joy
eems49s;Feels good getting a number next to our name again.;joy;joy
edmgwb2;Dont mind him/her, they have decided that anything which kinda speaks against the whole Apartheid is to blame for everything for the next 150 Years is bad. ;neutral;neutral
edtmbvs;3 under 3?! You are a true hero.;admiration;joy
ee0r36w;Iirc she's alive but an alcoholic.;disappointment;sadness
ef3gmtm;would love to see a win here;desire;neutral
ee1mqwo;Wow. Did not realize [NAME] was a top 20;realization;surprise
eew266o;Yep! The artist also has one where he's plowing a blue Incineroar and it's one of the best things I've seen.;admiration;joy
eeb90xv;More then a handful is to much anyways. You're all good lady. Confidence is sexy;admiration;joy
efg2r3l;Evil spirit! Leave from this place and never return!!;neutral;neutral
eeyhxzq;[NAME] is such a disgusting champ to play against ....;disgust;disgust
edljm4n;"Part of me wants to say ""Yea, that happened.""";neutral;neutral
ed9vovm;That and he’s sneaky dirty;disgust;disgust
edl8mqz;Gah sad high five. I tried once for a few weeks and will never try again. I need that support in my life.;desire;neutral
efe8j5d;You played torb....... that’s why. Just kidding that’s really weird though;disapproval;anger
ee92had;So this is how democracy dies... With thunderous upvotes.;anger;anger
eeu5mfp;Yes, I’m sure [NAME] biggest concern is New Japan getting criticism on Reddit.;approval;joy
eeetsyl;Why do you keep going back the them? Why should care about hillbillies?;confusion;neutral
ef2hcbw;The first sentence alone sums it all up 😂;approval;joy
efag9qk;He was only thrown in there so we could have [NAME] get heroically saved by him and so we would hate [NAME];neutral;neutral
efdhrfd;EDIT  wrong link sorry here’s the right one I hope;remorse;sadness
edxf3sw;I plan on being respectful lol. I hope he’s there.;optimism;joy
ed8m1tq;tape up those laptop cams y’all;neutral;neutral
eeqqgn0;That amiibo addiction is real man....;neutral;neutral
edimnt2;I'm doing my best to apply that. Thank you for commenting;gratitude;joy
ee5z7uc;Good luck for everyone pronouncing [NAME] name. If he keeps scoring like this, i'll have fun listening some commentators around NHL.;gratitude;joy
ef9qs73;No I’m not;disapproval;anger
edusa8c;Some guy that I went to hs with 7 yrs ago but haven't seen him since.;neutral;neutral
ef8g88z;The username makes it even better, sucking a dudes toes, who is [NAME]. Man I'm jealous ;anger;anger
edg2u44;Hmmmm this is so familiar but I can't quite put my finger on DJEEEOOOWWWOBRRRRBRBRBRRGRRRRRRDRRRRRRJRHRRJRRERHRJRGRHRRJRHRHRBRJ;disapproval;anger
edaxt25;I want someone to take me to the hospital;desire;neutral
ed3qe4k;We are by far the greatest team the world has ever seen, we are just having a rough patch.;admiration;joy
eec4wqa;That's the laziest bro I've ever seen;realization;surprise
ee3e1ph;I love [NAME] goggles.;love;love
ed391go;yea I was gonna say that looks pretty good to me;admiration;joy
edgjvyh;The [NAME], a great bunch of lads;admiration;joy
efddfe2;I watched the CWC from the stadium and boy is he amazing.;admiration;joy
eekz0vq;This is the greatest thing I've read in my entire life;admiration;joy
edeqajh;Best of luck in Cleveland, Plaw Dog!;optimism;joy
eerpe67;You specifically believe that if a mortal sin is not confessed a person is damned.;neutral;neutral
eeinruj;That’s awesome!;admiration;joy
ef1x85j;She's married and I respect her family and husband too much.;caring;love
ee3zlc2;Huge office fan and I agree. [NAME] and [NAME] are annoying.;annoyance;anger
eep6w1l;Fuck [NAME] pai;anger;anger
eegfjlp;I literally got the same bug;disappointment;sadness
efdwddq;I agree with your guy. Sex can sometimes improve with the adulterous partner, because he/she feels desired and sexy again.;approval;joy
ee8yy8w;Someone get us a [NAME] version of the [NAME] nice lead meme!!!;desire;neutral
edhgiy7;He’s probably just getting stressed out that it is now getting dark and he lives in the countryside;neutral;neutral
ee63efc;That’s an insult!! To fecal matter.;disappointment;sadness
eduge0v;Chicken and the egg argument. Gun companies don't donate to [NAME] *because* they have gun control on their platform. This goes back decades mind you.;neutral;neutral
edk3huj;I have to cuddle my dog so hard right now.;caring;love
ed2uyol;People on Reddit barely know anything about law but they love to get riled up about the little that they do know;love;love
ednculf;I admit I’ll be fairly happy if we continue to invest in young internationals and sign a $100+ mil free agent every offseason.;approval;joy
ed2hvlf;Any rap song because I hate it;anger;anger
eezvpdn;BERNIE OR BUST;neutral;neutral
eeqmptc;Before the trade happened I knew [NAME] was [NAME] but [NAME] beauty had not reached me yet;disappointment;sadness
efh50bc;That’s horrible. What country? If you don’t mind. My [NAME] was abused by her heavily religious (Pentecostal) father.;fear;fear
ef2u519;I thought they held hands while they and [NAME] were watching TV ([NAME] was pretending to be sick in that episode)?;neutral;neutral
ed3mf1l;I wondered where the quote about “supporting your azz” and was very pleased to finally find the train wreck that said it.;surprise;surprise
efgt3q2;Reacting to [NAME] at this point just makes me feel worse about the artist.;annoyance;anger
ed27iy5;Ok, thank you and thanks for the LPT. Cold leftover food is great sometimes like cold pizza, cold meatballs, etc...;gratitude;joy
edyb804;What's up with all the gloating.;curiosity;neutral
eduuk6t;[NAME] x [NAME] sounds cute for some reason.;admiration;joy
edh94dx;Thanks, now every highlander I run into tries to do it 100% of the time and I just bait them into a light parry;gratitude;joy
edixbsb;I know man, however in some ways it's a good way to act out a martyr complex. ;approval;joy
edbyvi1;> punishment for saying no to rape Surely if you wanted to rape someone you'd have to punish them for saying yes...;anger;anger
edt9956;Weird, I checked again and it works for me now. It wasn't the first few times I tried to click.;neutral;neutral
ed41m72;Thank you for the detailed response. It’s about time I worry about making myself happy rather than them.;gratitude;joy
ed6rz20;Used to love Thai-tanic. Haven't been in ages.;love;love
edb9w17;"republicans and their hatred of Nordic countries are hilarious. ""Oh no some place has a much higher standard of living than us let's bash it!""";amusement;joy
eex7a62;These aren't [NAME]... they're [NAME] that like to pose in the form of a hexagram for some reason;approval;joy
eddp57z;Yeah, I was thinking they would be super cute with black heels and a snug black crop top.;admiration;joy
eettdze;What is up with the phone tho;neutral;neutral
ee79w6s;I like Shred 415;love;love
ed8jisf;So you’re telling me [NAME] hasn’t got a baby face?;neutral;neutral
ef12vk6;[NAME] gets a lot of unfair criticism. [NAME], too;disapproval;anger
efgjczx;Sending you some Ramona wine as thanks!;gratitude;joy
eeza6lx;[NAME] taking a backseat this episode but it sounds like he'll join the fray once [NAME] goes completely crazy.;optimism;joy
eeecutl;What the hell was that;anger;anger
eezzt7a;You are fucking retarded;anger;anger
edlk1zx;To be fair, I will also continue to jerk off to pictures of [NAME] in shorts He looks so good in them;admiration;joy
ee7ctbp;Seinfeld is one of the only pieces of culture that I feel like I could be competitive in a trivia league about.;neutral;neutral
eegwepn;Filthy birdbrain-loving scum barely deserve the bullets needed to boot them off the mountain. Moreiya 4 life;anger;anger
eeejwws;Yes! I binged it (I was a late adopter) and then all of a sudden nothing!;approval;joy
ed8z3iv;[NAME] was awful last season. Let's sign [NAME] instead.;neutral;neutral
ee2hrev;Lost finger how?;surprise;surprise
edq5e3n;Bahahahahaha the life of a fish parent!;amusement;joy
ed73mu0;He killed... YOUNGLINGS;neutral;neutral
eexf473;Swear i have seen this before? had it been reposted?;confusion;neutral
eesyhd2;Lol.... i guess your personal experience explains everything.... personally I've seen this play out numerous times in the work place..... so.....;amusement;joy
ee52iny;Super unflattering. [NAME] is not overweight but this ensemble made her appear chunky.;disapproval;anger
ef9ibsj;Wow that's a really great explanation. Makes sense!;admiration;joy
edm9lwz;Your manager sounds like an idiot. Not saying he/she is. Just sounds like it from this.;anger;anger
edtszfy;Do you have any tinder picture or bio advice? I have no selfies or mirror pics but still not doing very well;curiosity;neutral
eds0hr5;Wow, season 3 is actually out already. Need to check it out;surprise;surprise
edewa7g;Am interested in responses as I'm in a similar situation, though my tech school is a TDY;excitement;joy
ee1hrdg;You're easily as classist as her.;neutral;neutral
ed3684r;"My adopted daughter told me, ""You can't tell me what to do. You're not my dad."" While true, it still stung.";disappointment;sadness
editybe;Thanks for the kindness  it’s all good enough- I’m hoping to move out later this year;gratitude;joy
ed1i50s;i did, but it was at 3 am before i went to bed, so i’m gonna cheat and count it as 2018 LOL.;amusement;joy
edhuktb;I find it telling that a very known Russian media uses [NAME] as an exemple....;neutral;neutral
eda854m;I’m so sorry the internet has inconvenienced you;remorse;sadness
eei0b8d;You should have gone and joined her for a drink.... That’s my dream... Eventually sit down and enjoy a drink with my siblings.;desire;neutral
edr0irs;who tf has twitter on light mode;curiosity;neutral
eeeb7ar;I mean everyone already knows what u like so its gonna be weird;realization;surprise
ed42d0u;I love many fanarts of this paring, but this is one of my favorite ones.  );love;love
edtkad3;That's the worst feeling haha;amusement;joy
edljwii;No. It’s slower and takes more calculation but it can be done. That’s why it should be practiced.;disapproval;anger
efa80q4;Please dont put words into my mouth.I never said rape isnt a problem.;annoyance;anger
eephzhz;Why would they stop there with like 15 feet of visibility? It clearly isn’t just the truck drivers fault;confusion;neutral
eenpty8;agreed....seems that due to plot force shes starting to slip;approval;joy
ed5hvpa;Fortunately, finding yourself and deepening your spiritual connection with the world only takes about 4 days in a beach hut with a thatched roof.;neutral;neutral
edxbkzt;they do poorly making me feel otherwise;neutral;neutral
eer0hlf; Now, can you make another applet to change his wallpaper?;neutral;neutral
eeuer5u;I did and found it basically the same except I was getting drunk very easily.;approval;joy
eepf1aq;Weird, though. So many people love to identify themselves by their corporate loyalty.;neutral;neutral
edgkwiy;Thanks, I love it.;gratitude;joy
eevggs1;Ok, thats my thinking too. If [NAME] really only gets 180 anyone who didn't make that deal (like us) is pretty dang foolish.;annoyance;anger
edtbcto;Highgate Hill! Close to westend and has a lot of cute houses.  );neutral;neutral
edzlfdm;Right now I’d have to say [NAME] new restaurant UB Preserve is my favorite place to eat. So good.;admiration;joy
eepb46i;Haha i have 2 chinchillas from a manic episode about 8 years ago. They're sweet little things.;amusement;joy
edume43;I think she has a good chance;admiration;joy
edapvif;Henlo little alligatrr. ou almost slipped there. OH FUK NO NO NO NO ALIGATRR PLZ DONT EET MEEEEEEEE;neutral;neutral
eeayeuu;I'll look into it! I don't mind language but misogyny can be pretty intolerable;annoyance;anger
edwh8wz;His entire face is covered by a beard and sunglasses lol;amusement;joy
eeds7gr;PLANT LOCAL WILDFLOWERS!!!! They come back year after year and the Pollinators will Love it.;approval;joy
efdoh65;Totally agree with you. Just saying that [NAME] is not a stupid person. A smart person that will be spending the rest of his life in prison;approval;joy
ee9ly91;"You can't post a Sons pic and then say ""I got this"", that just hurts.";disapproval;anger
edttgwt;Yes - thank you for stating it this way - perfectly said.;gratitude;joy
ef2p9mw;Congrats!!! Happy for you.;joy;joy
edn3s0d;Pretty sure the legislature needs to change laws;neutral;neutral
eebccyw;Oh dear, I'm so sorry you are going through this. I don't have any sage advice but I hope things get better for you.;optimism;joy
ef49up7;Yeah this is pretty eye opening. I’ve had pretty weird relationships with my reflection in the past but thankfully it’s not always this way.;gratitude;joy
edtddrk;Nope, from Nebraska why? Lmao;amusement;joy
eesrmui;Terrorism is the systematic use of violence to achieve a political goal. [NAME] has not used violence.;approval;joy
ee3gbbl;TIL I learned there are no drugs or violent incidents in prisons.;neutral;neutral
ee8hv51;It's finally official, we got [NAME] ;approval;joy
edc2119;"If you know it's the right thing to do, it's better to ""lose"" that person than to ""lose"" that opportunity.";realization;surprise
ee7zw1l;Thanks for posting this OP. Many times people change their minds and do the right thing but unfortunately we don't hear about it.;gratitude;joy
ef31dvt;My feelings exactly. First thought, a sarcastic 'Thanks.';annoyance;anger
edq3vgn;the most romantic thing that can possibly happen to me;joy;joy
ee3ws39;Every day in everyway. If I am to happy with anything next thing I know I'm actively destroying it.;disappointment;sadness
ef6ij1d;[NAME] doesn’t roll his ankle on a 🎾 in 2011 and we win a premiership imo;neutral;neutral
ef4yaoq;True. Icing all three of your villains for the duration of the film is a bad idea. They need to be making moves.;neutral;neutral
eff2ct1;2 more trae assists pls another 3 would be delightful as well;neutral;neutral
ee0psvl;So happy for you  );joy;joy
eetgibp;"BT In the commentary booth  ""Where's your god [NAME]?"" As she's being mauled by a lion";surprise;surprise
eebf1m4;It’s a facepalm just for the wrong reason;disappointment;sadness
edw65t1;"Because there's such a thing as ""too good to be true"" and some people are still skeptical of that.";neutral;neutral
edw5iqn;He seemed like he was about to run away and go do some meth.;neutral;neutral
eem6ixj;Don't know how that was missed. Tragic really. Considering the title.;disappointment;sadness
eef48yd;I’m just worried about his attitude and approach with younger players. Edit-re worded;nervousness;fear
edc36re;This is really well put. I saved it.;admiration;joy
edrs9mh;Thank you. ❤️ I really appreciate your comment;gratitude;joy
eetu8gb;I've seen so many of these and I still have a massive amount of difficulty believing it is possible.;approval;joy
eenkhyw;Why so much green though lol;amusement;joy
ed4xx03;Unemployed now re  those crummy health issues. So that probably helped.;caring;love
edosx12;Sounds fun from what I’m reading on here.;amusement;joy
ef3dzvv;"Just wait till they see what British capitalists have in store for them now we got ""arr soverinity"" back";neutral;neutral
ef8ka3k;I carry on an empty. But I also carry a single action. So don't make my mistakes.;neutral;neutral
ee3jr79;I understand that but I enjoy the silence and lonely feeling I have.;approval;joy
edt494w;Is it Amazon brand? Genuine question as I didnt even know those existed;curiosity;neutral
ed1msvm;He'd have to ask his mom;neutral;neutral
eehn6sf;And you got it, a federal tax cut. If you want to pay less taxes overall you need to stop electing democrats.;neutral;neutral
eecyjeb;No, I have been avoiding doing anything until it's actually fixed because I don't want to give them any reason to drag their feet.;disapproval;anger
edakaql;I think most people have listened to bohemian rhapsody at some point thank you very much;gratitude;joy
edrtk9a;We didn't screw it up!;neutral;neutral
eet4gbe;I wouldn't say age would stop it just lessen the affect of it but probably start to notice it around mid to late 30's.;realization;surprise
eedvwoz;You should be embarrassed. Not only because you are a adulterer but because you are a pedo for thinking of your son.;embarrassment;sadness
edl7ttp;Most likely. If he falls to our 3rd round pick ,I think we should definitely take him.;approval;joy
eedn836;I don’t know why but watching this makes me super happy!;joy;joy
ed08b0l;They don’t like to be excluded from anything;disapproval;anger
ed60o6e;One of my worst nightmares. Ugh.;fear;fear
eeqta1y;Don't kink shame;disapproval;anger
edm34qc;Damn, still hoping...;optimism;joy
ef9uk67;Stuck on icy stairs.;neutral;neutral
edj84ja;My wife is divorcing me because I glued [NAME] face onto all of our family photos He looks good with her body;sadness;sadness
edlm38f;I’m gonna need to see that in writing before I celebrate.;desire;neutral
eekim14;You didnt!;neutral;neutral
edvmuy3;Ironic, since cleaning your room is what [NAME] is always on about.;neutral;neutral
ee8rdzm;WHAT IS HAPPENING;confusion;neutral
edqzdxk;Your point? That doesn't mean it had 2 of EVERY FREAKING LAND MAMMAL on it!;anger;anger
ee5ede3;Sending love and strength vibes <3;joy;joy
eeq3xn1;I tried Guinness the other week and it made me gag, what’s different about it to other beer;curiosity;neutral
edaf7ls;I just saw this on netflix..... Now I'm Watching it... Then you post this.... It's like we almost watched it together...;love;love
eeu1m0l;Don't underestimate him, he can do it in 2;admiration;joy
ee3yh8w;I wish I was [NAME]. Source (deleted) ;desire;neutral
edez73c;He also had bipolar depression, which was a major driver in his mental states...;neutral;neutral
eeqr8n9;Falcons fan here. I love you guys so much.;love;love
ef2f4xp;While I agree with you for the most part, I also have cats and upholstered furniture. ;approval;joy
eeypxtl;Have nobody thought of the giant tech corporation selling overpriced, inferior products to sheep customers? That's odd.;disapproval;anger
ededok1;Good for you! I wish I had run for my life at 18, but brainwashing is real;desire;neutral
eel2pzv;Care to share your thought process ?;curiosity;neutral
edmzko2;My poor space bar takes an awful bashing with all the pausing in a Squidge vid;disgust;disgust
edslyqc;Not sure if very professional image journalist or avid porn enthusiast but good job all the same!;admiration;joy
ed9qqg8;Then he is innocent. I'd rather have a president that we know for sure isnt undermining our democracy by conspiring with a foreign nation.;neutral;neutral
eeaklmk;The problem is complex but in the 60's til now we where facing major propaganda against marijuana and this stuck to the head of most poeple.;neutral;neutral
ee0r22m;I think this is the clearest that it has ever been described. Thank you for this. It nailed it, for me anyway....;gratitude;joy
een409v;What kind of frankenshoe...;curiosity;neutral
edozypw;Every time I get a staff kill, it feels like seeing a shooting star <3 Yeah, it definitely sucks.;disgust;disgust
edgfvls;He looked so shlubby on that show, it was like he was the [NAME] version of [NAME].;neutral;neutral
ee5xvwn;I hate these memes because [NAME] never cared if he did or didn't have a nose.;anger;anger
edup2m7;And look like big tracts of land.;neutral;neutral
eecsc0x;The miracle was just that. Because we all know the Vikings would fail the next game.;surprise;surprise
ed4ucxx;Big ol fesh;neutral;neutral
ee36ak1;No problem, glad to help.;joy;joy
edwz01i;Honestly you should have gone nuclear on him;annoyance;anger
ef26myj;I love [NAME] and how openly she is in supporting him to run;love;love
ed8wcui;How many hours of maintenance do they really need to do every night? I feel like they just want to cut costs and tell us it's impossible.;curiosity;neutral
edradk1;Possible maybe, not at all plausible.;neutral;neutral
edz8w0k;Organizational Change Manager and I fucking love it and have for 7 years. Still enjoy going to work every day.;joy;joy
ef6huzn;Wow he is... ugly.;annoyance;anger
edm7czd;I love you like a love song, baby. And if you know that song, it's now in your head.;love;love
eeyg6h4;I would focus on being an enlisted Marine first. That’s what you’ll be doing for the next 4 years.;neutral;neutral
edbd60i;its funny because they dont even do anything at the look out tower but stargaze;amusement;joy
ee867uh;Am i missing something or is this an antijoke that doesn't belong here?;curiosity;neutral
edm0wg2;He's always had the tools to do this, which is why he can be frustrating at times.;annoyance;anger
efat5t8;Welp , that statement is not very wrong.;disapproval;anger
eeqqd04;[NAME]  I'm sorry that happened. I hope you weren't totally friendless on your 30th!;optimism;joy
eduv7lp;Every other way sounds wrong. SPR for life.;realization;surprise
eeu38cr;That was hot!;admiration;joy
effhuop;Vaccines turk err jerbs!;neutral;neutral
edabp87;Best doggo ever;admiration;joy
edus4rv;Dublin, Ireland;neutral;neutral
eee56tq;I can help out, pm me  );neutral;neutral
ef17w5q;Your name needs some work LOL;amusement;joy
eemwve7;Huh... I'm left handed and have never realised I do this.;realization;surprise
edfo0jm;Don't meet your heroes;neutral;neutral
edd0t0r;100%. Please ignore him. He's annoying af and survives off attention;annoyance;anger
eetlwh1;Hell yeah. Happy they pulled it off together for their city. This is a great story in [NAME] eventual great career;admiration;joy
eeltdow;As someone from Louisiana I am always thankful for Mississippi and West Virginia for holding down the absolute bottom;gratitude;joy
edagw2c;if my dog dont like u i dont like u and if my dog gets into a fight u know im jumpin in there with him;neutral;neutral
eeilyeo;Hi 28, I'm dad!;neutral;neutral
eetwv0j;So much to do, So much to see;neutral;neutral
ef6ejfi;Intelligence is to know the difference between MB and Mbps. Wisdom is to not be a cunt about it.;realization;surprise
eeua1pp;Wrong, it's not 365 days a year. Once every four years, it's 366 days a year.;neutral;neutral
ed48krv;#LIES. NO STACY CAN BE A GAMER. #RISE UP;neutral;neutral
ed8zubh;Consider this a digital hug. Not too long, not too short, just enough to make you feel a human connection and some comfort.  );approval;joy
ed85lam;Thanks for sharing. You could definitely post some of your other tales.;gratitude;joy
eecnxq7;We're not exactly short on white homophobes either though.;annoyance;anger
eegnufg;Whats your height and weight out of curiosity?;curiosity;neutral
edjxbtd;Gotta get 'email all! Edit  stupid autocorrect;neutral;neutral
edpbsw2;Rule 10 is to make it clear that people who violate the spirit of the rules without breaking the letter will be punished in the same way.;approval;joy
ed0gkjf;"I honestly don't understand why everyone thinks he needs a rework because he's not ""fun to play"" in the worst game mode.";confusion;neutral
edgcrmk;Really good point here. Thanks.;admiration;joy
ef1stt9;Is that bottom trey filled with beer? If so, how did he acquire them?;confusion;neutral
edoa8hc;Of course he will lie cheat and steal to make him self relevant to the public. Horrible person.;fear;fear
eeytz5o;Id rather have them be physically ok and make amends with [NAME] later than have one without the ability to communicate efficiently forever but have their feelings alright.;caring;love
efcgcrc;You're cool;neutral;neutral
ed4rxcr;No problem. If you read it let me know what you think!;neutral;neutral
ed23un4;They put him on a minutes restriction for some reason, guessing cause he's not in really good shape?;curiosity;neutral
eeugov9;I don't believe humanity is capable of running *any* system for the greater good of all. Regardless of population..;neutral;neutral
ef9shz1;TIL cheddar cheese didn't originate in the U.S. Thank you!;gratitude;joy
eda9bvr;Like I said previously I realise they weren't commonly called asylum seekers until recently. However that doesn't mean that previously they weren't asylum seekers;realization;surprise
ednw91y;Thanks! I had a more standard name but then realized I didn't want to be findable on Reddit.;gratitude;joy
ee0yye6;"""I SAID, [NAME]!""";neutral;neutral
ef9y4uz;[NAME] is a hungry little bastard.;anger;anger
ef7fssj;I had no idea it would hit me as hard as it did. It really changed my view.;realization;surprise
ee7im7c;His best season was a luck filled one. He'd be nothing more than what [NAME] and [NAME] already offer but with worse defense and a worse bat.;neutral;neutral
edt9oo2;Meh, it just keeps players from diving in taking stupid damage. (At least it should.);approval;joy
ee8dbvg;I’d love an ג׳‬וליאן if you have time! Good job keep up the hard work;admiration;joy
edcid6m;Attempt to con the senate. This should continue to be entertaining;amusement;joy
ed46bkq;It’s not satisfying at all. If this wasn’t [NAME] it wouldn’t be popular. Interesting timing considering the [NAME] debacle too.;disapproval;anger
edbrkia;Same boat here, man.;approval;joy
eeqmfii;What a baby...;admiration;joy
ef78w8k;Yeah I think it largely depends on how you fall. In Judo that’s one of the main things they practice.;neutral;neutral
ee79sao;And it needs to keep pushing harder and harder to the left in order to wash away all the crap that's been enacted since [NAME] got into office.;neutral;neutral
ee4rjse;Actually there were blacks in the SS. Kind of an odd analogy.;neutral;neutral
edq029x;I never understood the point of parole. Seems to me like an expensive way to increase recidivism.;confusion;neutral
eedbjkn;No way society should pay for your child when you are perfectly capable.;annoyance;anger
efdbp5v;Lol he was actually roasting OG fans that lick his arse, not [NAME] himself. Take the upvote.;realization;surprise
edbm7xp;AA is BS as a whole. Meritocracy or GTFO.;neutral;neutral
eew4nqv;Thought this was r/monkeyspaw for a sec. Mind if I grant your wish anyway?;neutral;neutral
eenccvp;Awesome, let's celebrate! Send the free pack over here  );admiration;joy
edgldzg;This says more about what [NAME] thinks about facts than what's true about music.;neutral;neutral
ee3wcxe;And there you have it, the left who argue with personal attacks and cnn buzzwords.;anger;anger
eetaj5u;His wounds weren’t that bad, but probably got infected. Antibiotics fixed him. Good as new. ;approval;joy
edtkqat;Yes of mine worry, no one liked mine either. ;disappointment;sadness
edi0rnb;This sub absolutely gets personal within seconds of anything he says being postes;annoyance;anger
ed9s8qe;I’m going to die right now I’m so scared tears and snot everywhere;fear;fear
eeyqkna;True. I don't know the survival rates of the women in ancient rome but I can't imagine it was fantastic.;confusion;neutral
edfycfr;It doesn't matter if they are crazy stacked. We definently shouldnt be last in the league.;neutral;neutral
ed4wo23;"BDS is a discriminatory bigoted hateful movement. It's not just ""Oh, I disagree with some things that Israel has done.""";disapproval;anger
eek92cf;Cool. Good luck!;optimism;joy
eegou3r;You can't rightfully earn a billion dollars. Your employees can, and fifty thousand people in sweatshops can, but a single person cant;neutral;neutral
eeg64qz;Look... they are pretending it never happened. Lol.;amusement;joy
eexfjqb;Lol. Thanks for the link.;gratitude;joy
ee8op9a;Not as nice as [NAME].;disapproval;anger
ed4emvp;Love is war;neutral;neutral
efdxat6;I met him! He graduated from my high school and came back when I was a freshman to talk to us in PE. Really nice guy.;admiration;joy
efcajd0;It's actually illegal to do this. Only allowed if absolutely unavoidable.;disapproval;anger
eesmjoo;Idk, r/Tinder has plenty of posts to do with awful men too lol;amusement;joy
eddabsv;Wait one of the posters responding is using makeup from ten years ago.;neutral;neutral
ef3r8uo;Because they enjoy their toxic umoderated cesspool, apparently. Either way i'm done trying to care.;joy;joy
edozls6;Haha. Got ‘em. Also this just in  Los Angeles is expensive. In other news, unrest in the Middle East.;neutral;neutral
ef89i62;You must be ecstatic, I'm really happy for you.;excitement;joy
ed1ii6s;The irony of the photo is that 60% of university admissions are women;neutral;neutral
edn4c87;Girl I went to school with was killed like this.;neutral;neutral
ed4w39z;Honestly, fuck [NAME] after the bounty gate shit;anger;anger
ef40528;Dont blame em. They should force change to get done what needs to be done;caring;love
een00dl;“I hold that the more helpless a creature, the more entitled it is to protection by man from the cruelty of man” -[NAME];neutral;neutral
ee9lje1;You just watched a commercial that blatantly explains it to you.;neutral;neutral
edil7ur;By law, China must accept the South China Sea ruling, period. Stop trying to help China weasel out of it. ;anger;anger
ef9xv2o;This is something that has to be learned from experience. Don't be hard on yourself!;caring;love
ee97qyj;i know the feeling dude;neutral;neutral
eeugkmd;> His face, mate. He thought he was a goner. Properly lol'd at that and reading all [NAME]' bits in his accent;amusement;joy
eea997z;No because to them this disabled boy is faceless. It’s easier to digest our hate and vitriol without thinking about it.;disappointment;sadness
efapq9d;Fucking hell they're bringing on all the giants;anger;anger
efgnm4o;Weird flex, but ok;approval;joy
edi7nx2;Definitely fake. Looks like bad CGI in a movie.;disgust;disgust
eea2gtj;Or better yet, on the woman who will let ME play with them!;neutral;neutral
eek32qy;Yah that's what is stopping me. I would have to wire all throw my car or go into my cars electrical which doesn't seem worth it.;neutral;neutral
edkfsm6;Can we all pitch in and buy this place instead of the Baltimore House?;neutral;neutral
efe40v1;Dirt bar downtown is pretty sweet.;admiration;joy
eenqj7j;Such season 1 vibes and I love it.;love;love
ed1yg7f;Lol, like I said, not everything is about you;amusement;joy
eerlvqo;He looks like a model tbh. Very good looking man.;admiration;joy
edwv5o1;Me me big sad.;sadness;sadness
ed4eola;Can holiday just stop fucking shooting? I can’t wait till he gets traded.;curiosity;neutral
ee376k9;And you assume they are part of the dominant culture because of the color of their skin. That is self evident racism.;neutral;neutral
efdojze;"""Grab your Glock when you see [NAME], call the cops when you see [NAME]...""";caring;love
edjcfwz;[NAME] is fucking destroying Bama and I LOVE IT;joy;joy
ed8h6i2;Going by it's [NAME] rating though, the district should be leaning blue. ;optimism;joy
eeaoo7j;Now you're lying. Suburbs = more than Bellevue and Kirkland.;neutral;neutral
ee1a98v;Debating whether this is a troll or gross overshare. Going to go with troll since you just also made a new account;neutral;neutral
edo7qib;Damn who died and gave u the Broncos;neutral;neutral
efaul5g;Hey what a coincidence so is a human head!;surprise;surprise
ee8pz1j;PS. I love my aunt! She’s one of the reasons I went into “nursins.”;love;love
edog6d1;That’s amazing!!! We average 30 OTW but our half hour transaction count during peak is usually 40-55. Low volume store.;neutral;neutral
eczmz2i;They never will until it affects them directly, and by then it's already in the end game for us  /;disapproval;anger
edwvnm4;Indeed. I thought we are just spoiled, but apparently the phenomena is not exlusive to us.;neutral;neutral
eez33s9;Oh my gosh. This woman who died also had a son who died. Holy tragedy;grief;sadness
eff1kgh;And people still support him....;neutral;neutral
edzcjhn;I think that's just natural, humans weren't really intended to fly by nature so I guess it just feels wrong or something, idk;disapproval;anger
eddjyx2;This isn't really petty, it's actually brutal. *edit* but well done. I love it!;admiration;joy
eeeqagt;It was squirting all over my kitchen n the nurse. Who then said oh nicked an artery.;neutral;neutral
ee7hgcm;> you're probably a little bit of a closeted nazi yourself. I'm just SHOCKED that someone named [NAME] might be a fascist;surprise;surprise
eczjbdy;I despise [NAME] and all his cronies;anger;anger
edxa535;If you feel like venting, I am happy to listen.;joy;joy
edfiw7l;looks like we got a double win today!!;excitement;joy
ee9gpyo;Don’t do a long distance thing, not worth it and a waste of time;caring;love
eebg0d9;Yeah I'm not arguing there isnt recreational potential though it can certainly mess you up. Doesn't help most products with dxm have other active ingredients.;disapproval;anger
edlaoo8;Same here. I had a lot of swelling but not abnormal pain.;approval;joy
efh510l;How illuminating.;admiration;joy
ef6xzan;P o R Z I n G I S;neutral;neutral
eed4naq;But how's that a facepalm? Editing the hands is not that crazy.;curiosity;neutral
eetgsio;Same, ASMR is nightmarish. My skin crawls just thinking about it.;fear;fear
efefkv4;Oof, what a bad and dated meme;disappointment;sadness
eejztor;Looking cool [NAME];amusement;joy
edh2lj3;>the silent majority This is the most ignorant thing I've read so far today;disappointment;sadness
eec9t9e;So where are all these [NAME] lining up to be landscapers and farmhands for minimum wage?;neutral;neutral
eeicjxs;Idk why ur being downvoted, I thought that's funny;amusement;joy
ee9mh3y;ahh bro I jerk off to [NAME], does that make me a future murderer or torture enthusiast in waiting? didn't even know!;neutral;neutral
edlula0;I guess her Bad breath turned him off;neutral;neutral
eel7yir;I love this post. Are you with park services?;love;love
ee1n5o5;I look at him as a performer but he's still human tho.;neutral;neutral
ee996p2;Does [NAME] or [NAME] look happier that [NAME] chose to put his hand on [NAME] leg?;confusion;neutral
eea18ii;I wish more people enjoyed that sport.. when that clay explodes you get that FEEL;desire;neutral
ef12uz4;This makes me want to get nipple piercings but I’m too scared to  /;fear;fear
eeplai1;Love the gif but I bloody hate these kinds of captions. It's as annoying and cringey as a fully grown adult doing baby-talk.;anger;anger
edptio1;That's not what is being contested here. Telling your kid something like this would certainly make you a bitch.;annoyance;anger
ef7lwnw;Hang on to all sorts of things just in case. Eat inexpensive food.;caring;love
eczueoz;Their heart rate and sats are great. Don't know what you're worried about.;admiration;joy
efeos61;Glad to have you here  );gratitude;joy
edm08wz;He's not even HC, he's interim... relax chief;neutral;neutral
edsglur;Good times, good timessss lol;amusement;joy
edp7thl;ITT  Hipsters. “I liked this band before they got all popular and shit.”;annoyance;anger
efearm4;Ok shady flags are flapping so hard I was knocked out of my chair.;neutral;neutral
edeml2x;thank you!!;gratitude;joy
edrvbyy;Wow. That was deep. I hope you make out well move on and find true love. Be strong;optimism;joy
eenj1nc;"Whatever conclusion they reach now or in the future, the only constant will be that ""nothing should be done to stop it.""";neutral;neutral
eeakysp;Yeah, but I mean, you need to actually be motivated for the climate and not just wanting to skip school;approval;joy
eeol1i7;80% of the country is putting their faith in a man who doesn’t even have personal awareness of where he is.;annoyance;anger
eetlh1q;well we all know what a complex meal sandwiches are! hahaha;amusement;joy
eeepfbd;I don’t love prison- I love the stuff that leads me TO prison. Get on board, [NAME].;love;love
eerwdmi;I forsee success in your future endeavors.;desire;neutral
eec12le;Yay! Congrats!;gratitude;joy
ee5o9qc;I’m sorry  (. Lol. For me, after the ending of 3, and Andromeda, I have zero interest in ME.;remorse;sadness
ef6lhcj;Ahh well too bad, thanks for sharing. ;disappointment;sadness
eew5b0j;"Except for all those companies brushed off in the ""and many more"" category. Wasn't as lucrative for them. ";neutral;neutral
edkfzkt;I also wanted to point this out! I love JJGO!!;desire;neutral
edhjtlr;I'd piss right on their floor. Fuck this.;anger;anger
eefhvox;This should in r/funny not here, very expected;amusement;joy
ef7fsrz;"I read it as ""so long suckers"". That's how those words translated in my mind..";neutral;neutral
efc5r05;WERE* protesting This is not current. Misleading.;disapproval;anger
edjaev4;Wer was u wen sec is kill;curiosity;neutral
edig3tb;She muctb not really be that into you;disapproval;anger
ef7minl;Alleviate' meaning what? Make my working life suck less?;annoyance;anger
ef0xnr3;Not really cringe. Just sad.;sadness;sadness
eehhji8;I love [NAME] can’t wait for the full circle version of him;love;love
ed2az0o;Go to your room.;neutral;neutral
efh8e09;Your girlfriend accepts gifts in exchange for sex? I got news for you homie...;curiosity;neutral
edh2epm;Wait that... that doesn’t happen;disapproval;anger
edcxf38;Go easy on your mom  this letter sounds like it was written from a place of deep love.;approval;joy
ef5suva;Eh. I think either works. But sure. Replies is probably more accurate;approval;joy
eer39w6;Who's cutting onions?!;curiosity;neutral
ee8r0eq;I try to keep my hands busy. I would do better when I have acrylic nails because it wasn’t as easy/just wasn’t the same.;neutral;neutral
edov4rb;Time heals all wounds  ). Get this man a ring!;neutral;neutral
edn3086;best to add a **/s** ......almost sounds like you're being serious!;neutral;neutral
edebfmc;[NAME] and [NAME] were my two. [NAME]  );neutral;neutral
eeuia26;At least it isn't too terrible? Actually it's not bad at all. Still VERY delusional!! Good post;admiration;joy
eee30r4;Great quote.;admiration;joy
edd4m3l;You shouldn't see a lot of lightspamming conquerors, because lightspamming as a conqueror is just begging for a parry.;neutral;neutral
ef2n7oz;The only thing wrong with her is her face. Maybe she has a giving personality?;disappointment;sadness
edpk12u;Wow! Congratulations on taking your sex life back! Nice to wake up and see such positivity.;approval;joy
ef8yp5h;I've always wondered how much of this stuff doesn't end up on the internet;surprise;surprise
eeq2udw;You'll miss a begging old man asking for a spare coin. RIP;grief;sadness
edcjbae;Wow that's not how you resolve things. Escalation is the last option.;disapproval;anger
edcmiq3;Happy Mic Day!;joy;joy
edc47j3;On the surface, yes. Deep down, probably not. ;neutral;neutral
eexy82c;Lol, pinches narizones.. Their physical game is on another level. Would rather play with a guy like that instead of against him though that's for sure.;admiration;joy
edelrki;Happy that you're happy, and good to see someone highlighting the good parts! Any particular streaming service you're looking to get?  D;joy;joy
efee2c6;You are an amazing human being;admiration;joy
edirhr2;Can't believe [NAME] has been in the league that long...;surprise;surprise
eecf3ji;[NAME] doesn't want to leave St Louis, his family is there and won't move away.;neutral;neutral
efbeqvc;I heard her affair wrecked his marriage. His wife saying anything about that would wreck [NAME].;neutral;neutral
ee6r0ks;Tell your husband. Its lies by omissions. Who are you to pick and choose what HE wants to know.;anger;anger
ed17mmh;Happy to see that you're in recovery;caring;love
eebx7x7;Because they are triggered. I’m just stating my opinion. It’s a bit fun.;amusement;joy
ee1kg09;That's the problem I'm pointing, the media use stupid clicbait names and people get dumber and dumber.;anger;anger
eeun2hx;I think the driver had the heart attack. She did not even give him a wave and a thank you for not smashing her precious child.;disappointment;sadness
ee5nfbq;One of the best pubs in London. Even more likely inside!!;admiration;joy
edt640l;"""You're my best friend in the whole world Mister [NAME]."" *meows for food*";love;love
edlqazg;You know what to do. Start telling people.;caring;love
eeu0qyz;Hope all is well now xo;caring;love
ed7niut;Ugh I'm sorry man! Jerk off until your heart is content and don't apologize for it!;remorse;sadness
edqpmkt;HER VOICE IS SO GOOD no wonder she likes phone calls;admiration;joy
eea17fw;But it flattens the whole thing out.;neutral;neutral
edm5qv7;Deathly afraid, the undersides of boats too. I can't look if I see them in a picture or movie;fear;fear
eeq2jyu;If everyone else can figure this out, then I don't see why it's so implausible for the US.;confusion;neutral
efamfy4;Does a civil suit create legal precedence? Edit  I'm assuming it's a civil suit.;curiosity;neutral
edd0jx1;Also Strike Anywhere. This thread makes my heart happy. <3;joy;joy
eeemmwk;I’ve not had it happen on mobile but that is because I use apollo. This happens on desktop;neutral;neutral
eefxn5s;Conservative is massively brigaded on an hourly basis. Unfortunately, it requires strict moderation or else it is unreadable.;disappointment;sadness
eek2ntl;I love [NAME]. He’s just going to keep getting better.;love;love
ef1ryif;Omg, your screen name made me lol!!;amusement;joy
eeq0fdr;That is not accurate based on the conversation i had with Mr. [NAME] today.;disapproval;anger
efbzsc2;Ah does look fun;amusement;joy
eedsu17;My point was they had no choice but to pull social levers to try and improve health, as they didn't have anything else at their disposal. ;neutral;neutral
eelbr0z;I'd smash;anger;anger
edyl3x9;How can we send money to you?;confusion;neutral
edvwmos;Enjoy the void;neutral;neutral
ee6b97a;[NAME] is still mad at [NAME] either way.;neutral;neutral
edjh2ja;That whole thread makes me want to shake babies.;desire;neutral
ee451sg;As a Ringwraith this offends me. Please build me a snowfort.;neutral;neutral
edqwha5;i would agree with that. i still dont see a good reason not to provide daycare though.;approval;joy
eewjd3i;Glad you came to your senses. Go feel uncomfortable about Lola bunny in Space Jam again.;joy;joy
ef50zaj;Yep California, I would've been surprised if they cleared him.;approval;joy
edozbj0;Did you even read the post? Literally the first line says she doesn't do anything remotely house wifey.;curiosity;neutral
eemtsrk;Psst, your spoiler tag is busted. Don't leave spaces between the ! and your text.;annoyance;anger
eeaj34s;so true lmao;amusement;joy
ee560ot;LSD or the fungal kind? Out of curiosity;curiosity;neutral
ef46fcb;That doesn’t seem like very responsible presentation of findings.;disapproval;anger
edh5ho0;Sure that's a good way. Unfortunately, I am not a gamer per se.;approval;joy
edvapuo;god damn this is some major league pathos;neutral;neutral
eeuhgqn;Tell him his Gospels lack integrity due to their anonymity 😭😭😭😭😭😭😭😭;neutral;neutral
edfup7i;Nope, not a [NAME] fan at all.;disapproval;anger
een5sns;I know they are treated very well, but some of them do die.;annoyance;anger
eetlif1;Left or right, doesn't matter, just laugh at statists on all sides ;amusement;joy
eexapep;I love how his armor got bigger and bigger as he got progressively fatter.;love;love
eef4572;These memes are either on a 9gag level or r/funny levels of comedy. And I can't tell which is worse.;confusion;neutral
eelfjvg;talking about me again?;neutral;neutral
eeaveb6;Yes! Dont you love to let babies suck you with a perfect jawline!;annoyance;anger
ed3cz1p;[NAME] said that it was recorded the monday after [NAME], that's why his voice is like that.;neutral;neutral
edbhwg7;It doesn’t look cool;disapproval;anger
ed8latb;Sorry, new at ;remorse;sadness
ednk0nk;Feel free to leave.;approval;joy
ee5lxb7;Sorry for the bad analogy, yours is way better;remorse;sadness
ed295in;Shotgun! But do I get to play with all the buttons too?;neutral;neutral
ed0i4fk;I apologize, that sincerely was meant for Askreddit. If you look at my history you'll see that's where I always post. My mistake.;remorse;sadness
eercjmw;Well 216 is out now and Im crying. [NAME] why?;sadness;sadness
eedrvtr;Bless u x;neutral;neutral
edvawr9;I'd enjoy a nice warm hug. Along with a delightful conversation. But that works too.;desire;neutral
eezeur1;Ohh I love bag designs;love;love
eerahz4;I'm tired, but I can't sleep.;neutral;neutral
efcw44j;Doesn't NY and NJ have reciprocity? Why did he have to take the NY bar at all?;confusion;neutral
ee5lizb;They are so old and so predictable that they can NOT see how “silly” they look when they post articles like this......;disappointment;sadness
ees0ud4;Then I’m sorry but this game really isn’t for you. Progression like that would ruin the base of what this game is.;disapproval;anger
edrvu58;[NAME] is not good enough to get that angry.;anger;anger
eeue9x6;Just leave that school go to a new one;neutral;neutral
ef0vdq2;"That's a very long way of saying ""I'm a moron"" ";neutral;neutral
ed9azzj;He also stepped in when seabs got suspended in the 2014 playoffs;neutral;neutral
ed50t4t;Sounds like you are the one with salty tears mate;neutral;neutral
eeu2l6c;I've never seen [NAME] dad look this relaxed ever.  D;neutral;neutral
ee3a4yj;YOUR momentum doesn't help you, its the direction you're aiming and THEIR momentum that does. they were probably backing up when that happened.;disapproval;anger
ed9d7vj;Sorry I dropped this /sノ( ゜-゜ノ);remorse;sadness
edghuit;Men are the worst.;anger;anger
eeyvzsg;Kinda both, they maintain a pin-up section in their newspaper bizarrely enough. Not like any of the credible newspapers in the province ever needed that.;neutral;neutral
ed8t9b1;You've never been to England have you?;curiosity;neutral
eei9t8s;Just tell her how you feel and make the next move;neutral;neutral
ef4i3st;Okay, I'll admit it. I laughed.;amusement;joy
edjdk01;Then do lemon tek....trip last 3-4 hours but is very potent;neutral;neutral
efdtoze;She voted against the $700 billion budget last year. Her national security views are kind of hazy overall though. I don't know much about them.;neutral;neutral
eduhrjm;BECAUSE THERE IS A SHUTDOWN ATTACHED TO IT! HOW DO YOU NOT GET THAT?;anger;anger
ee9si6b;Hi, everyone! This is my 13 minute action/comedy short film, JUICY! I hope you all enjoy! Feedback is welcome. ;optimism;joy
edkdjto;CBP are doing great work here. Well worth giving them some cash, can't wait to go visit;admiration;joy
ed49941;We either bout to get a road win or have another historical collapse;neutral;neutral
ed5xb34;What a pretentious, self-promoting post.;admiration;joy
eeg40z9;Somebody gettin fired;anger;anger
eeqvj5w;I don't date women who smoke. As for pills or syringes etc, I don't find recreational drug users attractive. Similarly for being drunk.;annoyance;anger
ef3mnfz;wow, we really live in future;admiration;joy
eennfur;This, in top of my already terrible mental health, is the reason why I'm severely underweight and need help.;sadness;sadness
efffep1;Happy cake day!;excitement;joy
ed4qfxg;Since you called me out for saying that I am defending the attacker, then just point out which sentence I wrote led you to that conclusion. ;neutral;neutral
eep3h2m;Plus you forgot the best part... I can hang my hands from an outer vest;neutral;neutral
ed8yud4;Oh my [NAME] I almost forgot about the hot dr pepper in a glass glass made of glass;realization;surprise
edhfyj5;Looks like I posted it. Oh no!;embarrassment;sadness
eektzo2;LOL no its not all in the video. We have all seen the longform video now so its obvious that I was right.;amusement;joy
eebwxkr;I mean...that’s quite obvious. I’m just left wondering what the other item is. 2/10;surprise;surprise
edri2b5;Over under pistons score 87.5;neutral;neutral
eefyqhg;Those guys are TOUGH. glad to see Blackwater back in business to keep the peace over there;admiration;joy
eect3c7;Also would like to point out to you that fighter is actually a synonym of soldier.;neutral;neutral
edq06vd;State or freedom, either way PR would be better off than the shitshow that was [NAME];neutral;neutral
ed6y43m;thanks. I will read these;gratitude;joy
ed256es;Honestly Texas deserves to win with they way they’re playing, they clearly came motivated and they’re outperforming UGA on both sides of the ball.;admiration;joy
efe39wm;[NAME] instead of [NAME] for me, but glad to see [NAME] is doing well.;joy;joy
eeetrf7;Because she wanted to look at the American girls lol;neutral;neutral
ed5q57u;"I pose you this question, ""How do you know [RELIGION] is not the right religion?""";anger;anger
ef4hqt0;Haha, looks like it.;amusement;joy
ee2onhw;I have no shame in saying I still have my blanket from when I was a child. And a favorite [NAME] plushie.;pride;joy
eemltxu;DID YOU KNOW THAT CASHEWS COME FROM A FRUIT!?!?;curiosity;neutral
ed67htg;If you hold the trigger after you shoot you don't unscope with bolt actions;neutral;neutral
edlchw0;Ahh okay, that makes a lot of sense. But you're totally right, we've just gotta work as hard as possible.;approval;joy
eebke1t;Dude this is definitely an exit scam. I went thru the crypsty collapse this feels exactly the same. It shouldn't take 30hrs to get 1btc out.;neutral;neutral
edcjoj4;I never disappoint, just ask your mother.  );neutral;neutral
ee8hpn1;Can you go see her in person?;curiosity;neutral
eeoweu7;He'll have to leave at some point. So might as well get him to a club where you don't have to despise him;neutral;neutral
edulkmv;Am I the only INTP here who cared about deadlines. It's how I got so good at crunch time and working last minute.;neutral;neutral
efa9sdv;I've only been once but we parked at a Publix a couple miles away and had Uber drop us off at the gate. It was perfect;neutral;neutral
eepx0ka;The emblem on the left looks like a killer mrs puff from spongebob.;neutral;neutral
ed50bmw;I find that relatable  I too am terrified of myself.;fear;fear
ef6vgi7;Been off since November 29th. I would rather be working and making money. Home gets boring;disappointment;sadness
eepmtvu;Terribly sad story. I loved it.;love;love
eeq2xbc;spark up bro. Welcome.;gratitude;joy
eepc212;Yeah, this just sounds like the usual Seattle understatement.;approval;joy
eel26qy;Dilly dilly!;neutral;neutral
ee557tj;This is really helpful, thanks!;gratitude;joy
eeuua1j;Pft, don't kid yourself. ;neutral;neutral
ee83yqt;Right now, it feels like a good thing but not a great thing. I don't love it... But I don't hate it. ;disapproval;anger
edcd8og;My kids graduated college two years ago. Guess I missed it?;curiosity;neutral
edi490t;we can only hope;optimism;joy
eepmbkz;I got banned on an old account for no discernible reason months after I had last posted there.;disappointment;sadness
ef0vqry;They get a bottle or i get a bottle...may as well share the wealth;approval;joy
eekm8q1;Looks like we found his natural position.;excitement;joy
ef7p9rk;Yeah that helps. Thanks  );gratitude;joy
ed146ro;WAS can always pay the trade kicker. But am only willing to dump [NAME] for him. Not down for giving up DFS.;neutral;neutral
eczpfqw;The bottom comment  >Passing is the gold standard that determines whether you fit the social role of man or woman. [NAME], how regressive. ;confusion;neutral
eetzb16;You now have 3 threads about this within the last 10 hours. Pick one and stick with it.;annoyance;anger
edem489;[NAME] fucking [NAME] are you done yet racist motherfucker, you’re not helping society;disgust;disgust
ef5epft;"I'm 5'6"" and three quarters haha. Have hair though.";neutral;neutral
edrrmt9;Awesome use of open data. Love the app.;admiration;joy
ed1tqle;oh, my bad;disappointment;sadness
eel4gji;Whatever it is it’s not even worth hearing;neutral;neutral
eemjtpw;Ugh I love Stapleton. [NAME] has always really been loyal to the authentic sound though IMO, he definitely stands out. ;love;love
ed75h49;It's good worrying about things that can be helped. Lol;amusement;joy
ed452ih;I found a dentist (Aspen Dental) that text or email confirms every appointment and my doctors office has an app for everything from appointments to prescription refills.;approval;joy
ed23u11;Guys should also know that not every woman is a size queen. Average doesn't mean substandard, average means just right.;neutral;neutral
ed529aa;A bash that doesn’t guaranty anything? Isn’t that a bad thing I mean it’s one of the complaints of heard about lawbringers shove;curiosity;neutral
edhkbec;Not sure, I'm not good at expressing my feelings, and sometimes I get angry and say things that very hurtful;anger;anger
edosajf;America will lose. You are mentally-deranged and the enemy.;neutral;neutral
ee7odyo;As sure as gods got sandals, it sure beats fighting dudes with treasure trails;neutral;neutral
eewk9e0;Thanks you!;gratitude;joy
eemyegn;What? Even his follow up comment was related to dog hair.;curiosity;neutral
ee5q1wn;Man, that sounds like a big stuff around. Good luck getting it sorted;optimism;joy
edp9uoq;Lindt is premium brand, im not surprised by this.;neutral;neutral
ee4vc1a;Give an example of one with an entirely different meaning please. The context of what you mean by different is lacking.;neutral;neutral
edktwqm;It's got what plants crave.;neutral;neutral
eeqxizl;So you're saying [NAME] doesn't have a personal vendetta against me?;neutral;neutral
eddduk0;Cats are repulsive and they don't deserve to be pets;disapproval;anger
eeq2rcw;No that would be yet another mistake.;disapproval;anger
eeo2u54;"That whole [NAME] bit of ""I'm not gonna rape you. I'm a little boy."" is oddly on target.";neutral;neutral
eegn38f;I'm sad for the bot. They only want a purpose;sadness;sadness
edmw8rt; Their official logic is that it reduces turn-over, but yeah, the other reasons are kind of obvious.;neutral;neutral
edyftpw;I like this response. I can’t give you gold but have some honorary gold.;admiration;joy
ef1vkp7;People got angry about Apple getting royalty free photos as part of the competition so now Apple is actually paying people.;neutral;neutral
ee8wv5f;I’m sooo excited for you!! I’m not dating right now but I love hearing someone be all verklempt.;excitement;joy
eehqoet;I was actually introduced to hbomb and breadtube in general Becuase of [NAME] vid on ds2. So thanks [NAME]?;gratitude;joy
edenjpu;Why the assumption that Kitchens will turn out better than JBC did? The scenarios seem very similar;confusion;neutral
ee1gza5;> The porn that I downloaded was Brazzers produced. In case you don't know, Brazzers is ***anal*** about their IP. Ha get fucked.;amusement;joy
ee73d7q;I hope you get the mental help that you clearly need.;optimism;joy
ed6c5fu;[NAME] is phenomenal. It’ll be a sad day once he’s gone;disappointment;sadness
ee25h6y;Those meddling kids will catch the 'spooky ghosts';neutral;neutral
edzhlu9;Maybe you’re just extremely boring and bland, and outright refuse to learn to take photos that don’t suck. ;disapproval;anger
ecznju7;It was righteous;approval;joy
efdvksk;D'oh, it's even in the title! Thanks.;gratitude;joy
edsz983;No thanks.;gratitude;joy
ee8us0n;> Out of curiosity have you read The Great Partnership by Lord Rabbi [NAME]? I have not. But I do listen to his parsha podcast.;curiosity;neutral
edn3n80;Interesting, I did not know that. Thanks for the TIL! Could you recommend any resources that discuss this further?;gratitude;joy
edrc25i;> This is just a waste of time. Just like making portland denizens use their tax dollars to built a stadium;disappointment;sadness
ed2uvxe;What a respectable women.;admiration;joy
edftorz;It’s beautiful. I think I need to move. 😊;admiration;joy
ed5crs5;We have reached the stage where below 2 million is good. There truly is no bottom to this pit.;admiration;joy
ed2q19m;Aaaand yard sale!;neutral;neutral
ef46smj;Paying for the drinks doesn’t equate to drinking the drinks.;neutral;neutral
ed0cmts;Left handers are rejoicing over this;joy;joy
edbjcwi;Take a seat young ragewalker.;excitement;joy
ed9y2qe;Brooklyn-Boston playoffs would be the most toxic thing of all time. Only Sixers-Cs would be worse;anger;anger
eek2bir;Because they aren't different subspecies;neutral;neutral
eeq7rro;It’s not violence against political opponents if it’s against a tyrant, which you define as a political opponent;neutral;neutral
efdtq3o;Great site. Never heard of it. Thank you for passing along!;admiration;joy
edubnry;The only problem is that what you will never hear pf their relationship through sponsorships.;disappointment;sadness
een9ben;I've been really into reading nonfiction lately and ancient religious history sounds fascinating! Do you have any books you recommend?;curiosity;neutral
ee0a6m5;Probably smashed his oil pan too, I'd give that car 3 miles to live.;neutral;neutral
ef4yvw8;Nah I think you're just feeling confident because you got a slamming deal on those clothes! I would feel the same way!;approval;joy
edjw4gq;Kids at heart.;neutral;neutral
ed83k2j;Twins.. my first time having having a child and I get twins. This is gonna be a ride lol;amusement;joy
ed9ldgu;I've done this my whole life though...;neutral;neutral
eeewcra;Haha yes. Thank you. No accidents, so it went well 😂😂;approval;joy
ed4m0qz;My husband and I have been circling the drain for years.  (;sadness;sadness
eeynkjq;I had a GB in 1999 and it was worse than birthing my son. I would have loved to have had the sleeve....;love;love
ee92dyh;Holy balls! I hope that's your neighbor.;optimism;joy
eee253u;It's because attractive people don't have to work on their personality usually;neutral;neutral
edru75z;They dont mind a second trump term if [NAME] 2020 looks likely;neutral;neutral
ede34v4;For the sake of sexual contrast.;neutral;neutral
edzzi27;Are you talking about equalization payments? Because BC doesn't get equalization payments.;curiosity;neutral
ef7tspn;I’m more sorry that there are actual [NAME] fans...;remorse;sadness
eeuo6d4;Sapa is pretty good, but Takashi is by far the best quality sushi in Salt Lake.;admiration;joy
eeww6nx;Well two other close testers are really upset about rolling;disappointment;sadness
eddpto7;This hit me with de good ol memories;joy;joy
ef7c27s;I enjoyed this nearly as much as I enjoy too many pints.;joy;joy
eczx6ys;THE ONLY RUMOR I'VE EVER HEARD IS WHETHER OR NOT THE SEARCH FUNCTION EXISTS. SPOILER ALERT  IT DOES.;approval;joy
edp0k2q;Nobody claims that 20th century socialism was a utopia. Please remember your own comment before replying.;annoyance;anger
edfihpz;Unfortunately if you’re looking for game info about the Detroit Basketball team your in the wrong sub.;realization;surprise
ee5qys7;That is disgusting. He should be embarrassed.;disgust;disgust
eesy0yz;This is just so sweet! That's all.  ). So sweet.;admiration;joy
edbt4wx;Nobody left Milky Way yet because of reapers. It’s not possible nobody got in for the same reason, or a similar more localized reason ;neutral;neutral
efa453d;I found it interesting that [NAME] wasn’t addressed in FA or until the later rounds of the draft.;curiosity;neutral
edf27sz;Grim Reaver!!!;neutral;neutral
eff82dv;Why make it a video? Could have just been a text post.;curiosity;neutral
eeyoa9n;Please seek medical help;caring;love
eexsxqk;700 euros per week for 16 hour days 6 -7 days a week is shite and well below minimum wage if you work it out per hour.;disappointment;sadness
ee1doy4;If they actually have more evidence that he was deeper than originally suspected, then I have no sympathy.;neutral;neutral
eekv307;My friends that were badly injured from the first fight. Read my backstory comment.;sadness;sadness
ed5cblv;I don’t know why but this made me crack up so hard!;confusion;neutral
eex1z78;Wipe them out, all of them!;neutral;neutral
ef1qdjl;Well, no- the person serving you already provided ID to get the job, so they’ve already confirmed their age;neutral;neutral
edpr4pz;Oh yeah. Here's hopin to Persona next.;neutral;neutral
ed71hr7;Break ups are hard. Hope you feel better.;caring;love
ed0mbz7;These are the same people who thought liking hot sauce was a major scandal;neutral;neutral
eew9za9;I wish that were a thing 🙄;desire;neutral
efd2t93;I'm just gonna take this as a metaphor for idiot units.;neutral;neutral
eesa65i;Yeah I'd recommend it, definitely an easy watch;approval;joy
edh3yqf;This reminds me of the Percy Jackson series  P they do the same thing at one point when they visit a dam  P;neutral;neutral
edzv8zv;He has 3 years as first team manager, he signed the contract in November, but it doesn't matter;neutral;neutral
edooo1c;My point was that it’s creepy. I never said it was illegal.;disapproval;anger
ee3dyoh;That's a great comparison;admiration;joy
edflagy;Well first, im against government period, and second im conveying this under a layer of satire to make the ideas spread more easily;disapproval;anger
ed9c7dq;Btw- I love your flair!;love;love
edwfd53;omgad that monster!;neutral;neutral
eelwfia;um what about just not engaging and leaving?;annoyance;anger
efemt0g;[NAME] got a thing for redheads? [NAME] would love to have a word with you.;love;love
efen42g;This girl wasn't molested. She was a young (legal) girl who thought it was cool to get with someone her dads age;approval;joy
eduxv08;[NAME] today is great, when he plays like this he is a rly good player;admiration;joy
ed47lpl;Do you have the voting link? I went on the NHL website but I didn't see anything.;confusion;neutral
ed1mazu;My dumb ass thought it was meant to be a magic wand and he was reversing time and I was really confused.;confusion;neutral
eegyi25;Buddy you are mad online right now. Take a deep breath or a Xanax;caring;love
edun0k2;One of my favorite moments;admiration;joy
eduz8d0;Just dump it on the other side of that fence down there...ssss;neutral;neutral
ee5jewh;I thought they were motor vehicle accidents.;neutral;neutral
ee7n40v;I’m sorry to be that guy, but I don’t get it ;remorse;sadness
eek89ki;i curse you;anger;anger
efgb4ka;Not enough accurate data on [NAME] civil to stay true to their identity unless they want to make a Spanish invasion related storyline;neutral;neutral
edg7om0;Oh that’s actually seriously a relief, how do you know that though?;curiosity;neutral
edby929;My guess is they work with older folks;neutral;neutral
efb6pe5;The junkies that hang around there can make some good jokes about getting blitz'd;neutral;neutral
ef41lgg;Oooo I see, I was hoping it wasn't a troll thing, it seemed really tasteless.;disapproval;anger
edldwd3;Can anyone confirm the [NAME] likliness? Asking for a friend.;neutral;neutral
ee0jjkm;That's when they brew their second cuppa before work haha;amusement;joy
eeoipmw;GO SUB TO HIM HES THE BEST;admiration;joy
edypsys;That sounds awesome! So good to have someone able to teach you their skills 😊;admiration;joy
efg6nt1;All women are useless - maybe if you made better choices it would be better for ya;neutral;neutral
ee8nf52;Get ready for another wasted season;annoyance;anger
ed64obw;I have no clue either;confusion;neutral
edokwxy;Cats/dogs for sure. It would be refreshing.;caring;love
ee5hsq6;Awesome, that's super good news  D;admiration;joy
ed6gw3e;haha packing it in already after a regular season loss;amusement;joy
eebm9s8;There is a guy that looks like [NAME] in my local Walmart;neutral;neutral
ef33bmr;My opinion is that anyone smart enough would simply not work for [NAME] in the first place.;annoyance;anger
ed2yc2t;It's okay. One day you won't be so sad and angry, and people will still accept you.;caring;love
edd5wxl;It appears [NAME] has come back as a cat.;neutral;neutral
ed62vv7;That's a surprise from this guy.;surprise;surprise
efdw5u5;What a wonderful story! Thank you so much for sharing that just made me smile .;admiration;joy
eepabpu;Does anyone know how much the skin is supposed to cost? Edit  And does it put the lotion on it's skin?;curiosity;neutral
edm7908;I love my kids. I don't always like my kids, but I love them. ;disapproval;anger
eezh8nu;>![NAME] get the crossbow before it's too late he can't breath oh [NAME] please hurry im shaking and crying rn!<;nervousness;fear
edblexb;Thank you, man🌱;gratitude;joy
edqymza;Is that not with mice though? I could be wrong or maybe its rats and mice. Edit  field mice in particular.;confusion;neutral
edabwk3;Super dumb that people are downvoting you for asking a question in good faith.;annoyance;anger
eeulbpf;Daily would be great, but...life stuff like work sometimes get in the way.;admiration;joy
eeam3jz;Waahha, ohh, they massawaaa... STOP IT. YOU CAN ACT LIKE A MAN.;anger;anger
eeuudh4;Yeah lol, my bad. ;amusement;joy
eewboco;[NAME] living her best life in Germany.;joy;joy
eewkmlb;Missed that, wishful thinking, I was hoping they would team up for a little;desire;neutral
ee27gps;No I don’t want it to be unhappy or unhealthy AT ALL, just more like a normal/fussy baby.;disapproval;anger
edv4vot;[NAME] was so much cuter then. Also WOW that interview is cringy;admiration;joy
eedq34x;Very legal and cool;approval;joy
ed7vsnv;I like all of them, depending on what I want to learn. I really like [NAME] and [NAME] style, because they are such trolls. ;annoyance;anger
edyoe9t;What camouflage?;confusion;neutral
edtao5v;And you better fucking get there early too! Bargain shoppers don't fuck around.;annoyance;anger
ef4pxbp;And she has ignored every single one of them, as expected of course.;annoyance;anger
efcr4cm;Make sure he gets some glucosamine(!);neutral;neutral
ef8m0xw;Bi people can be attracted to trans and non-binary people, too.;approval;joy
edk5zy9;I think its his brother ?;curiosity;neutral
edic5x1;By his comment I would say that he is in fact, a simpleton. So, too late.;annoyance;anger
eeao5p8;It's even worse when you get someone from NJ who has no clue how to drive in the city environment.;disgust;disgust
edcidsm;Thats....that's pretty normal...prolly somewhere in the ballpark of 280miles...If you dont have a fuel efficient car its not hard to do.;neutral;neutral
ef2jabt;I had a huge crush on the lead singer back in the day. Still have no idea what this song is about but love it.;love;love
eezy7jh;Really? I love that show;love;love
ef51lht;correct. [NAME] was our 3rd round pick. Hand lookin like the steal of the draft;approval;joy
eegvvgs;I think a [NAME] government would be far far worse than Brexit.;neutral;neutral
ee3hria;> eaten out by their coach;neutral;neutral
ed88ihl;The fact you have to explain this at the third grade level is pathetic. People think somone preventing his own murder is a tragedy.;sadness;sadness
ed10dfd;Gonna be sad when Gameday is inside a gym for shooty hoops. I already miss CFB  (;sadness;sadness
eedqpka;I would have thought so yeah.;neutral;neutral
efb9acz;"""one of us will be right!"" Or...ya both wrong and wasted your energy being dumb asses instead of enjoying it.";annoyance;anger
eerudzj;You seem pretty upset about this. It's not an email it is a formal filing. It doesn't surprise me you don't understand that though.;disappointment;sadness
edaxbw8;Looks like something you would see in a comedy movie.;amusement;joy
efa8ogq;Don’t regret the time, had it been sooner you might be absent a kid or three! ;approval;joy
ee8let7;I agree with this;approval;joy
ef7hkvf;> As long as they dont bother people or start a mess. When are they not?;annoyance;anger
eczj6af;My ex with BPD said this to me about her ex. They have been apart for nearly a year.;neutral;neutral
eefjd6c;You ain't wrong;approval;joy
edc0gv5;I loveeeeee Perth!!!! Why isn’t anyone else gushing about this town?;love;love
ee08uhd;You are correct, this happens everytime to me;approval;joy
efa5xe3;Yeah that does not mean anything It’s a wallet that they have been using with another exchange and they use it to send money to you.;neutral;neutral
ed8zhyv;Is that Arcade club i spy? I love it there!;admiration;joy
edjq36r;Oh hey I have those jeans;neutral;neutral
ef6mlov;then youll do just fine!;approval;joy
eda6tvw;They do sound kinda not worth it then. At least large ones don't sound worth it. You have my sympathy.;caring;love
ed61lxp;Same reaction I had last week when I learned that [NAME] was once engaged to [NAME].;surprise;surprise
edkqj5w;This is not porn lol;amusement;joy
efg88ln;No I meant like did they then forget and ask a follow up question. Basically making the situation more funny.;amusement;joy
ee7wqdn;Please do!;neutral;neutral
ed8jk4s;I'm full of envy. Would love to be on that sort of money! But I fail to see the problem with it.;desire;neutral
ed2ktj7;Awesome! I just recently custom made some art for my razer panthera! It certainly is a lot of fun to do! 👍;admiration;joy
eeafigq;Yeah they’d probably want more than [NAME] and [NAME]. [NAME], maybe [NAME] can finesse them too lol;neutral;neutral
ed184ql;My fiancé and I went to a friends house and just hung out until midnight and watched fireworks, it was so chill and perfect!;joy;joy
ef4hm29;Well that made me want to continue to live in Alberta.;optimism;joy
efati8j;She likes sending nudes? I mean, just go with the flow and see what happens. ;curiosity;neutral
eeia8n9;""" Personal responsibility"" code for ""if you aren't rich, get fucked!""";neutral;neutral
edjiuwg;Even this tweet reeks just from the description provided (and the way her friends must look/smell). I’m gagging.;neutral;neutral
eekyspm;I have but I sugar discreetly and I’m genuinely afraid to have that compromised due to the field I’m in;fear;fear
edy3796;"You forgot to put ""armchair"" in front of your name.";neutral;neutral
ee8ctxm;I’m having a counseling this weekend ... nothing to be scared.... just tell them about your feelings and what are you worrying about..;caring;love
edosk3l;It's racism. It doesn't make me angry, it makes me feel sorry for their ignorance and yours.;annoyance;anger
ed6d03m;Just get in front of him and stop;neutral;neutral
ee5emrk;Thanks!!;gratitude;joy
ed47fl3;I agree.;approval;joy
eeo4ds5;Is...Is this a Hitman themed FE Shitpost?...I dunno whether to be happy or impressed by this.;joy;joy
ef9gihb;Hahahahhahhaha!!! Thats the right wing in a nutshell.....;approval;joy
ef1eq85;“Guys watch out, the scary looking kid is coming down the hall”;fear;fear
ee90w9r;They are both owned by the same parent company and they probably wanted to get their money's worth since Taco Bell isn't really prevelant in EU;neutral;neutral
efcx9uv;i feel like slapping /s after everything sucks the fun out. it's not my fault people are autistic.... /s;anger;anger
eerhlgd;"I did! Never moving back, I love my life in the ""big smoke"".";joy;joy
ef8wzrs;I can’t believe sb found this even remotely funny.;amusement;joy
edg6ig1;Ah, yes. Again with those goddam ballbusting monkeys. If I had a dollar...;neutral;neutral
efdmypb;You can get a penta from 30 seconds after the quad.;approval;joy
eer4mt5;"""How did they get away from everyone. ""Fillies and gentlecolts,we are gathered here today to honor the nation of England for this Oscar.";neutral;neutral
edqa9v6;Great! Now down with [NAME]!!;admiration;joy
eczez7j;Nah... i think he made around 90... i tried searching up his pocket, and fuck me...;neutral;neutral
edw262u;A Buzzfeed article about 20 perfect pairs of boobies;neutral;neutral
ee6peah;So much lonely;sadness;sadness
eduqxu5;Apparently we are tragedies!;neutral;neutral
eezbpxo;Now [NAME] is the popular one!!;neutral;neutral
eduqcfj;He was a US Attorney and Mayor of NYC. He's not an idiot and knows exactly what he's doing.;approval;joy
eekimxt;Yep, this cunt again.;neutral;neutral
edzpk4p;I do watch legends and lol yes we all know she existed/originated in the future. I also know that this is a different [NAME] from the [NAME].;amusement;joy
eeiidu7;"That's weird to hear since in Hebrew ""Son of man""- Ben Adam, simply refers to humans in general.";disgust;disgust
ee3qi05;"Your ""other people"" comment was.";neutral;neutral
eda23xf;but it's [NAME] saying it so sorta disappointing;neutral;neutral
edlcucz;Oh [NAME]. But I'm sort of confused as to how the pic was taken, sorry if you said it but I'm a bit stupid and tired;confusion;neutral
edpyvg9;Oh! Im also Chinese (Singaporean) and due to the laws here my boyfriend and i are looking to go elsewhere...;disappointment;sadness
eda1817;I love her doctor. You need to send him some chili and cornbread;love;love
eeeg69u;I have an issue metabolizing medications fast. I'll wake up during surgeries so they give me a lot of drugs.;sadness;sadness
eekgi19;I am inexplicably excited by [NAME]. I get so excited by how he curls passes;excitement;joy
ed6hj5v;Isn't this researching online?;neutral;neutral
ed4vmnc;Oh oh oh;neutral;neutral
edxftbn;Damn, ultimate efficiency.;admiration;joy
edow9ya;Monero enthusiast here. Make me happy and call me a liar again.;joy;joy
edl7xlz;Don't worry you'll outlive them.;caring;love
eeokx88;oh no I agree that its edited, but I think she has other things going on too.. BDD at least ;approval;joy
eeu24z2;I don't know, they'd have to reduce the accuracy of the NPCs a bit then cause I sure don't like 1-shotters using aimbot;neutral;neutral
edr59eq;When he puts it in too fast and you don't have time to let your walls expands, this is exactly how it feels... ;realization;surprise
ed9feu7;Ooh you made them?! Awesome!! I hope you enjoyed them. 5 cheeses sounds like a great decision.;joy;joy
edjhabp;That's a pretty laughable response. Pretty r/iamverybadass actually.;amusement;joy
ee9248r;>While Austin is a great city that should embrace its first major pro franchise, What is this conformist nonsense?;neutral;neutral
eet2ofl;Thanks mate. It's just a process now. Fingers crossed that time will heal all (or most) wounds!;gratitude;joy
ee8l5zw;Right, ok thank you.;gratitude;joy
eep0ix8;I went skiing in another state and ran into a gaggle of students. Distance guarantees nothing.;neutral;neutral
ee3jles;Weird but effective;disgust;disgust
ef8aufx;I dont blame you I have a stuffed otter my gf and I got in Catalina I wont even let my niece play with it;neutral;neutral
edhunph;Thank you very much, I must have missed these while I didn't have regular Internet access. Sorry for putting you on the list in error. ;gratitude;joy
eemecoa;Sad to see this as a one-off. [NAME] seemed to be really enjoy the game and itself. Will give the game a try.;neutral;neutral
edcrpag;Excited to see this kid in red and black some day;desire;neutral
eer7zky;Congrats and be well. Peace and tranquility to you. !;caring;love
eekr69f;These are both beauties. Those big dark eyes and that smile.;admiration;joy
edkh0u7;Tell her boyfriend and send him the screenshots of her saying she’s having affairs for proof. Then cut this toxic person out of your life!;neutral;neutral
ed4pfjo;So I did. Good call.;admiration;joy
edpsii7;I'm ugly and able to bump uglies with someone I can make laugh. Mission accomplished.;disgust;disgust
ef236od;Thank you all for the karma I’ve gotten!;gratitude;joy
ee8mfir;It's the app, you get daily readings, you can communicate with the other members, reminders, etc, download the app you'll see;neutral;neutral
ed4tv6j;[NAME] didn't refuse to trade [NAME] to the Lakers out of spite. He saw nothing he wanted.;neutral;neutral
eepobi3;"Seriously, I spit up my drink reading ""The GOP not the ones threatening children"". I know a few thousand kids in cages that might disagree. ";disappointment;sadness
ee2nk3z;I don’t know how to link but if you search within this page there was a whole thread on it;confusion;neutral
edy313h;A girl came into him recently and he pre maturely ejaculated. He had to type this.;neutral;neutral
edplze2;I've have a serious fear of getting winded, this video made my balls fall off ;fear;fear
eeh3fac;Done. Good riddance. Thank you for your comment;gratitude;joy
edudv43;Yep. If we don't come up with a solution, there is no need for solutions to anything else.;approval;joy
eddyedw;That’s only really annoying if it’s excessively slow;annoyance;anger
ee24uie;The comments on this thread are what I expected and that makes me sad.;sadness;sadness
eew4e9a;yea he had 6 assists which created 13 points, if he had 13 points and no assists people would be calling it a great game for him;disapproval;anger
ee78yiz;The Lidl ones definitely don't taste like Weetabix, if they are make by Weetabix then they must be using different stuff!;neutral;neutral
ed37epe;it’s not something you get over, but it’s something you get through ;neutral;neutral
eetnbrw;Doing my part;neutral;neutral
eda9zq3;And chocolate comes from child slavery.;neutral;neutral
ed1z5be;Nobel prize, u/Otomyre, Nobel prize! I’ll see you in Sweden!;surprise;surprise
ed6hrx0;Bold of you to a̢̢̘̜̹͖͓̣̼̰͎̞͚̖͟͝͠s̷̻̮̝͍̕͘͝͝ş͏͕͈̻̺̬̻̱̫̙̠̜͚̗̯̤͔̙̫ų̖̰̭̺̳͕͔̥̳̟̻͖̗̪͙̕͜͝m̨̢̲͚̪͢͝ͅe̹̣̻͙̻͕̦̕͠;neutral;neutral
eet3lk8;"I want this back ""I want us back"" I missed the part where that's my problem";disappointment;sadness
eenj7fo;If you’re working out, juicy AF, and needing to pay for escorts you must be got damn ugly in the face. ;annoyance;anger
edo91pt;Just curious, how many supplies did you take?;curiosity;neutral
eepknk1;Dive into that sweet sweet goodness, buddy. View the meetup the woman being lucky to be around you, and it gets much easier.;caring;love
edvb2r4;This r/dbdgonewild/;neutral;neutral
efacxvv;I'm a [NAME] and tripping has only strengthened my faith. To each their own.;neutral;neutral
ee9efqt;Why am I seeing this everywhere now? This wasn't in my vocabulary last week.;confusion;neutral
ed0fw6m;I honestly predict a riot on the scale of the 2011 ones if we undergo a no-deal brexit - possibly even worse. It's terrifying.;fear;fear
efgm2no;*Hey just noticed..* it's your **1st Cakeday** Spottedgriffin! ^(hug);realization;surprise
edoxyzg;Wow that's not OK;disapproval;anger
ed74241;I’m with you, like shouldn’t we call someone or make sure this was followed up on? This poor guy. ;curiosity;neutral
edb2nwr;I'd like to add spontaneously experiencing unending self-loathing because you suddenly remembered that embarrassing thing you did 3 years ago.;realization;surprise
eezsv9j;i'm calling [NAME] noms with [NAME] [NAME];neutral;neutral
edv80yp;"It won't be anything with ""Last"" in it, because TLJ. But it miiiiight be something with ""Final"" in it.";neutral;neutral
edlko45;That's where cap 2 sleeps. Leave it be;neutral;neutral
ed5fkvl;It's in case he suffers from amnesia and forgets his name.;fear;fear
efd3b7n;"No it doesn't. It's a lie. [NAME] is not far right. The US hasn't ""installed"" anyone";neutral;neutral
eevwsc6;Why are you trying to do that? What’s going on?;confusion;neutral
efbjmyf;I have tried to stay away from using the word “[RELIGION]” as much as possible to stay agreeable with the current styling guide of the church.;neutral;neutral
eetycos;You better be!;neutral;neutral
eep3kkz;What a combo of food;admiration;joy
edfs5k1;Oh man that hurt to watch;sadness;sadness
eepqqml;You asked if I verified. You set the goal post, not me.;neutral;neutral
efdmmbq;They don’t have that on iOS unfortunately 😭 but thank you for the suggestion!;gratitude;joy
edx7irk;[NAME] throwing the ball to Spain;neutral;neutral
efdkt10;This must be what you get angry about when you don’t have any actual problems in your life.;annoyance;anger
edkd7t9;Jealousy is unbecoming;annoyance;anger
edpmh95;good luck! I wish you the best <33;optimism;joy
edjz35d;Thank you!! Makes sense, I was deciding between laxes and stool softeners so I think I'll just go with the lax teas;gratitude;joy
efarfdz;I don’t know what I’m to say I’ll say it anyway;confusion;neutral
eenjyah;I was just explaining why the whole vote with the wallet thing doesn't really apply.;neutral;neutral
eeq02d5;Nah the highest voted stories on nosleep these days are about sexual abuse or something along those lines;neutral;neutral
ed635m3;GAA' isn't a sport...;disapproval;anger
ee5m9k2;Thanks man, I managed to feel better by letting loose with some music - definitely a *much* better way to pull out of a dive. ;gratitude;joy
eeyvlxh;Don’t forget Kylie 1.0 was in it !!;neutral;neutral
edacf6f;Big ups. The small things make the difference.;neutral;neutral
eei92s2;I dont know.;confusion;neutral
edfqsv7;Who are these women messaging [NAME]? He looks like a very average-looking teenager.;curiosity;neutral
ef1h4if;mystery solved.;joy;joy
ediu5w1;Did he beat all the bosses solo? If he did, he's less of a scrub than I am.;admiration;joy
eectxly;>Make I've never hated a commentator more in my lifetime then him;anger;anger
ef0y67l;Its very popular in the not comic book demographics.;neutral;neutral
eeswa6m;Yea, husband learned his lesson quite quick. Thank you!  );gratitude;joy
ef2nx5q;They must have seen you.;neutral;neutral
eea97o5;Let's kill and eat them all. That'll stop those damned animals from deforesting my forests;anger;anger
ee2bd7a;It was a terrible, terrible thing to do. He did every day of his time for it, has expressed regret, and has not repeated it.;fear;fear
eepcvze;Real nice guys are just kind people.;admiration;joy
ed86cjz;Pretty much every Punjabi dude I've met.;approval;joy
effjbe8;Now you're appropriating the Bullingdon Club's culture.;neutral;neutral
edoglhv;No response after a week? That's something to worry about.;nervousness;fear
edf17ah;Thats exactly what a J-word would say;neutral;neutral
ed79tsw;Well if we just started in the second quarter in both games...we would have come out ahead!;realization;surprise
eesioex;I'm sorry it happened like that for you. I really can't imagine.;sadness;sadness
edg2323;C'mon Mr [NAME], you're not going to eat all that watermelon.;disapproval;anger
ediagf8;Op you're fine, anyone who's actually been in your situation would have reacted the same. This commentor is just trying to make you feel bad. ;caring;love
edqql86;It's simple, I asked, and she lied.;neutral;neutral
ee8gc3a;I am really excited for you! We texted a few weeks before we met too! The first hugs and kisses were the best!;excitement;joy
edrdd0n;Your harshest critic will always be yourself;neutral;neutral
eehvsaq;"That's a lot of words to say ""I'm upset that women don't want to date me.""";disappointment;sadness
edvq520;these are quite normal thoughts for depressed people;neutral;neutral
efet0j4;Yeah cause no man has ever been falsely imprisoned due to allegations proven later to be false;anger;anger
edg6oq8;We give them too much money.;neutral;neutral
edglwtq;There's so many! Auntie [NAME] and Dame [NAME] are two of the best. But personally, the bass player from Spiderbait, [NAME].;neutral;neutral
ee1k7h4;OMG, my two favorite franchises and the two best girls!!;admiration;joy
ed1wud5;Damn video made me think there was audio!!;disappointment;sadness
eeskm07;You've described my parents who have been happily married for 36 years. You are good dude.;admiration;joy
eddebe3;Upvoted for visibility. Disapprove of the poll results.;disapproval;anger
ef4mur4;Don't wear out our [NAME]. We need him if this season is going to amount to anything.;optimism;joy
eegst1x;Where can I get some? These are awesome!;curiosity;neutral
eeq8839;If you’ll check my medical records you’ll see I have a crippling arthritis in me index fingers;neutral;neutral
edlhe3h;[NAME]  [NAME] is your nephew [NAME]  is this about your dad and bro?;neutral;neutral
ee5cjog;I can't understand why Pepsi and Coke are the two most popular sodas. Or why fans think they're so different.;confusion;neutral
ef808x4;I think we should conduct a study and find out, otherwise I don’t know and you don’t either;confusion;neutral
eeii5r5;Yeah, I'll admit I like Kuzma. [NAME] does kind of remind me of a less talented [NAME].;admiration;joy
ef9iwjs;There's a correlation between how corrupt a country is and how corrupt it is perceived. edit  DOI 10.1023/A 1013882225402, If you can't acces, scihub still exist.;neutral;neutral
ee21vqz;What a loser, sad. ;sadness;sadness
eepzk7r;I saw a slightly longer clip where a woman came and shooed them off.;neutral;neutral
eda3opb;He couldn't block a shot if it was from my dead grandma;neutral;neutral
ef5nlo9;I'm afraid of having a sit down with them amd not being heard. But I might have to for my safety.;fear;fear
edndst3;Why can’t we do both, approve wall funding and more border agents now and stop holding 800k federal workers hostage. ;neutral;neutral
ed7sl19;ASK AND YOU SHALL RECEIVE;neutral;neutral
ef6ocrw;I crave physical contact. I get irritable if I go too long without it, which conflicts with the fact that I also enjoy being alone.;confusion;neutral
ee6t7tp;From that angle his face looks like the big built guy from jersey shore.;neutral;neutral
ed3mzz1;Welcome to switzerland 😂 I see it everyday, when I'm on my way to work. ;approval;joy
edc6je2;I love bein' inside u, baby;love;love
efclliu;Wow, who can afford this one? ;curiosity;neutral
edy8356;Oh hell no. Shes blind!!! No way in HELL is she ever being left alone with it.;disappointment;sadness
ed3w5vf;More admired than [NAME] [NAME] is admired by starbucks baristas. Unemployed kids. And cat ladies;admiration;joy
edujmcx;Too bad he went back home to Nepal, it's always great seeing these young spinners getting a go in the BBL.;sadness;sadness
edjd969;I do feel sorry for the squirrel, but I wouldn't say the dog is a jerk for acting on natural instinct.;remorse;sadness
ee66c9z;If we can’t even score on the power play pulling the goalie made no sense;disapproval;anger
eduuwq7;You are goddam funny sir;amusement;joy
ede4o2v;would you kiss a girl if you're drunk tho? Edit   why the downvotes? It's just a question, geez;annoyance;anger
edscfnz;Just mild burns and witty comebacks...;neutral;neutral
een1zzu;The 10 game rule for expansion also includes AHL games, so regardless of his stint up here he was going to be made available in the Seattle draft;neutral;neutral
eeq34je;I think some of them expect there to be a cashier standing like a statue at every register at all times no matter how slow business is!;neutral;neutral
edofshk;"And those offences are not Criminal Code offences. Criminal Code offences require it be established ""beyond a reasonable doubt"" that an accused actually committed the offence.";neutral;neutral
ee0r0l7;Wow, I don't know how [NAME] handled that;surprise;surprise
eew1fwh;She said she was ok moving out ... now she isn’t. I have no idea.;confusion;neutral
edmgmgz;LPT  Make sure your chickens aren't pink anywhere by just chucking them in a 1000° oven;approval;joy
ed4vau2;There was definitely 90s-drama-film-esque piano music playing when this unfolded.;neutral;neutral
edfn4nd;"I woulda ""sneezed"" with my drink in my hand and launched it right behind me";neutral;neutral
ee9su7o;BASED AND REDPILLED;anger;anger
ed5r0i1;What about from the POTUS?;curiosity;neutral
ed5c6mj;my parents did this for 8 years. apparently it’s a lot of fun;amusement;joy
eetxlxy;*sigh* just take it ⬆️;approval;joy
ed8ooc0;This is true, but For THIS situation, it's time to take notes on the situation and do better on the next one. She deserves better.;caring;love
edcqwfw;[NAME] is a damn fool. No wonder his ex-wife is his boss and his babysitter.;neutral;neutral
eeuo7nr;This question was on here like 2 days ago with 95/5;neutral;neutral
ef5i22p;Yes. We actually just talked about it too. Dont know if he took me seriously, but am trying. ;approval;joy
efdo7vm;Just read your list, sounds great!! You have some creatures even I didn’t think about 👍!!;admiration;joy
ef2xxq9;Sitting at home drunk waiting for my tech to charge so I can sit out back and listen to music lol;amusement;joy
edbiw5b;We just let a guy go last month - voluntary resignation. He was a great worker but didn't want to train others.;admiration;joy
efeggsb;Really? Wow. You’re either hopelessly ignorant or you’re trolling. For your sake, I hope you’re trolling.;curiosity;neutral
ee7j2ux;Now *I’M* angry;anger;anger
ee9nqzu;You're a turd;annoyance;anger
eeqkifk;That’s her way of saying you aren’t getting the job;neutral;neutral
efe367n;Why did we have [NAME] that one year shoot against Draymond. I dunno because its entertainment and story lines.;confusion;neutral
ee2r9s6;I'm trying to get you laid. Maybe then you'd stop acting like the giant douchebag you are.;neutral;neutral
edirstx;Shhhhhhh ... It will be ok, honey.;approval;joy
eerv0m6;I never thought about that. Good point. Cursed and wilted rose, unlike [NAME] rose emblem.;neutral;neutral
eeqmrl2;I thought you were suggesting a bigger knife for a second.;neutral;neutral
edpq32y;It's not an conscious choice to be uncomfortable about something.;neutral;neutral
ed4cpjo;[NAME] shot has been quite frankly terrible tonight, wayy too strong on most of his looks;fear;fear
eeo1u45;They had [NAME] on MSNBC and he said the same thing. This is the next phase in operation freakout.;neutral;neutral
ee0kauc;smell that? desperation. You can smell it.;neutral;neutral
eeist6u;"""12 inch""";neutral;neutral
edohpus;So they're just not going to change it like they did in the Louisville game? That's cool..;neutral;neutral
eefx8tg;Wow. This is messed up.;surprise;surprise
eeeyyqc;Meanwhile, 1500 a day continue to die from cigarettes;sadness;sadness
edoabf6;Beautiful place, been there in September!;admiration;joy
eee00pm;That's awesome. For the record, I do get anxious over very non intrusive questions, I really have a tenancy to read too much into things. ;admiration;joy
ed9ir21;Sounds really boring so I hope you like it;love;love
ef3wzqr;Oh nice, gonna add that to the list. Thanks!;admiration;joy
effb3xa;I'd very much doubt many people believe there was no awareness or complicity.;confusion;neutral
edfr7aa;Whoever told you that is lying.;neutral;neutral
eepmgiy;It's pretty warm in Australia during this time of year.;neutral;neutral
eduh6da;I'll take a window seat for lmao at this.;amusement;joy
ee2gxgu;Before things like that can happen we need to first atleast make it stable and usable for the people that actually do pay;neutral;neutral
ed3jjhr;Yes, that is exactly what happened.;approval;joy
ed5cd6d;Please make a separate post that includes these territorial changes and not one for each village. Thank you for your efforts.;gratitude;joy
edoa6my;Omg. I just noticed that! Holy fuck, how does she smell?;curiosity;neutral
eekiyhy;He must've done something real bad. I played with a guy who by all counts was an asshole but never received more than mutes.;embarrassment;sadness
eeptzv7;I think it's time to let him go, for your life's sake!;neutral;neutral
efc444r;Problem is fornite kids are playing fortnite.;neutral;neutral
eefxuef;Crippling? How so? It’s with Fox Sports right? I figured they probably had a good deal with them, but maybe not.;neutral;neutral
efd04b2;And still our government is not responsible enough to pay its bills. It's rather pathetic.;disappointment;sadness
efgnqoi;Thank you 😊;gratitude;joy
ee6cvki;This made [NAME] [NAME] verrrrrrry famous this year. She was always famous but this year her sounds and food descriptions won her the top award!;neutral;neutral
eeqc1fu;I've been watching too much my 600lb life...I instantly hear dr. [NAME];remorse;sadness
ed0ujqh;It really do be like that sometimes;neutral;neutral
eeadguz;Respect my authoritah! Demanding respect sounds like a guarantee of not getting it.;admiration;joy
ee0rvn8;IM GOING TO GO BACK TO INDONESIA UNLESS YOU STOP PAYING CHILD SUPPORT YOU SHOULD BE SUPPORTING ALESS AND [NAME];annoyance;anger
ef86xt1;I'd be down with the big baller himself.;neutral;neutral
eey3wm1;A waste of money to you is not a waste of money for everyone.;annoyance;anger
eeqw4lv;I just unassigned and left;disapproval;anger
eff8m54;What is a punishment if not an undesirable consequence imposed by others?;neutral;neutral
edhd1sj;It's a shortcut, dude, he just knows the map!;approval;joy
ed5f9be;Midland has a ton of smart people. A lot of petroleum engineers.;admiration;joy
ee8hqqr;nice to see that more special needs are out in the work force. go get em pal.;admiration;joy
eeforq2;on the rim;neutral;neutral
ed67bvy;Boy what an accomplishment, so proud!;pride;joy
ef7e03t;Now you have to make up all these downvotes with some low-hanging-fruit criticism comment of [NAME] or [NAME]. Good luck and cheers!;optimism;joy
edq6lly;Please give us updates. Oh wow.;excitement;joy
ed8ll4b;That isn't normal or healthy. Stop obliging her obsession.;disapproval;anger
edsafjm;I once went alert on N1 and killed 3 people.. 2 maf and a doc. Doc got resurrected later thankfully;gratitude;joy
ed1oyod;I’m not sure are we now taking the word of the FBI and Navy as legitimate sources or what’s happening here lol?;amusement;joy
eebhsak;They are awesome!;admiration;joy
efbogyx;Oh 100%. And I could see [NAME] and [NAME] both picking [NAME] cause of how she wanted to play the game.;approval;joy
eebqd42;Could not agree more. Personally, I love watching any comp at pro level. GOATS is fun to watch the micro play and ability timings and synergy ;disapproval;anger
ee5t2eo;The reaction is incredible. I’m quite certain it’s satire as well, but its impact is depressing as hell. ;disappointment;sadness
ee2qylq;Doesn't mean we can't improve on what we have;disapproval;anger
eezoyq2;Interesting. I wonder how does this work. Does it do swaps itself? Does it utilize the currency exchange listings? I'll check it out later.;excitement;joy
ee9xzhp;It's a seemingly a pretty heavy duty trailer but definitely putting some stress on bearing assembly slamming a log into it sideways like that.;neutral;neutral
efdlk3r;Lol the actual state of this Nothing wrong with pointing out [NAME] was a cunt snowflake Suppose it makes a change from your usual woman hating posts;amusement;joy
eeeekvh;The lack of stick skills [NAME] lacks is actually astounding.;surprise;surprise
eell134;I'm sad can someone make me feel better Feel like shit rn just want [NAME] back;sadness;sadness
efgqeif;Excess of 300 partners and not using protection is unappealing to me, I dont want catch anything ;disapproval;anger
ef0xxj2;Seen this result coming. Best result for us and rangers unfortunately.;admiration;joy
efenf0u;just apologize. what other advice could you possibly require? you fucked up, now deal with it.;anger;anger
ee6xhfz;What do you mean by delicate flowers?;confusion;neutral
eepw7em;But we did get an awesome transit line from downtown to the airport, plus most of the Olympic facilities existed before the games.;admiration;joy
ee8qw00;Am I not supposed to have what I want? What I need?!?;annoyance;anger
ed50r7g;What are the Four Agreements?;neutral;neutral
ef7ha7l;Which one?;neutral;neutral
ef1hli8;"*Not wearing makeup the next day* ""Are you okay? You look sick.""";neutral;neutral
ed2g211;Oh my [NAME] why did I look;neutral;neutral
eed8cg1;Yeah, I mean it's not like anyone else has ever shut down the Government.;neutral;neutral
edgw4p9;They are taking advantage of the fact that you found this thread and realized you have to do is one more day until you get it.;realization;surprise
ed2f978;Only for a week? You are a great optimist!;curiosity;neutral
eetc1j1;What a block by [NAME];neutral;neutral
edv5i27;It won't, it will stop the ones who cross the border. Not a very hard concept. ;approval;joy
edo0zkl;Yikes. I was kind of excited to get a new [NAME] if he gets last man in but I'll pass on these butt ugly jerseys.;excitement;joy
ef8kj0b;I love this wow;love;love
eem52g7;This could have been done in two panels and that’s honestly what annoys me the most about this;annoyance;anger
edv67uw;One of my coworkers made the wait list. Great guy, but yeah, it is a rich getting richer situation.;admiration;joy
eeqd3fs;Okay, I'll try to find one. Sorry about that.;remorse;sadness
ed9wqeb;I destroyed about 1/2 of them because black snakes are actually a good thing to have around. I just didn't want too many of them.;approval;joy
edk4ufg;You don’t have to hate players just for being on a different team. I hate that [NAME] is an [NAME]. I don’t hate [NAME];disapproval;anger
ee87hk8;Go with her, eat healthy food with her too. It may help;approval;joy
efh6qsl;we go!;neutral;neutral
ef0ihbl;Oh, my [NAME] ;surprise;surprise
ef7lggm;Dude got owned by a glass of cider. He spent a full month roiling and gnashing his teeth in an existential nightmare because of sulphites.;neutral;neutral
eeibo6i;[NAME] just wants to post pics of her facetuned of herself for attention while acting morally superior to those other girls. fuck off;anger;anger
edej9qa;He’s also got a girlfriend that he really seems to care about....;caring;love
ed3598m;Maybe they are jealous that you found happiness.;neutral;neutral
efgz3es;I'm glad you made a Reddit account to inform us how much you totes don't care bro;joy;joy
efgkaee;On to the next one!;neutral;neutral
edbye2t;I’m kind of scared to talk to my manager about it;fear;fear
ednjilf;They'll investigate themselves and nothing will happen. Detroit police bully everyone. An they wonder why no one likes them, Respects them, Or why people run from them. ;annoyance;anger
ee3ipry;[NAME] has been attacking the basket a lot this game,good to see.;joy;joy
eeptfaa;This is an old carnie trick. There are sites that have debunked this guy.;neutral;neutral
ee96i70;The best losers of grand finals cod has ever seen;admiration;joy
efh6oic;Everytime I get to hug someone.;joy;joy
eeta1qa;Oh, grilled nuggets. Haven't really seen those at fast food places so I thought they were just the regular nuggets;surprise;surprise
eecox9a;This is amazing, man. Kick some ass, make good food, get paid. Congratulations;admiration;joy
eew9ubu;What are you talking about?;neutral;neutral
eelwh6u;"Look [NAME] is here ""Where the fuck was he an hour ago, gary, where!?""";anger;anger
efdxbeo;I saw that fan art once, where [NAME] is drawn as [NAME], and its funny cause they're both my favorite characters in Persona and Jojo;love;love
ef4gzmc;Congrats!!! Thatll be me in May and I cant freaking wait!;gratitude;joy
efcz1ee;It was a painful cringe, too. Are we masochists?;sadness;sadness
ef76wjr;And they won‘t until it hits them - or not even then, somehow blaming it on others too.;neutral;neutral
ed3i4gx;Oof this hits home;admiration;joy
edka5nb;still would be great. especially if we get [NAME] from denver aswell in FA;neutral;neutral
eebxspf;I’m sorry. Can you please explain what are the 2 accounts of the order of creation are contradictory?;curiosity;neutral
edyifnw;Itll happen. Im 36 and i think i finally found the one last year 🤞;approval;joy
edmqf2v;Your smartly worded refutation of the whole of the rest of Christendom has swayed me completely, Rome is the only true home! Hurrah! Hurrah!;excitement;joy
edw2r5i;I believe he means he was a very pretty child to become otherwise after puberty...;admiration;joy
eeb915h;This is a bit of a political post but I just felt like venting.;neutral;neutral
ef0e4ep;They cant see me, bc I cant see them!;neutral;neutral
ed37qi0;He’a establishment trash. I despise [NAME].;neutral;neutral
edjeqnb;Them boys smelling even more blood in the water. Rack them fuckin points up boys!;anger;anger
edmc0y5;Not having social media is such a blessing for me, it’s weird he messaged your mum though! I bet she loved hearing from him! ;disgust;disgust
ed0j5h0;Let's hope January treats us a little better than December.;optimism;joy
ed44yea;For [NAME] sake, they used OFFICIAL ones , my god. Fucking animals.;anger;anger
edd3ryz;Rule 2 of firearms  Never point the muzzle at something unless you’re ready to poke tiny holes in it.;caring;love
eecednp;Thank you so much kind sir, now im excited to start reading the LN!;gratitude;joy
eel9csq;2 Minute [NAME] is the scariest [NAME]. I fear they have yet again, like the regular season game, scored too soon.;fear;fear
ef9gur2;Thank you so much, this is beautiful;admiration;joy
eddrd42;Thanks! I'm now quite excited. Unless of course they all decide to skip straight from Chatswood to Gordon.;excitement;joy
edsgre5;Hope you're not [RELIGION], 'cause that ain't kosher... ;optimism;joy
ef462vc;You really don't comprehend anything my man, now do you? Goodness gracious the amount of stupidity. ;anger;anger
eej9coh;But hes still in love with me just not as much as he used to be... and he calls me.;love;love
efdyv5p;Thought it was StuPOTity when I first heard it....;neutral;neutral
edcna4c;It's over! Move on and find a better partner.;caring;love
efah9rb;Lol i got bottled by one of them in a brawl with a bunch of the nazis;amusement;joy
edoqnr3;That shit sent me on a fucking journey to read.;anger;anger
eedae9y;Your comments have been removed. This is a community for support. Repeat violation will result in a ban. Thank you for understanding.;neutral;neutral
ef3s9xo;So the article is pretty much nonsense.;annoyance;anger
eeilj89;There are quite a few hideous high rises in dallas. But also some beautiful and iconic ones.;neutral;neutral
ed8uwtz;17.5 i pm what i got at 18;neutral;neutral
eevwe7c;Sounds weird but dont swallow;surprise;surprise
ef675xt;It's absolutely beautiful;admiration;joy
eefugwr;That is even worse. No tax from them and we provide them with services.;disgust;disgust
edd9h8m;Come on really. I’m for gay rights.;approval;joy
eekd8kz;Holy bait-and-switch, [NAME]. I’m so sorry, that has to be incredibly stressful to have to be around and deal with.;nervousness;fear
eewevfh;[NAME] should have come back. I'm surprised you could get any worse than the s10 one but shit i was wrong.;surprise;surprise
edr4zvg;Hahaha for real..;amusement;joy
eeuoejg;It's so weird having HGs up this early, but I love having something to watch before my 8am lecture starts.;annoyance;anger
efh873y;I want to know how she thinks you can convert fat into muscle;curiosity;neutral
ef1ikb7;I'm a woman, 50-adjacent, and a descendant of slaves. I like hot sauce but I hate [NAME].;love;love
eem2x8o;You're naive if you think they won't balance it out somehow in the future.;neutral;neutral
ed0sblx;Correct, you eat to survive, but you you eat animals for pleasure.;neutral;neutral
eezjo56;I gave him a hug and told him how glad I was that he was okay after the police assault. He’s amazing!;admiration;joy
edz2aql;Of course these are all conspiracy theory shitposts BUT just because he got squeezed out, doesn’t mean they want him playing for a rival team.;annoyance;anger
edam8ul;You're a hottie!;admiration;joy
eetfvex;That's the impression I've always had, but man the owner gets snippy if you disagree on your review!;neutral;neutral
edckr48;I appreciate [NAME] diving for that, but because he did, it lead to wide open Korver transition 3. About as automatic as it gets;neutral;neutral
eegt26p;wait they actually lost lmao. i stopped watching halfway cuz i thought SPY had it in the bag ^^^^andigotmywatchrewards;amusement;joy
ef38sd2;The best ever you are the [NAME]!!;neutral;neutral
eeghtm0;My only criticism is xhaka, too slow on and off the ball.;disapproval;anger
eeu1juv;Thats the high life of empowerment.;pride;joy
eerjou4;Never let facts get in the way of a good story.;neutral;neutral
ef54otk;feeling like im not normal and that im shameful and wrong and other people telling me those things are what have done this to me;embarrassment;sadness
eeoiqz1;I spent a good portion of my childhood in Arizona and Colorado. I love the rain and greenery here in Oregon;love;love
eedlycq;Hip hop has fallen down so far music in general, since the 90's. ;disappointment;sadness
edfth7l;why is this hard to believe it’s totally believable;confusion;neutral
edqcq7f;If only they were more like [RELIGION] amirite?;neutral;neutral
eevff00;Probably when they fired their cartoonist a few months ago for having the wrong opinions.;disapproval;anger
edhip1m;Really not sure how that’s your takeaway.;disapproval;anger
ee4ljrv;This is where [NAME] loan becomes a bad idea. I know he wouldn't start but now there's no backup RB.;neutral;neutral
eet51lu;So it's we now eh jerk-off, as in troll farm to creat FUD and drive the premium up on the order book. I knew it.;neutral;neutral
eenojku;What type would you classify House from House M. D.? (T. V. SHOW BUT OK;neutral;neutral
eczscqr;Hysterical!!!!;neutral;neutral
eeukd29;He's not my type but [NAME] is handsome AF. /s;admiration;joy
edcy1jd;If they want to attack [RELIGION] they should be honest with the website title Imagine a [RELIGION] creating a website and calling it WikiChristianity and constantly attack [RELIGION].;annoyance;anger
efeu754;Interesting isnt it?;curiosity;neutral
edj6bdj;This is clearly the world's most dangerous gang;fear;fear
ed4h3m7;[NAME] SHOT THE PUCK *AND* WE SCORE Who woulda thunk;approval;joy
edm5c3g;I used to know a guy back in HS, and college. Every male in his family had been struck by lightning, except him.;neutral;neutral
edxwikj;Oh! Thanks for clarifying. The entire time I thought it was written by a child to their OWN parents. I'm thick.;gratitude;joy
ee1pi55;Looks like these guys were sold Brexit lies;neutral;neutral
edfykmg;We can’t have that;disapproval;anger
eeoz1nm;Nothing special, just love a good knife fight. Bonus Revive.;love;love
eezx4t7;Parliamentary systems don't have the same separation of powers anyway. But it's the executive of Bavaria, not the federal executive telling them how to vote.;neutral;neutral
eeidol8;I'm afraid I'll pick something else.;fear;fear
eek8t9y;You got any more of that weed?;curiosity;neutral
ef80u3k;A fork and spoon could be a fapoon?;curiosity;neutral
edouwrs;More Nice Guy IMO.;admiration;joy
ed29p28;I DON'T KNOW WHAT TO DO WITH MY HANDS;confusion;neutral
eelk2pi;Super righteous.;admiration;joy
eezw2fl;Not gonna lie, kinda looks like a unicorn sneezed on waffles;neutral;neutral
eewbzlx;Lol. Unfortunately, yes. >sigh<;amusement;joy
eda25gz;"Depends. Are your ""toys"" dildos and butt plugs? Or needles and strangers? ";curiosity;neutral
efb50zf;I have basically that print on a t-shirt, it's definitely coming out of the closet more often as soon as the campaign is official.;excitement;joy
efbcxjd;I’m here, I’m here! Thank you all!;gratitude;joy
edl9gx4;The self righteous feel no shame;annoyance;anger
efb56j2;Reads like a movie script to me.;neutral;neutral
edhr051;Way too small, what a bummer. ;neutral;neutral
ed1nc8c;May live in Florida, but [NAME], NJ born and raised!!;neutral;neutral
eduq5ma;For both of you together? The fuck company are you using.;anger;anger
edpg57t;That's that frequency dying in your ears. Enjoy it, because you will never hear that exact frequency again;joy;joy
eeca7de;Who cares? 2019 season hasn’t even started;curiosity;neutral
eeb1tcc;I never said anything about that lmao;amusement;joy
edjtp1d;Lack of a dart board.;neutral;neutral
edyz9mf;Surely hope so, buddy. Surely hope so.;optimism;joy
ed1ms3j;I don't think you're allowed to administer a vaccine to someone who is sick/injured.;sadness;sadness
edi99xq;Sorry for your loss yesterday. Your team is poised to do even better in the years to come and hopefully they will.;optimism;joy
ee1dnn4;Certainly not haha;neutral;neutral
ed2h0l8;Happy cake day!;joy;joy
ee2ofju;"I don't always do this, but when I do, I'm listening to the unedited version of ""Killing In The Name Of"".";neutral;neutral
ef4lrdu;You look better when people can’t see you <3;admiration;joy
edyx29x;Can you imagine being the person in this costume #mascotlivesmatter;neutral;neutral
eep19p5;Every single time a person has demanded to see an MD rather than me I have appreciated the dodged bullet. It's never fun for the physician.;gratitude;joy
ednqq3o;please report the physical and emotional abuse to the police so there is record of it. And get a lawyer ASAP.;neutral;neutral
ed003qq;"I feel sorry for people that think Reddit (or even some random sub-reddit) is ""an international stage"".";sadness;sadness
eevvus4;May [NAME] bless and keep the President... far away from us!;admiration;joy
ee6j2me;I think years...I'm not ready and I know it, but I know years;disapproval;anger
ed2enk8;i feel betrayed by the community;disappointment;sadness
edzmkbp;It's hard to have a nuanced opinion, innit? But I don't like everything he does. This is one if them.;anger;anger
edp323f;Stocks have less market friction...there is also more chaos due to the amount of individuals vying to make money there, compared to here.;confusion;neutral
eex9lba;Just speak with a Sheffield accent lmao;neutral;neutral
ed38erp;You just made my point, you obnoxious whining kid;disappointment;sadness
edxepun;Oof..  (;neutral;neutral
ee8xyo7;sounds like you are a man who is uncomfortable with women's sexuality.;neutral;neutral
eeg6rqr;This was my biggest problem. And I'd want a nap too. That's why I have to shower at night.;desire;neutral
eew57w8;no phone in the site, just some dragons enjoying the moment;neutral;neutral
efgega0;very pretty lady.;admiration;joy
ed6ek3m;This was extremely helpful, many thanks!;gratitude;joy
ee5fz4k;auto play really sucks but sex education was a really good show ngl I binged the whole thing in like two days.;neutral;neutral
ee1g7vt;I think in 1.0 it's a lot harder to SDI out of Fox's dair, but I forget why;confusion;neutral
ee9jdxh;Insomuch that I'll probably avoid any Stahly products in future  |;optimism;joy
edn7mtm;Won’t Molotovs create more waste?;confusion;neutral
ed6fpjp;Follow up #2  Story has been removed;neutral;neutral
ed7x62x;At least he's finally done one thing right. Utter fucking disappointment at every level, by every metric.;disappointment;sadness
edx6f3z;Yeah that dragon one with the same style ? Mesmerizing. I believe there's also one close to Civic center;approval;joy
ededg5v;I don't drink at all specifically because the next day is sheer terror.;fear;fear
eekwddb;What? I didn’t understand a thing of what you said.;confusion;neutral
edoigca;[NAME] better see the floor today;neutral;neutral
edbc8d6;I saw that comment and wondered if someone was going to post it here. I almost feel bad. Maybe they’re lonely.;surprise;surprise
een7cjm;"Submissive? ""she’s a [NAME] so literally it’s like a brand new car [NAME] has blessed me with."" You're disgusting.";disgust;disgust
eevfocn;Justified or not he'll probably go before [NAME];neutral;neutral
eeseie5;Hes looking for a handout of 3 free meals a day, education and skill training and a roof over his head. Jail, it works.;neutral;neutral
edwrnhz;That guy who said that it's a good idea to never smile towards women you like? Pass, the book was ultra-overrated ;curiosity;neutral
ef8wmy7;Does that person only eats rocks? Because if you put bacteria and human beings on an equal footing, everyone is a fucking cannibal.;neutral;neutral
edncftb;She's reading Canada's extradition act but not Canada's extradition treaty with the USA. I've had this argument before, it's pointless.;anger;anger
eebjkwc;"I have a 17 year old friend who just googles ""memes"" to get his fix";neutral;neutral
ede2zgs;Rip I guess.... Hope op does that Also happy cake day!;optimism;joy
eekby4q;ok so that was fucking sick;sadness;sadness
edgsl7n;You’re wrong. Source  I looked before I commented the first time.;disapproval;anger
ef68xzq;I’ve thrown up;neutral;neutral
efdygcn;[NAME] is an awesome film school...not surprised this came from Dodge;admiration;joy
eeaothh;I’ll be honest I really don’t care. I’m happy to know that others care about this, but eh you do you;joy;joy
eeim5c0;I’m sorry you have to deal with that;remorse;sadness
edl27ai;It was done before and it was terrible;fear;fear
edv92ck;As a person that regularly down votes people that repost front age gifs, I will award you an upvote because this makes me laugh every time.;amusement;joy
edypmwb;You mean hormonal differences?;neutral;neutral
eee6xwj;Explains why I couldn't connect to their forums.;neutral;neutral
eeggspj;Child labor laws are ruining this country;disappointment;sadness
eezcz2y;I want to so bad it hurts. I guess I'm just scared.;fear;fear
ed9qoc0;I never said she wasn't a downgrade. But on r/political_revolution the complaint seems to be that she didn't endorse anybody in 2016.;annoyance;anger
edq6tbl;Just saying he could of said maccathy, kingsbury, or caldwell was his favorite. [NAME] had choices.;neutral;neutral
ed2bfov;The jockeys one is amazing I don't know what you're talking about.;confusion;neutral
eeaku8o;Gotta boost that self esteem.;neutral;neutral
ed9tqt3;It’s amazing how buggy this game is. Itd [NAME] buying a new car with most of the parts broken. We will fix it eventually.;admiration;joy
edr2ssc;Yep. Id say ever since Diablo 3 it was shown that the company was no more. They no longer were gamers making games for gamers.;neutral;neutral
eemajnt;Thank you!! That’s me as [NAME]!;gratitude;joy
eemn1s5;Help, I'm scared and want to go back.;fear;fear
ef4ua8p;thats not good;disapproval;anger
ede0xwo;Become friends with people who work night shift. We are always up at crazy hours and need a distraction from our work.;approval;joy
edrdib5;So... are you for private businesses doing what they want or not?;neutral;neutral
edlmoh8;So happy for your strong stance and to help him on his way out of your life.;joy;joy
edpcfiz;I sort of did lol. I think what I mean is that you cant look at it as an alternative to rdp;amusement;joy
ee78wzy;Only after the initial vote is honored and brexit is implemented.;neutral;neutral
eevmvgw;Now I wanna know how the hell did you stole the body of an NPC  o;desire;neutral
ee3uztg;Fuck the haters [NAME] > Everybody;anger;anger
ef5lhwg;The cruelest people in the room are a pack of gormless dullards. It's the banality of evil for the 21st century.;disgust;disgust
ed4jqtd;Yes. We're finishing the script out now. Shooting starts in February.;neutral;neutral
efeq3nv;[NAME] was actually wrong all along. JAH > Jokic /s;disapproval;anger
edmt2iq;i love this subreddit;love;love
eejyd2o;Omg yes!;approval;joy
edem6q7;literally I feel like crying;sadness;sadness
eexjw4o;*Duck Tales! whooh ooh* *Every day they're out there making* *Duck Tales! whooh ooh* *Tales of daring do bad and good luck tales! whooh ooh*;neutral;neutral
ef4xu6z;Less to keep track of;neutral;neutral
eevuskc;Damn, I didn't know that you used to mod there.;surprise;surprise
ed50513;Hey I said that to my grammar once;neutral;neutral
eeyzv7f;Does everyones dad/grandpa have this exact one? Mine do.;neutral;neutral
ef6p9kf;That is awesome.;admiration;joy
ee6y5p9;if they that lame then disprove them mate.;neutral;neutral
eekhjl5;The space between the M and the E always looks a tad too long with these cheaper jerseys.;neutral;neutral
edz12qs;And you act like [RELIGION] wasn’t used to fuel slavery and control slaves go off tho...;neutral;neutral
ee2jmyz;Employ the son of your biggest donor?;curiosity;neutral
eegsfr0;too damn often!! and i’m cute as hell! i’m mad!!;annoyance;anger
eew137p;Please stop talking [NAME].;anger;anger
ed92hr1;Kids are like pets. They just sit by a locked door and howl.;neutral;neutral
ees61na;It’s 8 rounds on all different topics organized by check it;neutral;neutral
edql5hy;They did, donated a penny for someone else’s happiness/luck. ;neutral;neutral
efeq52i;I giggled. Then looked at my corgi and imagined him stuck butt first in a big wine bottle.;amusement;joy
ef5ffuw;Feb ‘06 [NAME] But your point stands;neutral;neutral
edomg6o;[NAME], you're annoying. Did [NAME] steal your girl or what? Everytime someone mentions [NAME] on this subreddit, you appear to trash talk him.;annoyance;anger
eeuafof;Apparently the bull shark is hyper aggressive due to the amount of testosterone it has. They're basically roid-heads in perpetual roid-rage with massive teeth.;neutral;neutral
eczje98;I love this! It's nice to hear of a positive outcome on here.;admiration;joy
ede9hpd;I mean, it certainly is weird but don't kinkshame;embarrassment;sadness
effj51y;What...? That’s some real mental gymnastics to justify him assaulting her;annoyance;anger
edtfh0l;"so lucky. im afraid to tell my [NAME] gf.  "")";admiration;joy
eefycxh;Day 1557  people still complaining about a commercial;neutral;neutral
ef6mwwv;Glad to see [NAME] back;joy;joy
edx6fdz;You have to spit into a plastic vial. It would take some decent effort to pull that off.;neutral;neutral
eeem48t;I mean retirement age was set at 65 because it *was* the average age people died. Living beyond retirement was never supposed to be a guaranteed plan.;approval;joy
eekfk83;Attempted years ago. Blocked by crooked politicians in bed with InBev and big beer. Gross.;neutral;neutral
eeb2uod;At least london fans got a somewhat exciting game;excitement;joy
eege4y9;YOU MUST CONSTRUCT ADDITIONAL PYLONS;neutral;neutral
eepjk61;This reminds me of when it came out that the Hello Kitty! character is actually a human girl.;neutral;neutral
ed5rlwn;That sounds like a reasonable estimation. So what are YOU going to do? Because you can’t force them to treat you like real people.;curiosity;neutral
efbu07b;I get ya man. It happens to the best of us.;approval;joy
ed4h64w;Just gotta injure 3 more;neutral;neutral
edmkuuf;neat, thank you!;gratitude;joy
eda5d0q;Lol found the neckbeard;amusement;joy
edftl0o;Oh? There's financial trouble in heaven? Lol;amusement;joy
ef0vhlz;Oh yóu!;neutral;neutral
eeqlsj0;It's 3 Calling Cards I believe, and one sticker for getting Flawless. Other than that, no (unless you wanna count bragging rights).;neutral;neutral
ef9q28z;How about a downvote for the update?;curiosity;neutral
eebbnny;Oof the way he just tossed the cat aside oof;surprise;surprise
ef90j1p;Thanks for this, got a mate in Germany. ;gratitude;joy
ed00e3l;I could have gone to a party, but it's 10 outside. Sue me.;disappointment;sadness
edgt7aw;There mostly isn't any. Nature merely found a way to encourage the behaviour that leads to babies aka sex.;neutral;neutral
ee5hyx7;I was going to ask what temperatures are like where you live. The beauty of losing refrigeration in the winter is having the great outdoors.;admiration;joy
edxpeue;Yes she was, but I'm here now. ;approval;joy
edzhcjf;Go on...;neutral;neutral
ee11e1h;Those are literally the only possibilities.;neutral;neutral
ef4g3yz;Malhama Tactical has been exposed as a sham FYI;neutral;neutral
ed93o2e;Can you link the apologies? Or do they not actually exist?;confusion;neutral
eex16pq;I'm not sure losing billions in trade is in anyone's interest other that political zealots.;confusion;neutral
eczcvgx;I always plan that, my wife usually has other ideas though. ;neutral;neutral
ef0wcpk;The way him and his mom talk to each other is like a little boy and his Mommy!;admiration;joy
eeq7v23;I really hope for it to fail miserably, so we can all agree on the sequel trilogy never happened.;desire;neutral
edzxp7r;A crossover I never knew I needed;neutral;neutral
efa7p45;This comment is very good and all but it got me thinking, *are* pizzas a type of tire?;admiration;joy
eczxpjy;Refreshmentos! What's that? It's new!;surprise;surprise
eexs4zr;Wow there a lot to choose from for 10 bucks or less too;surprise;surprise
ee98dke;Hope he gets rich from this too!;optimism;joy
edk95s2;UN report says population before war  300,000 [NAME] population before war  2,000,000;neutral;neutral
edg5o0w;And if [NAME] had any impact he would likely be playing in a 3rd next week;neutral;neutral
ef8vyyh;Calm down, dickwad;neutral;neutral
eeqvde4;"Going for that most hated title with stupid posts from his ""fans "" ";annoyance;anger
edkurfd;There is zero conclusive evidence supporting this position.;neutral;neutral
ee91yqq;LOOOOOL, Just exposing the man! Also happy cake day;amusement;joy
eddbin6;Same. You all tried to save me, but I rewatched with the sound on and... I have regrets.;remorse;sadness
edhc8j7;You made me cry. That rarely happens, it's like poetry. Someone gets me. Someone feels my pain. Thank you.;gratitude;joy
eetayw7;Dad doesn't need to be there for 12 months. But way too step up!;disapproval;anger
ee5dbyg;Definitely the current worst, hence 20 actually buffs coming her way.;disapproval;anger
edmid3d;I saw gluten free cat grass at the pet supplies store once. Did not know that was a thing;neutral;neutral
edgnky5;Yes! These people are allowed to vote and drive and do other things that affect our lives!;approval;joy
efb7e1k;I was in awe the whole hour I spent in there.;fear;fear
edijdrr;The current situation is one of cronyism, it doesn't represent a few market, which has other tools to deal with such things.;approval;joy
ednrlw9;We live in a completely different world than the 70s and 80s now;neutral;neutral
eet44q7;See that's what I figured, but at the same time academy is such a hindrance 😂;realization;surprise
eewpl8e;Same, I just love games so it helps to calm me down by taking my mind off it.;love;love
edzpi8j;"I will then be singing ""The hills are alive with the sound of music.""";neutral;neutral
ee4rvej;Most rapists aren't, unfortunately. ;neutral;neutral
eewcd7j;Ah, [NAME] and his random crap again...;neutral;neutral
een3izh;Everything mentioned below, plus when [NAME] dicey Walmart convict boyfriend changed [NAME] diaper. [NAME] found out and went ballistic, and rightfully so.;neutral;neutral
edw68z8;Hah hah I got the quote was mocking him - it was so perfect it thought it was genuine. Quality work  D;admiration;joy
ef0enmd;It was my wedding song!;neutral;neutral
edl0ut3;Nope, works just fine. Was just there.;neutral;neutral
efg5qmi;Its had enough of this life and ending it all.;annoyance;anger
edsbnl1;That was the most remarkable thing, how fluid her conversations were, without a trace of shyness.;neutral;neutral
eenxdhp;You can just go to their subreddit and there's a lot of things people are saying that we've been saying all these years.;neutral;neutral
ed9zqbs;Hell yeah I got the 420 upvote;excitement;joy
eeqvyyg;29 and 39. Didn’t get to see my fathers parents for too long. I definitely got my condition from my Father.;neutral;neutral
eduivs6;It was an edit friend - they are the same kid. No children were hurt in the making of this gif.;neutral;neutral
ef0a47q;It's the universe trying to kill us with radiation  D;disapproval;anger
ee5nuv9;[NAME] fits at 3 separate funerals plus almost every very serious uncomfortable conversation I've ever had would indicate you're not alone. [NAME].;caring;love
ee4y66r;> Egalitarianism I always saw it as a feminist could still be a racist...;neutral;neutral
edxe17g;So now I can't get defensive when you're being offensive? lol;amusement;joy
edg7akf;the longest week (2014) I don’t know if it’s still available but it was pretty good romantic comedy;approval;joy
edlt0qm;Cool! Glad to see some cooperation.;joy;joy
ed8i1ws;Got it! Thank you!;gratitude;joy
ee02dxp;Congratulations. You posted the famous very first lolcat picture.;admiration;joy
edj2bse;Op literally listed the OS requirements. Those are fairly current operating (last Gen more or less) systems are they not?;neutral;neutral
ednudks;Everyone in this video is annoying. This seems like a terrible place to go hang out.;annoyance;anger
eeexmdr;I was about to explain that the one with 8 h's was taken until I read your username. Beautiful.;admiration;joy
ee2zmym;what's an alt right?;curiosity;neutral
edz2dzf;Why is anyone surprised. It has never worked.;confusion;neutral
edj6qoa;Or the one scrolling channel? When you’d accidentally look away and miss what you were waiting for and have to sit thru the whole thing again;neutral;neutral
edzi9qg;Thank you kindly! I'll update my resume!;gratitude;joy
edfjbsv;Don't stress it. Good Luck!;gratitude;joy
eevjrw6;Aww man this sucks, but at least he’s going to Europe, so I’m happy for him! Goodbye [NAME]! ;admiration;joy
eef8b00;Is it because of the accents you thought they were the same?;curiosity;neutral
edx29pk;Nah, I it was cool to be a pedo back in the old days, ask [NAME] ;neutral;neutral
ed76wz1;> Humans are empathetic and do this daily. I have to remind myself of this sometimes.;annoyance;anger
eez3kgr;Well I am a lady, so that would probably just freak them out. Oh, Reddit. Everyone is a man haha. ;amusement;joy
eec2r8d;No. You're not the only one.;neutral;neutral
ee39zwe;You just gotta have little faith. They are gonna need more money and maybe then we can get to Tahiti.;optimism;joy
eezh3s6;Thank you and your upvoters;gratitude;joy
efdkyxs;Oui baguette senor;neutral;neutral
eeez1ik;In my opinion, there should have never been a canon character... Maybe keeping it a mystery would be the BEST!;approval;joy
ef1imik;Who’s that cutie;admiration;joy
efb4b8f;I want to change though. If I'm around those people I will remain the same way. Right?;optimism;joy
ee3uopy;This is the only viable way out of Brexit.;approval;joy
ed4zoov;I hear that if you say you aren't doing something, when you do it, you're not actually doing it.;neutral;neutral
ef6vhsi;Ugh...terrible.;annoyance;anger
ed7c1ce;I got angry briefly, made a post and got over it quick. Thanks for the diagnosis Doctor. 😆;anger;anger
ed9t9qd;You can find something sexist or racist or disparaging of some group in just about every movie or tv show.;neutral;neutral
efbf9dl;US team about to get a beat down;neutral;neutral
eew3fg8;"Thanks. Appreciate that perspective. I'm just saying it as a counter to the ""rope is the only cope"" mentality on the incel subreddit.";gratitude;joy
edm59ci;You can't stop [NAME], you can only hope to contain him;optimism;joy
ee72v7p;This made me spill my drink.;disgust;disgust
ef7noih;There’s tons of stories of animals taking care of kids....I believe the story!  );approval;joy
ef71nlv;I understand that. My question is more if anyone would be excited for it or interested in helping;desire;neutral
edpuzck;Thanks, I hate it;anger;anger
ee0z5dh;Ha, you must be in Wisconsin. I remember TYME machines.;neutral;neutral
eexbn8q;What is normal? It should be tho....;annoyance;anger
edhk6dg;Maybe divorce is a little extreme but I really dont know how to Express my feelings, and she doesn't get that;confusion;neutral
ee5h4b6;What does it matter we're just going to take another bust in the middle of the first round like always;neutral;neutral
edoy5ok;Blow me you feckless moron, I was out of state. ;anger;anger
eedx12i;I thought that was gonna be the Pelicans after [NAME] is gone(sorry Pelicans fans);neutral;neutral
ed0it1e;Jeez, I was joking;amusement;joy
eeq7qd2;LOL, level up your life. My life is already at up level  ));amusement;joy
ee6lao8;You're right, I completely forgot the title;approval;joy
ed8urm9;Smh bro you cropped the answers, I gotta know!;neutral;neutral
ef5r1ke;She sounds like she could be depressed. People who have depression need care, love and help to get better, not internet shaming. ;caring;love
edrk5we;You sure seem angry. #itwillbeokay;annoyance;anger
ee8rrho;Back in my day, we didn't even need language to survive! Animals just roamed around, making different sounds depending on context! ;neutral;neutral
eef2uo1;I once heard the rotting carcass of a trash Panda works also thats if you cant get your hands on a fresh chinchilla;neutral;neutral
ed6ybvx;Yaaaaaas! I need your curly hair routine!;excitement;joy
ee1b7h6;TAKE MY MONEY;approval;joy
efa6rw3;The entire culture of NE is win at all costs. Not sure where you live but if that kid shovels snow..tell mom to him bring home .;neutral;neutral
ee2k852;thanks for apologizing;gratitude;joy
edlqyc7;This happened to me at Walmart. I was literally there for 10 min using the coin machine and now I have a cart shaped dent in my door...;neutral;neutral
eex4qnx;I just spent the whole week sneaking away to smoke, and trying to get into some girls shorts. ;neutral;neutral
eemi935;thanks, I agree;approval;joy
eduvkpz;I can feel his cheeks puffing out.;approval;joy
ee9mvpt;2nd one resounds with me so much, I rarely realize how little I trust other people to do any task lol;realization;surprise
ee4kpiw;[NAME] and [NAME] had equally good chances when they were on the same line in the first/second period - they just didn't convert.;optimism;joy
eeleixf;You are my own side. I feel an affinity for this sub and want to make it a good experience for all.;desire;neutral
efha0zn;How old are you?;curiosity;neutral
eeam01f;Can't lose if you never stop appealing. Or at least that's what I'm told by your cohorts.;realization;surprise
eetqghd;SKAM was great. I literally binged all of S3 as soon as I got home last night.;admiration;joy
ee7crld;TeamViolet going strong fam!;admiration;joy
eed8ytc;I'm laughing hysterically at midnight Thanks LMAO;amusement;joy
ef14qcj;Yeah fair, plus this sub tends to go hard in different directions so it becomes extra hard to know if someone really is just that far gone.;approval;joy
edgce6d;And it’s always so uncomfortably awkward when someone says shit like this to you.;annoyance;anger
eeev722;[NAME] isn't exactly a lyrical genius set's be real  that dumbass just couldn't come up with a different rhyme.;neutral;neutral
eeefuqa;Damn that’s sad;disappointment;sadness
edeo0a6;Everyone started making remakes. Here is my favorite Lineage, too want, but why? People who love this game will also play it;love;love
ef8i7kf;Haha this is one of those moments that makes me laugh out loud;amusement;joy
eeglsgh;Pull your fucking pants up oh my god;surprise;surprise
efeu6yu;Most athletic play [NAME] ever made. Wow;admiration;joy
eeg061u;Love the idea of these birds showing up during family gatherings and puking up trinkets;admiration;joy
ee9rhdo;Maybe it's fantasy.....I just feel like the stock for a lot of these Ducks is reallllll low right now;sadness;sadness
ee9no6c;Oh there's still bugs? Weird;disgust;disgust
eekaltq;Damn, [NAME] us just 2 steps behind all the time. It's just a matter of time before he gets some great shots in.;approval;joy
eeg71ym;I am trying they try to say I’m fake even though I’m trying it’s painful to talk to them sometimes;sadness;sadness
edcm0it;Teeth. I really want good teeth and my hair is nice and easily maintainable atm;desire;neutral
ed36sbw;So. Fucking. Tone. Deaf.;annoyance;anger
ef2fai7;Well fuck. I didn't think anybody cared at all...it's order than that?;annoyance;anger
edtjuae;I know it's Nightengale but he's saying upwards of 12/350.. ya no thanks.;neutral;neutral
eep99xq;Thank [NAME] for RT Audiences scores! The **REAL** objective quality metric for kinos!;gratitude;joy
edn18fn;It's not a world view. It's a single position on a single subject.;neutral;neutral
eexkfku;I don't understand how her hair is 'too light' or how that effects the concealer.;confusion;neutral
edext4x;So. This is scary as fuck.;fear;fear
ee2ioqu;You can't choose what genes you pass on.;neutral;neutral
eesjxth;I love your work, it makes my hair cry;love;love
ed1zak0;Oh boy do I have some bad news for you!;disappointment;sadness
ee32fic;I love how they didn’t really react negatively;admiration;joy
efeymfg;And that smilie she gave the fiancé when he sat down with the sandwich....I would be scared if I was him.;fear;fear
ef1k0ws;My mom thinks this neighborhood is safe, and I kinda don't want her being more paranoid but I feel like I should do SOMETHING.;neutral;neutral
ed7oh4f;Getting some sick high school nostalgia from this shot. Thanks for that man!;gratitude;joy
ed9o2ww;SHE HAS NICE FEET!!!!;neutral;neutral
ee3k3g0;I appreciate your post, I’m just nervous is all, thank you;admiration;joy
eegoke0;"""The first step, is to put on a set of vicious stilleto claws. This doesn't make things any easier, but it does build character""";approval;joy
efcsh3f;And I thought Honda Civics smell bad on the outside!;realization;surprise
eesnlsb;I see you utilized it. 3.5? Sad.;sadness;sadness
edm6a7l;BAT OLA?;neutral;neutral
edsuxt9;MR. STEAL YO' GIRL!;neutral;neutral
eddo2dd;What?! Now you are just reaching bro. He's not even the best bodybuilder named [NAME], [NAME] has him beat.;surprise;surprise
eewd80e;That and losing [NAME]. The two of them had instant chemistry. Excited to see is he can become a big part of our offense next year.;excitement;joy
eete10e;The questions are normal enough, but all at once and leading with them is a little weird.;embarrassment;sadness
edma0sp;[NAME] were the peak memes back when I first started on Reddit. Honestly none of the meme subs are good, they're all pretty cringy. ;embarrassment;sadness
eddq3p9;I think all coffee is keto already....;neutral;neutral
ed76sd5;Great. My existential crisis is back.;admiration;joy
ef97j55;Gotta love that bison;love;love
eem36g5;So [NAME] thinks the AFLW has been both elevated and shafted by the AFL in terms of promotion?;curiosity;neutral
edotqiz;Sorry misunderstood you! I’m talking about viruses and bacteria that can kill you like the flu etc;embarrassment;sadness
ed4glqk;Stay strong friend.;caring;love
eet3ewt;Yeah.... I've always sucked at smiling honestly. I hate it. I hate selfies. I usually don't smile.;annoyance;anger
ed8v0vd;I'm loving the possibility of fighting a Chimera in the DLC.;love;love
ee8mjqp;It's sad how long it took me to get that. Haha got em;sadness;sadness
ed2qzhv;I go to a neighborhood mexican restaurant monthly for the past 2.5 years, but nobody knows my name ☹;disappointment;sadness
eeduikd;Thanks for remembering. I have since added to my post  -);gratitude;joy
eczgmqi;I don’t know about romance, but I can certainly speak for the [NAME];approval;joy
edchruo;Omg you’re so cute!;admiration;joy
efa4bup;Yeah if you’re able to fulfill that. Hopefully the bonus is worth it;approval;joy
edush3w;Do you mind me PMing you for some help w/ dealing with the busy season? Thanks.;gratitude;joy
eefy5l1;> a complete ham sandwich Love this. Using this.;love;love
eejkq0e;WHY IS THERE WOMAN ON MY ENTERTAINMENT??????????;neutral;neutral
efg9rcx;As we shouldn't. We are trying to win a SB here not showcase another star player.;disapproval;anger
eehltq0;Air Vooch oh my!;neutral;neutral
edxzmzw;It's too bad that you think helping out the less fortunate is sad and make a joke about it . People like you are the problem.;annoyance;anger
ed702q1;My kitten just got very happy when Pasta scored. Such loud purrs! I was happy too.;joy;joy
eekdt3e;The best LGBTQ+ FILM i have seen in years.;admiration;joy
eeep6yl;I'm glad you have your kids, but have you seen Brooklyn 99 like the op stated? It's worth living for too.;admiration;joy
ed1p5dh;Right? It’s not like her family seems like they wouldn’t have helped with her son.;disappointment;sadness
ee4j5i9;not sure I agree. whispers of madness can set up [NAME] signature and being card draw is always useful in the first lane.;approval;joy
edff8lo;I actually felt my ballsack jump up a bit when he face planted;neutral;neutral
eemh55u;Winter isn't even that bad here.;neutral;neutral
efaw4lt;I think this is the only place on the internet that is happy with this commercial hahaha;amusement;joy
ee83rob;This. We already have so much more OL talent. We need another WR and TE, but I'm kinda excited;excitement;joy
edodrci;Wait his nostrils are plugged? Isn’t that the opposite of breathing?;neutral;neutral
edl5j82;Get her professional help.;neutral;neutral
eegsnyp;Almost in tears watching him celebrate, true captain ❤️;admiration;joy
eetcfkp;She always looks sticky.;annoyance;anger
efgv5zy;that is one very expensive mistake;annoyance;anger
eeuy8ts;Don't make me kiss you!;annoyance;anger
edmxdm7;Germany is the first country in Europe I've been to! Planning on Ireland next, and maybe Croatia(hoping for Germany again, though  ) );desire;neutral
edrjkoy;He knew what you meant. He pretended to be confused to save face. that’s disgusting...;disgust;disgust
ef78h68;Oooor maybe it is just a catchy term and y’all are overly sensitive about race and sex....;neutral;neutral
eekzq3k;Could be depression with psychotic features. Talk to your doctor asap!;disappointment;sadness
eeg2gqv;I still get goosebumps every time i hear this track. It's just beautiful .;admiration;joy
eev7adx;Follow rules 1 and 2 and you can have lame openers and you'll be fine.;caring;love
edgc5ds;are your feelings hurt?;confusion;neutral
edzx8kb;In what ways has [NAME] out-coached [NAME]? I see this all the time and yet never any examples.;neutral;neutral
ee1gbnt;She looks like her face is pulled back with ''face lifts'' tape. Or like she's pulling back her face like that scene in MIB I.;neutral;neutral
ed16ggc;Not sinking in is it. I'm hardly speaking in riddles. Good luck;caring;love
edkpvfm;Southern Mexico tends to always get fucked in the ass as well;annoyance;anger
edwybo5;epic soy moment;neutral;neutral
ef4vxhy;That was my first thought too 😂;approval;joy
eewkzff;Should of said athlete;neutral;neutral
ef0bbo2;You're never too young to have a Vietnam flashback;disapproval;anger
eenpp7e;I got sucked right back into the vicious cycle of love-bombing, gas-lighting and degradation.;annoyance;anger
ef706no;Ahh. Both of those are very good. Hope you enjoy them as much as I did.;optimism;joy
edne8j4;"I think I translates more into ""Waiting to see what kind of Brexit turd-burger Westminster eventually vomits up"".";confusion;neutral
edgmyfu;Yours is censored though.;neutral;neutral
ed59bnu;That is one adorable meow loaf;admiration;joy
edlpvdq;Why do you think he's right? What reason would a nonprofit newsroom have for publishing sensationalist headlines?;curiosity;neutral
edlq3g5;He looks like he's 10 years old...;neutral;neutral
eeemx8b;Yes, and I looooooove it 😂😂;love;love
ef4nr1b;Maybe server related? I've got 2 cars in a low pop server and they work just fine...;confusion;neutral
eede41d;Contacted the hospital I was born at and I’m getting my birth certificate! Thanks for all the help this was a big step forward;excitement;joy
eegqslw;I guess there's this, but that's all I can think of.;neutral;neutral
ef3i4si;This is awesome! Does anyone know if an EST version is available?;admiration;joy
eemovlk;The original video was debunked. Do you agree or disagree?;neutral;neutral
eep70hm;Love the username <3;love;love
efei6x7;Another day, another destiny! ;optimism;joy
efgkqob;shits awesome!;amusement;joy
eerk3up;Sad thing is it would probably forcibly ground the plane.;sadness;sadness
edzarre;So you agree.;neutral;neutral
ee6mwmq;Uhh don’t you mean [NAME] and [NAME]? They were so sweet together! /s;neutral;neutral
ed4jaio;Stick with us. If only for one more day. Then let’s try again tomorrow.;neutral;neutral
ed21elv;This whole sub makes me sad.;sadness;sadness
eettn7f;I always feel so bad for [NAME] when I watch this scene.;sadness;sadness
ee7qz65;Ay i saw that live. You have amazing movement! GG bro!;admiration;joy
eddqytx;The other cop left a fucking animal ordinance notice on his patio chair;annoyance;anger
ed9u1be;Would any gathering of the Knights of Ren count? Or would they have to officially organize a thing.;confusion;neutral
edk2qbc;5. Puts you in debt 6. Isolates you from all social interaction 7. Leaves you with nothing but a product you can't sell;annoyance;anger
efh5w08;Lawson’s Sip of Sunshine! Excellent Vermont beer.;admiration;joy
ee6030g;Ohh looking cool Jok- Get out of here side character.;admiration;joy
eei436p;Here, kiddo. Happy cake day. You need it more than I do.;caring;love
edk0zdw;Hang on is that allowed? Geez that guy seemed really angry.;anger;anger
ee5narr;Found the douchebag;neutral;neutral
ef9olan;Thank yous in the form of hand gestures you carrot cake;gratitude;joy
eemefit;Don't worry, no one ever will ;caring;love
edn3kz9;Now I know where to do stag party for my friend, finally.;approval;joy
efeukn7;Someone hold me;neutral;neutral
eekx665;HOLY SHIT CHANCE;anger;anger
edeq0rd;I am unconcerned.;sadness;sadness
edecsif;Oh, give me a break, it was worded like an insult, clear as a day. A mild one, but still.;annoyance;anger
edjjrol;I was pretty pissed when [NAME] was hired for exactly that reason but he at least had worked with [NAME] before;neutral;neutral
efdgnq1;Still awesome. I skateboard, ride bikes, and hang out with my friends. Edit  I'm 40;admiration;joy
ee400iw;He referenced us!!!! And we're gonna have to do something about delicious;excitement;joy
ed2otg1;Moonbeam was trash but I am sort of biased because it's 16-17 a gram in Alberta;neutral;neutral
eegav4l;"In the voice of [NAME] from The Office ""Incorrect. You didn't *Pin* anyone""";neutral;neutral
efarbmb;It is though, you just want that to be false.;neutral;neutral
ef0qtux;I feel sorry for this little girl. She's legitimely scared.;remorse;sadness
eczm1a6;Dang... I’m learning all the secrets!;neutral;neutral
eemwklm;I have my kids signal baño, the letter T in ASL so they don't disturb the class while asking. ;neutral;neutral
eewv6ge;The way it took out that tree!!;neutral;neutral
ed51u06;Shame ,your quite cute ;admiration;joy
eep5zgh;I'm laughing because this exact thing happened to me.;amusement;joy
efh9qa9;Yea I’m into this I guess. So thanks for that(?);gratitude;joy
eekmrgr;Doing something you don’t like can be hard for anyone but if you just keep your end results in mind you can do anything!;approval;joy
edjzhjd;iS thIs a MeTapHor FoR LifE?;curiosity;neutral
eeg90ek;Or just get the fuck out and never look back.;anger;anger
efgws64;maybe now it'll go up to 3 an hour😎;neutral;neutral
ef0bxvd;[NAME] is such a gift. I love him.;love;love
edmd8j9;I’m super excited and waiting for the FOV slider to put on the live server.;excitement;joy
eersflu;I heard it's because of florida crime reporting laws - I.e. the same stuff could be happening elsewhere but it wouldn't make the press?;confusion;neutral
edhu00c;I came here once accidentally, saw your commend and now, 2 weeks later, I totally understand. ;neutral;neutral
eey57jf;When people are insecure, they'd rather have somebody who is strong and wrong than someone who's weak and right, - [NAME];neutral;neutral
ed0hvin;Her little baby frown is adorable;admiration;joy
eesxrah;This... I don't think this is Ohio...;confusion;neutral
edgk0rz;Oh look, they’re little footballs!;neutral;neutral
edj5ocz;Okay, I’m honestly curious as to why it is you’d assume that?;curiosity;neutral
eczyqul;That's really interesting. Thank you for the information. It's just hard to imagine lives you'll never live.;excitement;joy
edwu7p4;True! I guess we all cheer for salt lake? Since they are directly affiliated with us.;approval;joy
edk60x0;agreed 100% if's freakin ridiculous! I think YouTube pays them to influence you to pay for the You Tube subscription just to NOT see these ads!;approval;joy
eed882x;Shhhh let them have it, they need this. They are still living in 1990 lol;amusement;joy
eeqxnjb;This is disgusting.... please make more.;disgust;disgust
eedu8i4;she also goes on to claim her memory started at 10 months old;neutral;neutral
eda5raz;we deserve to lose after that;disappointment;sadness
ef8l099;I'm Tent;neutral;neutral
edn3p80;Damn. Also awesome for the victims and others who spoke out about the abuse.;admiration;joy
ed4l6hn;I will have one of each please. Not just far left and right. All. Any doubles you might have as well. Thanks byeee;gratitude;joy
ed0n5li;Really? How would they know what pharmacy you want to visit?;curiosity;neutral
edw2xc2;excuse me what. [NAME] played midfield pretty much the entire half of last season for Liverpool;admiration;joy
ee3vgdl;She better!!! .....nobody else will;admiration;joy
edxgh62;It also makes me cry! but because it shows how far [NAME] has fallen...;sadness;sadness
ee9slnf;"Intended as a ""it's funny because it's true"" not ""this is hilarious""";amusement;joy
ee3vdmt;Concas! In vic park. Been closed down multiple times for health and safety violations lol;neutral;neutral
ef5zkc0;That beat is mad smooth;admiration;joy
eef732o;Tbh, I think that sub was created because they got bodied here in arguments. ;neutral;neutral
ede4md6;I am proud to be racist No one in real life will know this;pride;joy
efa9b9m;I feel like you need to get out of your current situation for the sake of your own happiness.;caring;love
ef7rj8o;They scammed you by wasting your time;neutral;neutral
edcp0s2;why are you a detective all of a sudden;confusion;neutral
eedoh1d;Hi, this is ISIS. Yes, we did that.;neutral;neutral
eenl0oa;Binge drinking is a big problem in VN right now, unfortunately. So I wouldn't be surprised if drunkenness was the main cause of this. ;approval;joy
edm1ttz;Muddy Rudder has Irish music on Sunday evenings.;neutral;neutral
edzc19h;You've shifted the goalposts from first novel to first modern novel... You people always complain that incels don't provide any support for their claims.;neutral;neutral
eeiav5d;aye they buggin for no reason im just saying good job keep it up.;admiration;joy
ef20i5f;And publicly claimed he banged [NAME].;neutral;neutral
eeu8i9q;Note to self - Stay out of the water.;neutral;neutral
edx6edl;These style skins remind me so much of hollow knight;neutral;neutral
edac7nn;Oh god, the one common denominator strikes again and is rubbing off on the other players. We're doomed, back to the drawing board in 2020;disappointment;sadness
eemb4h5;for when [NAME] cries to Medium;neutral;neutral
ednb8vq;In looking at the questions answered in the AMAs following the [NAME] podcast, I don't see any related to [NAME] or race/IQ. ;disapproval;anger
eez206x;Hopefully we can get this solved soon.;desire;neutral
ee8ulad;Was that an airbag at your legs/feet area?;curiosity;neutral
ee4g8ql;This made me spit out my coffee. But I feel [NAME] is too regal. How about [NAME]?;curiosity;neutral
eebepp3;I’m surprised by how quickly they were able to get a graphic for Kent.;surprise;surprise
ef6t8k6;i disagree with that, you cant say everyone in the country does that, you dont know every [NAME] and their entire life stories stories;disapproval;anger
edhuxz1;Mostly because they're not completely stupid. They don't have the support in the senate to pull it off.;disapproval;anger
ed9dxjx;Correct! Unfortunately, we're looking for a bit more computing experience than knowing what site you're on. Thanks for your interest though.;gratitude;joy
edx5nla;Chill. Not everyone is perfect.;approval;joy
ee0q7ly;I don't think you can find a better support line in contenders than alarm and elk. absolutely insane and clutch it's unbelievable;surprise;surprise
edfmk6s;Good for you for shutting that door! You are not responsible for him. He’s a grown ass man who made his own mistakes.;anger;anger
eectrzo;"I always laugh at the statement above. ""Qualified to give a urine sample?"" ""Huh?""";amusement;joy
eey5pn3;What's your best [NAME] story? You rock btw!;admiration;joy
ef4uard;If [NAME] was looking out for him why did he let him get into the accident in the first place? Guess he wasn't paying attention.;neutral;neutral
ed8adkk;Limits... vote yes.;neutral;neutral
eedt3un;It’s tinder no one cares if they get blocked cringe to you is funny to them;amusement;joy
ees5p0w;I can't tell if this is a happy or sad ending. 😐;confusion;neutral
eemglel;i’m so proud of you!! good job dude!!  );admiration;joy
edsv92b;I'd say the key difference is probably vegemite consumption...;approval;joy
edp44sl;I miss the confetti cakes  (;sadness;sadness
ed76k7d;Its an mlm in disguise, branded to appeal to the college demographic. I got the fuck out ;anger;anger
ef0qqe4;LOVE THIS!!;admiration;joy
ef39njz;You can go on the offical league forum and look for people.;approval;joy
eenrhtj;You misspelled Eastern Russia;neutral;neutral
ed4bh9f;Looks like a bookshelf to me;neutral;neutral
eeu9cs1;And I can't call the capitol switchboard to express my concern about this because the government is shut down. Awesome.;admiration;joy
ed9qozj;Only good ones.;neutral;neutral
eelgsh2;Wellllll...it's a look.;approval;joy
edanum3;Nah, girl, you did great. I'm also shocked by guys who want to hook up without a condom.;admiration;joy
edit49m;I have more faith in [NAME] than anyone on the court to make a 3. Strange world;optimism;joy
ef5htv6;Shes 43 with 4 kids. That's so far past the wall it's not funny.;neutral;neutral
eexx4hm;Ah yes, the romantic concept of a meal in bed.;approval;joy
efdab2p;Im not 😀 Glad you realize your mistake and why I was confused 😉;confusion;neutral
eekeawl;That sounds like a good system.;admiration;joy
edfx3j5;It's a loooong story with some awkward weirdness haha;amusement;joy
eeavkfl;Big OUCHIE!;neutral;neutral
eeebcgg;Your Mom was ruled by [NAME] dynasty that happened to be Macedonian for the next three centuries.;neutral;neutral
eczj0e1;High IQ post. I imagine this is exactly what’s going to happen.;neutral;neutral
edhuw7p;> [NAME] That is going to get sooo confusing if he does join our division.;confusion;neutral
eczs4ty;I'm sorry to hear this. I hope you can find something to make you feel happy in the new year.;optimism;joy
eewk7ys;Awesome guys! Thank you for the ideas. It interesting to see what people will do depending on whether they play killer or survivor lol;admiration;joy
ed92tx2;That is interesting. Can you site some sources or anything on this matter ? I am genuinely intrigued .;curiosity;neutral
edv4tod;Really? I had no idea the bioavailability was the same;curiosity;neutral
ed1i773;Awe man thank you ♥️♥️;admiration;joy
efgn9xa;So is she worth switching from Skye;neutral;neutral
edrhln2;This is so cringey it hurts. I feel so bad for whoever sent this because they are so stupid.;disappointment;sadness
eegxfxe;I understand your point. But I’d still rather get some stuff stolen than lose a member of the family.;annoyance;anger
eeemrwg;My hunch is, this is not the first or last wedding this bar has seen;neutral;neutral
eds1uxs;Thank you! [NAME] seems to realize how toxic this fanbase can be also.. Now lets hope you all keep your composure whether we win or lose week 1.;neutral;neutral
eelc39p;You'd think, but people are given a lot of leeway. Hell, in the South, public schools are allowed to spank children.;neutral;neutral
ednjbqh;What kind of insider only has 250 followers?;curiosity;neutral
eeczniz;Annoying isn’t it! Thanks, I guess I’ll have to stop responding too!;annoyance;anger
edlotdx;Glad you’re doing better internet stranger, and I hope you continue to know peace and happiness. Be well.;joy;joy
eeemmzq;Apparently my state 😔;neutral;neutral
ed5fzc8;You're right, thanks for pointing that out, I've edited it now. Carry on.;approval;joy
ee68h6r;Oh for sure. Sometimes I wonder if they are actually harming there cause with the over the top hypocrisy the newcomers seem to see it quite quickly.;surprise;surprise
edhgogk;Just don't cross the Tigers, hmmmm?;neutral;neutral
ee2rswy;Fantastic pub, went there last year as part of the liquid history pub tours. ;admiration;joy
eerrxjg;32nd? It felt like 99th or something...;confusion;neutral
ee7f4b8;You get her off 3 times and she doesn't finish you? That seems very selfish.;neutral;neutral
ef5oovf;Here in America too. Those counter protesting fascist get thrown in jail and pepper sprayed like animals. It makes no sense that this happens.;anger;anger
ee6o1mk;Sweaty little incel virgin;neutral;neutral
ed9q88b;Gotcha. I was married a few years before that, but you might have known my sister. She dated a guy in your branch named [NAME];neutral;neutral
edojqsb;Food must be good then. It looks good. Besides the wood plank lol;admiration;joy
ef0l1n5;TAMAR ESPECIALLY!!!;neutral;neutral
ee57n4o;It would be a little less irritating if the 10 cents you pay if you want some paper bags didn't go to the government as a tax.;annoyance;anger
eeodqq2;I'm a little sad that there's not actually a video called Dance of the Hillary, virus or not.;sadness;sadness
eedegp1;Loathing Big Pharma has nothing to do with being anti-vax.;disapproval;anger
eeygkpf;Okay this is really promising stuff. I'm definitely excited for this.;excitement;joy
edpohoj;Yard goats was awesome. Almost a major league feel to it when it’s a packed day;admiration;joy
ed2exc8;He doesn't realize she's banging the ukulele guy.;neutral;neutral
edrcdu7;[NAME] dumb friends wanted him with the little baddie. and now he's gonna end up back in jail. Oh [NAME] I love [NAME].;love;love
efdl37e;So people will support him in this fake news quick reaction political environment;neutral;neutral
eed43l9;> You don't own them so that they will give you eggs, you saved them and now coincidentally they give you eggs. This!;neutral;neutral
eeuzpi9;Does that idiot not realize he's roasting himself by calling [NAME] a bad lawyer? You worked with him for a decade, moron.;annoyance;anger
edr3vme;Put the dip in your butthole. Better buzz and no risk of losing your jaw;neutral;neutral
efh0bdy;Thanks for sharing. Lies like this make it harder for the real ones to share and get justice;gratitude;joy
ee5bnyw;This seems like a good as time as any to ask, what's some hype super robot stuff to check out? I've only ever seen Gurren.;curiosity;neutral
efgvews;Do what your username is. They aren't comparable is the slightest.;neutral;neutral
edi7yht;He's messing with my emotions and my fantasy hockey pool....;annoyance;anger
ef8fpqu;Didn’t know he had his initials on his thigh pads too;realization;surprise
eeyvhw6;You beat me to it;annoyance;anger
edton0g;I hope for Irelands sake you're right.;optimism;joy
eeznzou;Can't you tell that [NAME] is a serious threat to apprehend. All that alleged lying makes him a serious threat to others.;disapproval;anger
edfkr3y;That’s an interesting take. Thank you for giving me some perspective, never saw it like that. ;curiosity;neutral
ef18p9c;I feel extremely bad for people in this thread who are in any way shape or form relying on the federal government to improve their situation.;disappointment;sadness
ee6xn8e;Okay, diet is important that's true. Do you take any medication? Do you have a psychiatrist or doctor who you see for your mental health?;approval;joy
eey5eim;every time it gets a little wet and windy;neutral;neutral
ee6wgf7;Lol I lol'd *I too am down with the kids. But not like that because that would be illegal*;amusement;joy
edxsdjs;Kind of uncool dude;neutral;neutral
ef6dg2i;Your kind honestly need to fuck off out of Ireland. Nobody wants your dumb fucking antisemitism here;annoyance;anger
eezgiqe;Alllllllllmooooooooost got ittttttttt.;neutral;neutral
eeaq6n6;By all means, go for it. We'll all be much happier when you're not dragging us down anymore.;approval;joy
ed8pbzk;She’s cute in both pics but whats up with the triangle chin on the left;admiration;joy
edgbj6h;you are about to be beamed up;neutral;neutral
edt9nrx;Me too, I just stood there clapping the whole time.;approval;joy
edl43g4;I had a friend send me a 3+ hour paranoid conspiracy documentary, zeitgeist I think it was called... Wasted 10 minutes before I noped the fuck out..;anger;anger
edf79f2;Ah!! Was not expecting to read that this morning on my commute 😭 lol Just so beautiful! ;admiration;joy
edbdnwr;Is it possible you've been banned from them? I dont know how I feel about having the special privilege to view that sub lol.;amusement;joy
edolkf9;"In Catholicism, old is good. Truth does not change with the times. Malichi 3 6 ""...for I am the [NAME], I change not"".";admiration;joy
edoewx5;Crime in the park is the only kind of crime that matters for the sake of this discussion. Your generality does not apply here.;disapproval;anger
ef94f03;Wife left me and I am just broken. relapsed tonight from 7 years clean and just not seeing a point anymore;sadness;sadness
ee19srl;its not about claiming its yours, its just about where it is from;neutral;neutral
eebu17b;Rich is also a name;neutral;neutral
eeeved3;I really pity those unfree Cuban babies. It’s just sad.;sadness;sadness
ed88wg5;Even worse.;disgust;disgust
ef55sqj;Damn, we need healthy PGs.;annoyance;anger
ee4utnt;Ik I’m crying rn;sadness;sadness
ed5khaq;Completely valid point but [NAME] is better than anyone [NAME] had to work with.;admiration;joy
ed20116;FWIW this was also posted yesterday;realization;surprise
ef16i3p;[NAME] had them a few months ago. Friend bought some for her sick dog.;caring;love
ednqwtf;oh c'mon - i wanna see you defend old testament slavery some more!!!;desire;neutral
ee0odih;Everyone's probs already said it, but lats and chest, legs are big quad energy. Keep up the good work;admiration;joy
ef9g3oy;Of all 3 trilogies the Prequels pander the most to children. Even with its monotonous political banter.;neutral;neutral
edg03ai;Don't get insulted by it;caring;love
eevqkpu;I agree! I loved him as [NAME] and I wish the writing had been better. He's amazing.;admiration;joy
ee4eoqi;Is there any way to somebody can please translate the notes into doc form or something? I am having trouble viewing them  (;sadness;sadness
ed9ddbo;How do we know you're not a Mossad agent? I mean, not right now but, what if you joined in the future? /s;neutral;neutral
eed4zsi;Big and smooth as a marble.;neutral;neutral
ee3azyb;RantGrumps in a damn nutshell;neutral;neutral
eexxip6;[NAME] might actually be able to pick her up and carry her without huffing and puffing now? 😳😓;neutral;neutral
ee1qdz6;It's my dream to one day have a completely black wardrobe. For now, I'm stuck with the clothes my mom picks out for me.;desire;neutral
eeq77da;Look I'm not saying that I agree with them, theres no need to be an asshole;anger;anger
edd1lwx;Maybe you just enjoy the process of digging? Does it have to be somebody you’re attracted to or have you tried stalking a random person?;neutral;neutral
ed0xg86;Gotta love these kids! When they do or say the cutest things like that, it really makes u melt....... Enjoy OP!!!;joy;joy
edksjof;Looking forward to seeing these people have their characters die in sudden and extravagant ways.;neutral;neutral
ed7z5ry;INTP or not, that’s the universal language of interest, at least in my book.;neutral;neutral
ee453hs;This... This is where my journey ends. I was not able to make it to the end, good luck future redditors! ;disappointment;sadness
ef0jr91;People say 'confidence is attractive' which is definitely true. That doesn't mean that being arrogant or pretending to be confident is attractive.;approval;joy
edob826;Please ask questions about moving to Denver in the QandA sticky, thanks! Short answer  no ;gratitude;joy
eenqx85;I've heard how hard it is to get into nursing programs, congratulations!;gratitude;joy
edzcy6z;If I had that I’d stop working and travel full time. I do not understand the avarice of the wealthy. It makes no fucking sense.;disappointment;sadness
eegetzg;I'd trust someone who is bound by regulation over [NAME] from Essex who blames immigrants cos he was fired for sleeping on the job;neutral;neutral
eed7qb0;I'm more interested in why there are goldfish in the picture...;excitement;joy
ed7ifbd;Man I know youre joking but they swept us and still got the better pick. Pretty lame.;annoyance;anger
eeebmhi;I don't think this happened at all tbh;disapproval;anger
edvok5j;I truly hope so;optimism;joy
edpy32u;Very good advise, I did not realize this. I guess there is more risk in a lease than what I initially thought. ;caring;love
eejxciz;You think people want to marry me. Joke's on you homes.;amusement;joy
ee0k6ng;Don’t you just hate when they deforest the Sahara desert?;neutral;neutral
eduzbw1;Wait a second what? The asshat found the story? Can someone teach me how to use the way back machine so i can read this?;confusion;neutral
edfmq79;Tiny long whiny mewl. Hangry doesn’t happen for another 6 hours.;neutral;neutral
ed4c07a;Why is [NAME] smile at the beginning the best part of this whole thing?!;curiosity;neutral
ef79hcp;I fully agree. What works for one doesn't worth for another. Good luck.;approval;joy
edge00c;I never even knew there were bullies in school unit I was out of school and read about bullies in school.;realization;surprise
eessito;Ohh, whoops. I still don’t agree but I see my mistake ;disapproval;anger
ef8wa9n;He’s such a little bitch, impossible to like;anger;anger
ef7webw;Don't see a W tonight. We need a miracle.;desire;neutral
eeb2y2u;The sea was angry that day my friends...;anger;anger
eekh0zq;What a beauty;admiration;joy
edy1545;The other person was [NAME] on Hell's Kitchen. Shot herself in 2007.;neutral;neutral
eetk2u6;> the adventure starts in the year 776 Fuck, wait, really?;curiosity;neutral
eczfs6b;Incredibly frustrating.;annoyance;anger
eeznsow;I too am a vaginal flap surrounded by useless flesh. Let us fly into the sunset and get raped.;neutral;neutral
ed1so06;Enjoying Mummers. I'm from Philly. I kind of terrified as they just used Skyrim music....;excitement;joy
edt0dvz;That's good eatin' mate.;admiration;joy
eevfn1s;Yeah imagine if he had been as efficient as the beginning of the season. We would have at least 2 more.;disappointment;sadness
edyls9d;Bide your time, keep your eyes open, and build the reputation and relationship needed. The opportunity will come.;desire;neutral
ee5dx9l;Me, joining in everyone in the room saying it when she appears....;neutral;neutral
ed50ua4;Dammit, you know I proof read this and I thought it changed correctly but I guess it didn't.;confusion;neutral
eeobtjx;No it isn't. Not much than your OP. You just have nothing outside of your feelings.;neutral;neutral
ef7ekkf;Sure dude. Although I’d say my rate at dispensing profound wisdom is lesser than the rate at which I can talk utter BS haha;amusement;joy
ef2pdzn;I heard of people doing that in the dorms freshman year and hadn't thought of it since. People said it worked.;approval;joy
efaqexv;I like it;love;love
effplzu;Can't believe me and my family were gonna leave five minutes early to beat the traffic. Honestly the best game I've ever seen live;surprise;surprise
eej6pw8;Now we just need to kill [NAME] if [NAME] wasn't saved to really even the odds with her, similarly to [NAME] with [NAME]. ;realization;surprise
ed7f4rm;I was forced into college and I wasted my gpa  (;disappointment;sadness
edabm5a;4 5 everybody in the car, so come on let's ride!;neutral;neutral
eepwhro;Ok. Good idea!;admiration;joy
eevy72t;Hahaha so I’m no longer going to worry about it then lol;amusement;joy
eczm86v;Sorry I forgot you guys beat Pitt. Congrats on your 2 win season.;admiration;joy
ed79alu;Sheet cake did *nothing* to you, man;neutral;neutral
eer7q6k;If this happens in my dream then I will get up and do this.;desire;neutral
ed8y73y;And now I'm hungry. Thanks.;gratitude;joy
edpq6cw;I don't think playing with her hair would work. Thats just creepy.;annoyance;anger
edy1rlg;as a kpop stan and a army, i am very disappointed;disappointment;sadness
eepu3bf;Yeah, and I don’t know why, it was totally out of character for me...;neutral;neutral
eekk826;what a psycho;annoyance;anger
eebo774;This will be me a year from now. Not fair at all.;disapproval;anger
eepx8q5;I know, right?! I was literally in tears Saturday night 😪 It's only 3 years old!!;curiosity;neutral
eeqrhdo;They are children, they have no souls. ;approval;joy
ed2fq86;I would love a game with either of these two!!! 2nd choice being Caracalla!;love;love
edhhkje;That’s what I’m thinking too, so I may just go with the referral after all. Thanks again for the help!;gratitude;joy
eezc65u;The essay is optional.;neutral;neutral
edklt4j;My mom works for Nasa and apparently no. They gave them pamphlets with numbers for credit agencies and tips on getting loans lol. Its kinda awful.;amusement;joy
edduyro;Waiting for both of these things is torture;neutral;neutral
edy4kl7;Easy just include [NAME] to continue to torment [NAME];neutral;neutral
efeeasc;Thanks. I was diagnosed with BP 1 after the hospitalization as well.;gratitude;joy
ef9c7s3;Well that makes sense.;approval;joy
efbiugo;Daddy issues [NAME];neutral;neutral
efbvgp9;So glad I discovered that subreddit a couple months ago. So good...;admiration;joy
edtjpv6;"Had to watch ""Elmo in Grouchland"" one time too many when my kids were little...musical Elmo / Oscar overdose...";neutral;neutral
