_id,id,text,emotion_raw_gt,emotion_mapped_gt,sentiment,certainty,justification,date,time,emotion_raw_llm,emotion_mapped_llm,certainty_emotion,justification_emotion,date_emotion,time_emotion,emotion_with_sentiment_raw_llm,emotion_mapped_with_sentiment,certainty_emotion_with_sentiment,justification_emotion_with_sentiment,processing_date_emotion_with_sentiment,processing_hour_emotion_with_sentiment
6a26ef26832c9a57883632c8,eebbqej,My favourite food is anything I didn't have to cook myself.,neutral,neutral,positive,95%,,2026-06-08,18:34:23,amusement,joy,85%,,2026-06-08,18:34:34,amusement,joy,95%,,2026-06-08,18:34:46
6a26ef27832c9a57883632c9,ed00q6i,"Now if he does off himself, everyone will think hes having a laugh screwing with people instead of actually dead",neutral,neutral,negative,95%,,2026-06-08,18:34:25,disapproval,anger,85%,,2026-06-08,18:34:35,disapproval,anger,90%,,2026-06-08,18:34:47
6a26ef28832c9a57883632ca,eezlygj,WHY THE FUCK IS BAYLESS ISOING,anger,anger,negative,95%,,2026-06-08,18:34:26,anger,anger,95%,,2026-06-08,18:34:37,anger,anger,95%,,2026-06-08,18:34:48
6a26ef2a832c9a57883632cb,ed7ypvh,To make her feel threatened,fear,fear,negative,90%,,2026-06-08,18:34:27,fear,fear,85%,,2026-06-08,18:34:39,fear,fear,85%,,2026-06-08,18:34:50
6a26ef2b832c9a57883632cc,ed0bdzj,Dirty Southern Wankers,annoyance,anger,negative,95%,,2026-06-08,18:34:29,disgust,disgust,85%,,2026-06-08,18:34:40,disgust,disgust,85%,,2026-06-08,18:34:51
6a26ef2d832c9a57883632cd,edvnz26,OmG pEyToN iSn'T gOoD eNoUgH tO hElP uS iN tHe PlAyOfFs! Dumbass Broncos fans circa December 2015.,surprise,surprise,negative,95%,,2026-06-08,18:34:30,anger,anger,85%,,2026-06-08,18:34:42,anger,anger,95%,,2026-06-08,18:34:53
6a26ef2e832c9a57883632ce,ee3b6wu,Yes I heard abt the f bombs! That has to be why. Thanks for your reply ) until then hubby and I will anxiously wait ð,gratitude,joy,positive,85%,,2026-06-08,18:34:31,excitement,joy,75%,,2026-06-08,18:34:43,excitement,joy,85%,,2026-06-08,18:34:54
6a26ef2f832c9a57883632cf,ef4qmod,We need more boards and to create a bit more space for [NAME]. Then weâll be good.,desire,neutral,positive,85%,,2026-06-08,18:34:33,approval,joy,90%,,2026-06-08,18:34:44,optimism,joy,90%,,2026-06-08,18:34:55
6a26ef46832c9a57883632d0,ed8wbdn,Damn youtube and outrage drama is super lucrative for reddit,admiration,joy,negative,95%,,2026-06-08,18:34:57,anger,anger,85%,,2026-06-08,18:35:07,anger,anger,90%,,2026-06-08,18:35:18
6a26ef47832c9a57883632d1,eczgv1o,It might be linked to the trust factor of your friend.,neutral,neutral,neutral,70%,,2026-06-08,18:34:58,confusion,neutral,70%,,2026-06-08,18:35:09,confusion,neutral,70%,,2026-06-08,18:35:19
6a26ef49832c9a57883632d2,eel6g5h,Demographics? I donât know anybody under 35 who has cable tv.,confusion,neutral,negative,85%,,2026-06-08,18:34:59,confusion,neutral,85%,,2026-06-08,18:35:10,disapproval,anger,85%,,2026-06-08,18:35:21
6a26ef4a832c9a57883632d3,edex4ki,"Aww... she'll probably come around eventually, I'm sure she was just jealous of [NAME]... I mean, what woman wouldn't be! lol ",amusement,joy,positive,80%,,2026-06-08,18:35:01,amusement,joy,75%,,2026-06-08,18:35:11,amusement,joy,85%,,2026-06-08,18:35:22
6a26ef4c832c9a57883632d4,ef83m1s,Hello everyone. Im from Toronto as well. Can call and visit in personal if needed.,neutral,neutral,neutral,80%,,2026-06-08,18:35:02,friendliness,neutral,95%,,2026-06-08,18:35:13,friendliness,neutral,85%,,2026-06-08,18:35:24
6a26ef4d832c9a57883632d5,efh7xnk,R/sleeptrain Might be time for some sleep training. Take a look and try to feel out what's right for your family.,caring,love,neutral,85%,,2026-06-08,18:35:03,neutral,neutral,90%,,2026-06-08,18:35:14,neutral,neutral,90%,,2026-06-08,18:35:25
6a26ef4e832c9a57883632d6,efdqav7,"[NAME] - same fucking problem, slightly better command of the English language.",annoyance,anger,negative,95%,,2026-06-08,18:35:05,annoyance,anger,90%,,2026-06-08,18:35:15,anger,anger,95%,,2026-06-08,18:35:26
6a26ef50832c9a57883632d7,edivtm3,"Shit, I guess I accidentally bought a Pay-Per-View boxing match",annoyance,anger,negative,95%,,2026-06-08,18:35:06,disappointment,sadness,85%,,2026-06-08,18:35:17,disappointment,sadness,85%,,2026-06-08,18:35:28
6a26ef67832c9a57883632d8,eeqd04y,Thank you friend,gratitude,joy,positive,95%,,2026-06-08,18:35:29,gratitude,joy,90%,,2026-06-08,18:35:40,gratitude,joy,95%,,2026-06-08,18:35:51
6a26ef69832c9a57883632d9,edk0z9k,Fucking coward.,anger,anger,negative,95%,,2026-06-08,18:35:30,anger,anger,95%,,2026-06-08,18:35:42,anger,anger,95%,,2026-06-08,18:35:53
6a26ef6a832c9a57883632da,eeb9aft,that is what retardation looks like,neutral,neutral,negative,95%,,2026-06-08,18:35:32,disapproval,anger,95%,,2026-06-08,18:35:43,disgust,disgust,95%,,2026-06-08,18:35:54
6a26ef6b832c9a57883632db,eczq8zg,Maybe thatâs what happened to the great white at Houston zoo,confusion,neutral,neutral,70%,,2026-06-08,18:35:34,curiosity,neutral,80%,,2026-06-08,18:35:44,curiosity,neutral,75%,,2026-06-08,18:35:55
6a26ef6d832c9a57883632dc,efdlhs1,"I never thought it was at the same moment, but sometimes after [NAME] sacrifice... sounds logical",confusion,neutral,neutral,70%,,2026-06-08,18:35:35,realization,surprise,85%,,2026-06-08,18:35:46,realization,surprise,80%,,2026-06-08,18:35:57
6a26ef6e832c9a57883632dd,ee4tgim,i got a bump and a bald spot. i feel dumb <3,embarrassment,sadness,negative,85%,,2026-06-08,18:35:36,sadness,sadness,70%,,2026-06-08,18:35:47,sadness,sadness,85%,,2026-06-08,18:35:58
6a26ef6f832c9a57883632de,ee7it59,You are going to do the dishes now,neutral,neutral,negative,70%,,2026-06-08,18:35:38,neutral,neutral,90%,,2026-06-08,18:35:49,annoyance,anger,70%,,2026-06-08,18:35:59
6a26ef71832c9a57883632df,ed4nz06,Slowing things down now,neutral,neutral,neutral,80%,,2026-06-08,18:35:39,neutral,neutral,90%,,2026-06-08,18:35:50,neutral,neutral,90%,,2026-06-08,18:36:01
6a26ef87832c9a57883632e0,ee18uaj,His name has already been released. Just can't post it here.,neutral,neutral,neutral,90%,,2026-06-08,18:36:02,disappointment,sadness,70%,,2026-06-08,18:36:13,neutral,neutral,95%,,2026-06-08,18:36:23
6a26ef89832c9a57883632e1,edkh6qo,Stupidly stubborn / stubbornly stupid,anger,anger,negative,95%,,2026-06-08,18:36:03,annoyance,anger,85%,,2026-06-08,18:36:14,anger,anger,85%,,2026-06-08,18:36:25
6a26ef8a832c9a57883632e2,edafy84,Mine was apparently [NAME] and the giant peach!,neutral,neutral,neutral,80%,,2026-06-08,18:36:05,amusement,joy,85%,,2026-06-08,18:36:15,amusement,joy,70%,,2026-06-08,18:36:26
6a26ef8c832c9a57883632e3,ee8mzwa,I miss them being alive,grief,sadness,negative,95%,,2026-06-08,18:36:06,sadness,sadness,95%,,2026-06-08,18:36:17,sadness,sadness,95%,,2026-06-08,18:36:28
6a26ef8d832c9a57883632e4,ef462jc,"Super, thanks",gratitude,joy,positive,95%,,2026-06-08,18:36:07,gratitude,joy,90%,,2026-06-08,18:36:18,gratitude,joy,95%,,2026-06-08,18:36:29
6a26ef8e832c9a57883632e5,ee62fgk,A new study just came out from China that it's actually too late.,neutral,neutral,negative,85%,,2026-06-08,18:36:09,disappointment,sadness,85%,,2026-06-08,18:36:19,disappointment,sadness,85%,,2026-06-08,18:36:30
6a26ef90832c9a57883632e6,eebcbcp,"Troll, bro. They know they're saying stupid shit. The motherfucker does nothing but stink up libertarian subs talking shit",anger,anger,negative,95%,,2026-06-08,18:36:10,anger,anger,95%,,2026-06-08,18:36:21,anger,anger,95%,,2026-06-08,18:36:32
6a26ef91832c9a57883632e7,ed7wf2c,"All sounds possible except the key, I can't see how it was missed in the first search. ",confusion,neutral,negative,85%,,2026-06-08,18:36:11,confusion,neutral,85%,,2026-06-08,18:36:22,disappointment,sadness,85%,,2026-06-08,18:36:33
6a26efa9832c9a57883632e8,edmcxu7,"Your aunt has some damn nerve, though!",neutral,neutral,negative,95%,,2026-06-08,18:36:35,anger,anger,95%,,2026-06-08,18:36:46,anger,anger,95%,,2026-06-08,18:36:57
6a26efaa832c9a57883632e9,ee7ujla,"Ok, then what the actual fuck is your plan?",anger,anger,negative,95%,,2026-06-08,18:36:36,anger,anger,95%,,2026-06-08,18:36:47,anger,anger,95%,,2026-06-08,18:36:58
6a26efab832c9a57883632ea,edtqqyi,What does FPTP have to do with the referendum?,confusion,neutral,neutral,80%,,2026-06-08,18:36:37,confusion,neutral,80%,,2026-06-08,18:36:49,confusion,neutral,85%,,2026-06-08,18:36:59
6a26efad832c9a57883632eb,efeu6uo,Happy to be able to help.,joy,joy,positive,95%,,2026-06-08,18:36:39,joy,joy,90%,,2026-06-08,18:36:50,joy,joy,95%,,2026-06-08,18:37:01
6a26efae832c9a57883632ec,ef81n89,"18 is hot but very bland, it's just here this blonde lady who is not as hot as blonde launch.",neutral,neutral,negative,85%,,2026-06-08,18:36:40,disappointment,sadness,85%,,2026-06-08,18:36:51,disappointment,sadness,85%,,2026-06-08,18:37:02
6a26efaf832c9a57883632ed,ednhqdr,Famous for his 3-4 Defense,admiration,joy,neutral,70%,,2026-06-08,18:36:42,neutral,neutral,100%,,2026-06-08,18:36:53,neutral,neutral,90%,,2026-06-08,18:37:03
6a26efb1832c9a57883632ee,ed0i62x,Pretty sure Iâve seen this. He swings away with the harness he is wearing. Still looks painful but I think he lives,sadness,sadness,neutral,70%,,2026-06-08,18:36:43,amusement,joy,70%,,2026-06-08,18:36:54,relief,joy,70%,,2026-06-08,18:37:05
6a26efb2832c9a57883632ef,ed6mn9k,When I feel down I listen to music.,neutral,neutral,neutral,85%,,2026-06-08,18:36:45,sadness,sadness,85%,,2026-06-08,18:36:55,neutral,neutral,90%,,2026-06-08,18:37:06
6a26efc9832c9a57883632f0,eecj1hh,"aw, thanks! I appreciate that! ",admiration,joy,positive,95%,,2026-06-08,18:37:08,gratitude,joy,95%,,2026-06-08,18:37:18,gratitude,joy,95%,,2026-06-08,18:37:29
6a26efca832c9a57883632f1,eexgn84,Thanks! I love watching him every week,gratitude,joy,positive,95%,,2026-06-08,18:37:09,joy,joy,90%,,2026-06-08,18:37:20,joy,joy,95%,,2026-06-08,18:37:30
6a26efcc832c9a57883632f2,ed2wzm6,I read on a different post that he died shortly after of internal injuries.,grief,sadness,negative,95%,,2026-06-08,18:37:10,sadness,sadness,90%,,2026-06-08,18:37:21,sadness,sadness,90%,,2026-06-08,18:37:32
6a26efcd832c9a57883632f3,ef7hdbf,Honestly it sounds exhausting being married to him. Maybe it will be better for you in the long run.,neutral,neutral,negative,85%,,2026-06-08,18:37:12,disapproval,anger,80%,,2026-06-08,18:37:22,disappointment,sadness,85%,,2026-06-08,18:37:33
6a26efce832c9a57883632f4,efanc6t,It's crazy how far Photoshop has come. Underwater bridges?!! NEVER!!!,curiosity,neutral,negative,85%,,2026-06-08,18:37:13,amusement,joy,85%,,2026-06-08,18:37:24,anger,anger,85%,,2026-06-08,18:37:34
6a26efd0832c9a57883632f5,eddo15s,"I wouldn't let a sweet potato dictate decisions, ever.",disapproval,anger,negative,95%,,2026-06-08,18:37:14,annoyance,anger,95%,,2026-06-08,18:37:25,disapproval,anger,95%,,2026-06-08,18:37:36
6a26efd1832c9a57883632f6,edrbhky,It's true though. He either gets no shirt and freezes to death or wears a stupid looking butchers cape. I hope he gets something better next season,optimism,joy,negative,95%,,2026-06-08,18:37:16,disapproval,anger,85%,,2026-06-08,18:37:26,disappointment,sadness,85%,,2026-06-08,18:37:37
6a26efd2832c9a57883632f7,ednnkuc,"It's a better option because it's my life and none of your business? Lmfao, who are you",neutral,neutral,negative,95%,,2026-06-08,18:37:17,anger,anger,90%,,2026-06-08,18:37:28,anger,anger,95%,,2026-06-08,18:37:38
6a26efea832c9a57883632f8,edly6hm,"Sack, shaft, and tip. The trifecta. ",neutral,neutral,negative,95%,,2026-06-08,18:37:40,disgust,disgust,85%,,2026-06-08,18:37:51,disgust,disgust,85%,,2026-06-08,18:38:02
6a26efeb832c9a57883632f9,efdj3ai,I know. My question was if they **used** to compete in T5-TTT2.,neutral,neutral,neutral,85%,,2026-06-08,18:37:41,curiosity,neutral,85%,,2026-06-08,18:37:52,curiosity,neutral,85%,,2026-06-08,18:38:03
6a26efec832c9a57883632fa,eebp801,FBI!! OPEN UP!!!,neutral,neutral,negative,95%,,2026-06-08,18:37:43,fear,fear,85%,,2026-06-08,18:37:54,anger,anger,95%,,2026-06-08,18:38:04
6a26efee832c9a57883632fb,eer0jny,"Shouldâve dumped coke all over her right after the movie, and make a run for it. Fk pettiness ",neutral,neutral,negative,95%,,2026-06-08,18:37:44,anger,anger,85%,,2026-06-08,18:37:55,anger,anger,90%,,2026-06-08,18:38:06
6a26efef832c9a57883632fc,eek294p,You can always kneel.,approval,joy,neutral,70%,,2026-06-08,18:37:45,neutral,neutral,90%,,2026-06-08,18:37:56,neutral,neutral,100%,,2026-06-08,18:38:07
6a26eff0832c9a57883632fd,eex7fm9,"Cheers, sololander!",neutral,neutral,positive,85%,,2026-06-08,18:37:47,joy,joy,85%,,2026-06-08,18:37:58,joy,joy,95%,,2026-06-08,18:38:08
6a26eff2832c9a57883632fe,eeb757w,Very interesting. Thx,excitement,joy,positive,90%,,2026-06-08,18:37:48,amusement,joy,70%,,2026-06-08,18:37:59,amusement,joy,70%,,2026-06-08,18:38:10
6a26eff3832c9a57883632ff,edo2jop,This isn't really wholesome,disapproval,anger,negative,85%,,2026-06-08,18:37:49,disapproval,anger,85%,,2026-06-08,18:38:00,disappointment,sadness,85%,,2026-06-08,18:38:11
6a26f00b832c9a5788363300,edq7cts,your mom likes to copy me cause she has no creativity just like you ,neutral,neutral,negative,85%,,2026-06-08,18:38:12,anger,anger,85%,,2026-06-08,18:38:24,anger,anger,85%,,2026-06-08,18:38:35
6a26f00f832c9a5788363301,eez8y80,Lord help me I want to be a mod again. So many damn trolls here,neutral,neutral,negative,85%,,2026-06-08,18:38:14,desire,neutral,90%,,2026-06-08,18:38:25,disappointment,sadness,85%,,2026-06-08,18:38:39
6a26f010832c9a5788363302,eezr0f2,Oh holy heck  /,neutral,neutral,negative,80%,,2026-06-08,18:38:15,surprise,surprise,95%,,2026-06-08,18:38:26,disappointment,sadness,70%,,2026-06-08,18:38:40
6a26f011832c9a5788363303,eejcgvu,"Thanks DB, I'll see if I can find the book",gratitude,joy,neutral,70%,,2026-06-08,18:38:17,gratitude,joy,85%,,2026-06-08,18:38:28,gratitude,joy,70%,,2026-06-08,18:38:41
6a26f013832c9a5788363304,ed7nnui,LOL. Super cute!,admiration,joy,positive,95%,,2026-06-08,18:38:18,joy,joy,95%,,2026-06-08,18:38:29,joy,joy,95%,,2026-06-08,18:38:43
6a26f014832c9a5788363305,eduyz3m,I just shit my pants. Then walk away. Embarrassing enough he won't press or follow you.,embarrassment,sadness,negative,95%,,2026-06-08,18:38:20,embarrassment,sadness,95%,,2026-06-08,18:38:31,embarrassment,sadness,95%,,2026-06-08,18:38:44
6a26f015832c9a5788363306,eeq6eor,WHAT ARE YOU DOIN [NAME]?,neutral,neutral,negative,85%,,2026-06-08,18:38:21,anger,anger,95%,,2026-06-08,18:38:32,anger,anger,95%,,2026-06-08,18:38:45
6a26f017832c9a5788363307,edc6qjp,This...has 9k upvotes. Wow.,excitement,joy,positive,95%,,2026-06-08,18:38:22,surprise,surprise,90%,,2026-06-08,18:38:33,joy,joy,95%,,2026-06-08,18:38:47
6a26f02f832c9a5788363308,ef14a5b,[NAME] sees all,neutral,neutral,neutral,70%,,2026-06-08,18:38:48,neutral,neutral,90%,,2026-06-08,18:38:59,neutral,neutral,100%,,2026-06-08,18:39:11
6a26f030832c9a5788363309,eeezvpp,Awesome. Thanks!,admiration,joy,positive,95%,,2026-06-08,18:38:49,gratitude,joy,95%,,2026-06-08,18:39:00,gratitude,joy,95%,,2026-06-08,18:39:12
6a26f031832c9a578836330a,edld84l,Wait. What. How?,neutral,neutral,neutral,85%,,2026-06-08,18:38:51,confusion,neutral,95%,,2026-06-08,18:39:03,confusion,neutral,95%,,2026-06-08,18:39:13
6a26f033832c9a578836330b,edk90ck,"And then they say, âHAHAHAHHA IT WAS RIGHT THERE WOW!â",amusement,joy,positive,95%,,2026-06-08,18:38:52,amusement,joy,95%,,2026-06-08,18:39:04,amusement,joy,95%,,2026-06-08,18:39:15
6a26f034832c9a578836330c,ed6srlg,"Aww, try mindfulness. I think I am going over to that sub now.",neutral,neutral,positive,85%,,2026-06-08,18:38:54,amusement,joy,85%,,2026-06-08,18:39:05,joy,joy,85%,,2026-06-08,18:39:16
6a26f036832c9a578836330d,edjhcfz,Twilight... STILL a better love story than The Last Jedi!,admiration,joy,positive,85%,,2026-06-08,18:38:55,disapproval,anger,90%,,2026-06-08,18:39:07,joy,joy,85%,,2026-06-08,18:39:18
6a26f037832c9a578836330e,eed7igj,Detective from svu.,neutral,neutral,neutral,80%,,2026-06-08,18:38:56,neutral,neutral,90%,,2026-06-08,18:39:08,neutral,neutral,100%,,2026-06-08,18:39:19
6a26f038832c9a578836330f,edhjzs4,Good for #70 to console the poor guy,admiration,joy,positive,85%,,2026-06-08,18:38:58,caring,love,90%,,2026-06-08,18:39:09,caring,love,90%,,2026-06-08,18:39:20
6a26f04f832c9a5788363310,eepirny,The republicans are the military. You are an idiot.,annoyance,anger,negative,85%,,2026-06-08,18:39:21,anger,anger,95%,,2026-06-08,18:39:32,anger,anger,95%,,2026-06-08,18:39:43
6a26f050832c9a5788363311,edcymd0,Don't kiss your doorbell! Or anyone else's for that matter...,neutral,neutral,negative,95%,,2026-06-08,18:39:23,disapproval,anger,95%,,2026-06-08,18:39:33,disapproval,anger,85%,,2026-06-08,18:39:44
6a26f052832c9a5788363312,eemw6fm,Just got home from school. How are we doing,neutral,neutral,neutral,70%,,2026-06-08,18:39:24,neutral,neutral,70%,,2026-06-08,18:39:35,neutral,neutral,80%,,2026-06-08,18:39:46
6a26f053832c9a5788363313,ef9vgnx,This pic they used for [NAME] makes her look like [NAME],neutral,neutral,negative,85%,,2026-06-08,18:39:25,confusion,neutral,90%,,2026-06-08,18:39:36,disappointment,sadness,85%,,2026-06-08,18:39:47
6a26f054832c9a5788363314,eellryt,"Awesome! Iâm a cradle [RELIGION], so really interesting to hear your experience. Thanks for sharing.",admiration,joy,positive,95%,,2026-06-08,18:39:27,joy,joy,95%,,2026-06-08,18:39:37,gratitude,joy,95%,,2026-06-08,18:39:48
6a26f056832c9a5788363315,ed8g95h,What a wonderful world,admiration,joy,positive,95%,,2026-06-08,18:39:28,joy,joy,95%,,2026-06-08,18:39:39,joy,joy,95%,,2026-06-08,18:39:50
6a26f057832c9a5788363316,ecztuhs,Never get out of the boat.,neutral,neutral,neutral,85%,,2026-06-08,18:39:29,fear,fear,85%,,2026-06-08,18:39:40,fear,fear,85%,,2026-06-08,18:39:51
6a26f058832c9a5788363317,ed4ji7m,"just noticed, lol. damn pervert foreigners.",amusement,joy,negative,95%,,2026-06-08,18:39:31,disapproval,anger,85%,,2026-06-08,18:39:42,disgust,disgust,85%,,2026-06-08,18:39:52
6a26f06f832c9a5788363318,ed4qloq,Oh forgive us for trying to make an exciting atmosphere at our homecourt.,excitement,joy,negative,85%,,2026-06-08,18:39:54,annoyance,anger,85%,,2026-06-08,18:40:05,disappointment,sadness,85%,,2026-06-08,18:40:15
6a26f071832c9a5788363319,edh8gc6,"true I am a troll, but fortunately for me I'm not emotionally invested in it.",approval,joy,neutral,95%,,2026-06-08,18:39:55,neutral,neutral,90%,,2026-06-08,18:40:06,amusement,joy,85%,,2026-06-08,18:40:17
6a26f072832c9a578836331a,edqmmr8,sorry [NAME]! ððð,sadness,sadness,negative,70%,,2026-06-08,18:39:57,love,love,85%,,2026-06-08,18:40:07,disappointment,sadness,70%,,2026-06-08,18:40:18
6a26f073832c9a578836331b,edafxhi,"At least itâs not anything worse, and that you are still close to that person  )",approval,joy,neutral,70%,,2026-06-08,18:39:58,relief,joy,85%,,2026-06-08,18:40:09,relief,joy,70%,,2026-06-08,18:40:19
6a26f075832c9a578836331c,efeejq2,This is the first person Australia has tried to do this to...,neutral,neutral,negative,85%,,2026-06-08,18:39:59,anger,anger,85%,,2026-06-08,18:40:10,anger,anger,85%,,2026-06-08,18:40:21
6a26f076832c9a578836331d,eddpp1t,my brain hurts...,sadness,sadness,negative,95%,,2026-06-08,18:40:01,pain,neutral,95%,,2026-06-08,18:40:11,sadness,sadness,85%,,2026-06-08,18:40:22
6a26f077832c9a578836331e,eebztt2,Thank you for at least doing something good sir.,admiration,joy,positive,85%,,2026-06-08,18:40:02,gratitude,joy,95%,,2026-06-08,18:40:13,gratitude,joy,95%,,2026-06-08,18:40:23
6a26f079832c9a578836331f,eeaae3c,"He was off by 5 minutes, not impressed. ",disappointment,sadness,negative,95%,,2026-06-08,18:40:03,disappointment,sadness,90%,,2026-06-08,18:40:14,disappointment,sadness,90%,,2026-06-08,18:40:25
6a26f090832c9a5788363320,edq63yi,Sometimes life actually hands you lemons. We're just lucky that we have a proverbial phrase that gives us an idea of what we can do with them.,approval,joy,neutral,85%,,2026-06-08,18:40:26,gratitude,joy,70%,,2026-06-08,18:40:37,optimism,joy,70%,,2026-06-08,18:40:48
6a26f092832c9a5788363321,ef4mcnv,People on the other side want you dead no matter why you are there.,neutral,neutral,negative,95%,,2026-06-08,18:40:27,fear,fear,85%,,2026-06-08,18:40:38,anger,anger,85%,,2026-06-08,18:40:50
6a26f093832c9a5788363322,eer6cua,"Pay you for what, just standing there? Done.",approval,joy,negative,95%,,2026-06-08,18:40:29,anger,anger,85%,,2026-06-08,18:40:40,anger,anger,85%,,2026-06-08,18:40:51
6a26f094832c9a5788363323,edckr7q,Cleavage  Nature's Brass Catcher.,neutral,neutral,neutral,85%,,2026-06-08,18:40:30,amusement,joy,85%,,2026-06-08,18:40:41,neutral,neutral,95%,,2026-06-08,18:40:52
6a26f096832c9a5788363324,edzprws,"Apologies, I take it all back as Iâve just seen his latest effort",remorse,sadness,positive,95%,,2026-06-08,18:40:31,remorse,sadness,90%,,2026-06-08,18:40:42,remorse,sadness,90%,,2026-06-08,18:40:54
6a26f097832c9a5788363325,ednh28o,I love Rocket Love and Blasted. I just wonder who the songs were written for because these are all reference tracks except Acura Intergul,love,love,positive,85%,,2026-06-08,18:40:33,curiosity,neutral,85%,,2026-06-08,18:40:44,love,love,90%,,2026-06-08,18:40:55
6a26f098832c9a5788363326,ef71l7o,okay im interested in joining the bare hands hunting posse,approval,joy,neutral,70%,,2026-06-08,18:40:34,curiosity,neutral,85%,,2026-06-08,18:40:45,curiosity,neutral,70%,,2026-06-08,18:40:56
6a26f09a832c9a5788363327,efch84n,Damn for that much you may as well use a mobile plan unless you're doing something latency sensitive.,neutral,neutral,negative,85%,,2026-06-08,18:40:36,annoyance,anger,85%,,2026-06-08,18:40:46,disapproval,anger,85%,,2026-06-08,18:40:58
6a26f0b2832c9a5788363328,efae8sy,I think the 90 day rule applies to increases over 5%?,curiosity,neutral,neutral,70%,,2026-06-08,18:40:59,confusion,neutral,80%,,2026-06-08,18:41:11,confusion,neutral,70%,,2026-06-08,18:41:22
6a26f0b3832c9a5788363329,edpcbde,If they bolt its a feature.,neutral,neutral,neutral,70%,,2026-06-08,18:41:00,amusement,joy,80%,,2026-06-08,18:41:12,amusement,joy,70%,,2026-06-08,18:41:23
6a26f0b4832c9a578836332a,ees00ae,So this means the people who have debt can see those that donât. Am I sensing an easier target for muggings and such?,curiosity,neutral,negative,85%,,2026-06-08,18:41:02,fear,fear,85%,,2026-06-08,18:41:14,fear,fear,85%,,2026-06-08,18:41:24
6a26f0b6832c9a578836332b,efcvc5p,Skynet has really lost its edge,neutral,neutral,negative,95%,,2026-06-08,18:41:03,disappointment,sadness,90%,,2026-06-08,18:41:15,disappointment,sadness,95%,,2026-06-08,18:41:26
6a26f0b7832c9a578836332c,eexo7w2,You just make her sound awesome.,admiration,joy,positive,95%,,2026-06-08,18:41:05,admiration,joy,85%,,2026-06-08,18:41:16,admiration,joy,90%,,2026-06-08,18:41:27
6a26f0b8832c9a578836332d,edj5kw4,seriously wtf. I want to see how the whole hand went in detail. that was the sickest soulread ever,annoyance,anger,negative,85%,,2026-06-08,18:41:07,disapproval,anger,85%,,2026-06-08,18:41:18,disappointment,sadness,85%,,2026-06-08,18:41:28
6a26f0ba832c9a578836332e,eexk7b0,Your team lacks ethics.,disapproval,anger,negative,95%,,2026-06-08,18:41:08,disapproval,anger,95%,,2026-06-08,18:41:19,disapproval,anger,95%,,2026-06-08,18:41:30
6a26f0bb832c9a578836332f,eeapczm,"[NAME] was useless, aside from bandaging [NAME] up a bit more than she already did and treating [NAME], name one decision [NAME] has made smartly. ",neutral,neutral,negative,95%,,2026-06-08,18:41:09,disapproval,anger,95%,,2026-06-08,18:41:20,disapproval,anger,95%,,2026-06-08,18:41:31
6a26f0d3832c9a5788363330,edj30sf,"Not the **emotional effect**, when it's in the best interest of our country.",neutral,neutral,neutral,85%,,2026-06-08,18:41:32,approval,joy,95%,,2026-06-08,18:41:44,approval,joy,85%,,2026-06-08,18:41:54
6a26f0d4832c9a5788363331,efhbbj9,i wouldn't take that significant of a pay cut. you should keep your job and do your creative writing on the side/free time.,caring,love,negative,95%,,2026-06-08,18:41:34,disapproval,anger,95%,,2026-06-08,18:41:45,disappointment,sadness,85%,,2026-06-08,18:41:56
6a26f0d5832c9a5788363332,edbw0z2,"Hey, I just shared the tweet with the quote. I don't know about all that",neutral,neutral,neutral,70%,,2026-06-08,18:41:36,neutral,neutral,85%,,2026-06-08,18:41:46,confusion,neutral,85%,,2026-06-08,18:41:57
6a26f0d7832c9a5788363333,edrqtz1,Who is this Wild team? Where have they been?,confusion,neutral,negative,85%,,2026-06-08,18:41:37,curiosity,neutral,95%,,2026-06-08,18:41:48,confusion,neutral,85%,,2026-06-08,18:41:59
6a26f0d8832c9a5788363334,edfsjkw,omg [NAME] and his dad walking out together is so cute ð,neutral,neutral,positive,95%,,2026-06-08,18:41:38,love,love,95%,,2026-06-08,18:41:49,love,love,95%,,2026-06-08,18:42:00
6a26f0d9832c9a5788363335,eeskhio,Thanks I'll give it a go. Nothing used for randoms at all? Would it be better for me to find a group to play with?,gratitude,joy,neutral,85%,,2026-06-08,18:41:40,curiosity,neutral,80%,,2026-06-08,18:41:51,curiosity,neutral,85%,,2026-06-08,18:42:01
6a26f0db832c9a5788363336,edws63t,Whyâs he pointless? I want to know how people like you watch this game. Genuinely baffles me.,neutral,neutral,negative,95%,,2026-06-08,18:41:41,annoyance,anger,90%,,2026-06-08,18:41:52,disapproval,anger,95%,,2026-06-08,18:42:03
6a26f0dc832c9a5788363337,eeg2qjp,I appreciate his deadpan humour.,admiration,joy,positive,95%,,2026-06-08,18:41:42,approval,joy,90%,,2026-06-08,18:41:53,amusement,joy,90%,,2026-06-08,18:42:04
6a26f0f3832c9a5788363338,eeezflc,So I said earlier that this team was boring without [NAME] lately. I take that back after the last two games.,realization,surprise,negative,85%,,2026-06-08,18:42:05,relief,joy,85%,,2026-06-08,18:42:16,disappointment,sadness,85%,,2026-06-08,18:42:27
6a26f0f4832c9a5788363339,edfn1dv,"I was kicked, and apparently don't care about oversharing on Reddit about it anymore",neutral,neutral,negative,95%,,2026-06-08,18:42:07,annoyance,anger,85%,,2026-06-08,18:42:17,disappointment,sadness,85%,,2026-06-08,18:42:28
6a26f0f5832c9a578836333a,ef2tb8h,It's because you play against 1000 ms ping EU players that have no idea what's going on. Happy hunting!,joy,joy,negative,95%,,2026-06-08,18:42:08,anger,anger,85%,,2026-06-08,18:42:19,anger,anger,90%,,2026-06-08,18:42:29
6a26f0f7832c9a578836333b,edcq5b8,Updooted like the filthy animal I am.,neutral,neutral,positive,95%,,2026-06-08,18:42:09,amusement,joy,95%,,2026-06-08,18:42:20,amusement,joy,90%,,2026-06-08,18:42:31
6a26f0f8832c9a578836333c,edcvs72,The fuck is âmog?!â,anger,anger,negative,95%,,2026-06-08,18:42:11,anger,anger,95%,,2026-06-08,18:42:21,anger,anger,95%,,2026-06-08,18:42:32
6a26f0fa832c9a578836333d,edyvtuf,Especially that âAustralia ainât gonna cop itâ ad on TV god I hate [NAME],anger,anger,negative,95%,,2026-06-08,18:42:12,anger,anger,95%,,2026-06-08,18:42:23,anger,anger,95%,,2026-06-08,18:42:34
6a26f0fb832c9a578836333e,edg6nmd,And you believe this?,neutral,neutral,negative,85%,,2026-06-08,18:42:13,disapproval,anger,85%,,2026-06-08,18:42:24,disapproval,anger,90%,,2026-06-08,18:42:35
6a26f0fc832c9a578836333f,edkqmxu,"If you are into sours they put out some decent stuff, but anything outside of that is completely forgettable and average.",neutral,neutral,neutral,85%,,2026-06-08,18:42:15,disapproval,anger,95%,,2026-06-08,18:42:26,disapproval,anger,85%,,2026-06-08,18:42:36
6a26f116832c9a5788363340,edw07y2,We thought he was getting better but then he turned himself around.,disappointment,sadness,negative,85%,,2026-06-08,18:42:38,disappointment,sadness,90%,,2026-06-08,18:42:49,disappointment,sadness,85%,,2026-06-08,18:43:02
6a26f117832c9a5788363341,eczx96b,You seem slightly sensitive... I was actually thinking we had been infiltrated by the normies,approval,joy,negative,85%,,2026-06-08,18:42:39,annoyance,anger,85%,,2026-06-08,18:42:50,disapproval,anger,85%,,2026-06-08,18:43:03
6a26f11a832c9a5788363342,eeuss9c,Yet another clown whining about discussions about bitcoin in a bitcoin sub.,neutral,neutral,negative,95%,,2026-06-08,18:42:40,annoyance,anger,85%,,2026-06-08,18:42:51,annoyance,anger,85%,,2026-06-08,18:43:06
6a26f11b832c9a5788363343,eetq9g0,"Three words, no subtlety. ""Dude. Stop. Seriously."" ",annoyance,anger,negative,95%,,2026-06-08,18:42:42,annoyance,anger,95%,,2026-06-08,18:42:53,annoyance,anger,95%,,2026-06-08,18:43:07
6a26f11d832c9a5788363344,eczjljm,"[NAME] dude I see [NAME] so rarely that I forget that he's the OG ""Fuck this character fuck this stupid game"" king. ",anger,anger,negative,95%,,2026-06-08,18:42:43,amusement,joy,85%,,2026-06-08,18:42:54,disappointment,sadness,85%,,2026-06-08,18:43:09
6a26f11e832c9a5788363345,eedpaek,"Wow. I just read the synopsis, and thatâs really what happens. ",surprise,surprise,negative,85%,,2026-06-08,18:42:44,surprise,surprise,85%,,2026-06-08,18:42:56,disappointment,sadness,85%,,2026-06-08,18:43:10
6a26f11f832c9a5788363346,eesiypi,"Wow, that landlady sure is a piece of shit. I'd be interested in knowing how many people she has discriminated against or harassed in the past.",curiosity,neutral,negative,95%,,2026-06-08,18:42:46,anger,anger,95%,,2026-06-08,18:42:57,disgust,disgust,95%,,2026-06-08,18:43:11
6a26f121832c9a5788363347,eeonfs6,I KILL YOU SCUM,anger,anger,negative,100%,,2026-06-08,18:42:47,anger,anger,95%,,2026-06-08,18:43:01,anger,anger,95%,,2026-06-08,18:43:13
6a26f138832c9a5788363348,eew89xn,"Itâs way too broken, anyone and their dog can use it.",neutral,neutral,negative,95%,,2026-06-08,18:43:14,disapproval,anger,90%,,2026-06-08,18:43:25,disapproval,anger,95%,,2026-06-08,18:43:36
6a26f13a832c9a5788363349,edycw66,Tournament was a blast met some really cool people loved it all. Thanks for holding it. Would love to do it again someday,admiration,joy,positive,95%,,2026-06-08,18:43:16,joy,joy,95%,,2026-06-08,18:43:27,joy,joy,95%,,2026-06-08,18:43:38
6a26f13b832c9a578836334a,edijgo3,"Yeah, I am! I'll private message you a link to my profile. Thank you.",gratitude,joy,positive,95%,,2026-06-08,18:43:17,gratitude,joy,90%,,2026-06-08,18:43:28,gratitude,joy,95%,,2026-06-08,18:43:39
6a26f13c832c9a578836334b,eevimql,*curb your enthusiasm theme intensifies*,neutral,neutral,neutral,70%,,2026-06-08,18:43:18,amusement,joy,95%,,2026-06-08,18:43:29,amusement,joy,85%,,2026-06-08,18:43:40
6a26f13e832c9a578836334c,efe7rga,youre a disgusting piece of filth.,disgust,disgust,negative,95%,,2026-06-08,18:43:20,disgust,disgust,95%,,2026-06-08,18:43:31,disgust,disgust,95%,,2026-06-08,18:43:42
6a26f13f832c9a578836334d,ed03vhu,By the way the dogs also alerted at kuss road but will just ignore that much like [NAME] did lol ciao,neutral,neutral,negative,80%,,2026-06-08,18:43:21,amusement,joy,85%,,2026-06-08,18:43:32,disappointment,sadness,85%,,2026-06-08,18:43:43
6a26f140832c9a578836334e,eduwjsu,This is sort of wholesome in a weird way,neutral,neutral,positive,70%,,2026-06-08,18:43:22,amusement,joy,70%,,2026-06-08,18:43:34,amusement,joy,85%,,2026-06-08,18:43:44
6a26f142832c9a578836334f,edmc7uh,"Just an employee, just stressed that it takes so long to save 10k for example and even that is nothing ! Should of brought more bitcoins",disappointment,sadness,negative,95%,,2026-06-08,18:43:24,annoyance,anger,85%,,2026-06-08,18:43:35,disappointment,sadness,85%,,2026-06-08,18:43:46
6a26f159832c9a5788363350,ee920o1,Kinda. And thank you. I'm curious about those files and film and fotos you mentioned.,curiosity,neutral,neutral,80%,,2026-06-08,18:43:47,curiosity,neutral,85%,,2026-06-08,18:43:58,curiosity,neutral,85%,,2026-06-08,18:44:09
6a26f15a832c9a5788363351,edr5kc0,I don't think aspergers causes me distress or anxiety. I think having to live in a society that privileges neurotypical modes of interaction causes me distress and anxiety,realization,surprise,negative,95%,,2026-06-08,18:43:48,disapproval,anger,90%,,2026-06-08,18:44:00,disappointment,sadness,90%,,2026-06-08,18:44:10
6a26f15c832c9a5788363352,eeb8187,Looks like my greyhounds feet,neutral,neutral,neutral,70%,,2026-06-08,18:43:50,care,neutral,85%,,2026-06-08,18:44:01,neutral,neutral,100%,,2026-06-08,18:44:12
6a26f15d832c9a5788363353,edniutj,You told me it was pointless to point it out. You're the idiot,anger,anger,negative,95%,,2026-06-08,18:43:51,anger,anger,95%,,2026-06-08,18:44:02,anger,anger,95%,,2026-06-08,18:44:13
6a26f15e832c9a5788363354,eer5434,2019 should just be a picture of a trash can or dumpster on fire. Amazing how shitty DICE can make things in 10 years.,annoyance,anger,negative,95%,,2026-06-08,18:43:52,anger,anger,95%,,2026-06-08,18:44:04,disappointment,sadness,95%,,2026-06-08,18:44:14
6a26f160832c9a5788363355,eeedgpu,Yeah let's wrap up AS4 I'm suddenly so much more excited for S11,excitement,joy,positive,95%,,2026-06-08,18:43:54,excitement,joy,90%,,2026-06-08,18:44:05,excitement,joy,95%,,2026-06-08,18:44:16
6a26f161832c9a5788363356,edzwrhq,He left the bench and is back in the locker room with the medical staff,neutral,neutral,negative,85%,,2026-06-08,18:43:55,disappointment,sadness,80%,,2026-06-08,18:44:06,disappointment,sadness,85%,,2026-06-08,18:44:17
6a26f162832c9a5788363357,ef1tdw3,"Deluxe always need ingest people, there's also fairly regular openings for media operators.",neutral,neutral,positive,85%,,2026-06-08,18:43:57,neutral,neutral,90%,,2026-06-08,18:44:08,excitement,joy,70%,,2026-06-08,18:44:18
6a26f17c832c9a5788363358,edss7ih,"Absolutely. I'd love it. No matter how much I like the guy, if he just goes for it that's not cool.",excitement,joy,neutral,85%,,2026-06-08,18:44:20,disapproval,anger,90%,,2026-06-08,18:44:32,approval,joy,85%,,2026-06-08,18:44:44
6a26f17d832c9a5788363359,edp5opu,"Honestly, same. I was miserable at my admin asst job.",disappointment,sadness,negative,95%,,2026-06-08,18:44:21,sadness,sadness,85%,,2026-06-08,18:44:34,sadness,sadness,95%,,2026-06-08,18:44:45
6a26f17e832c9a578836335a,edmi5gb,Glad to see Hearts fans giving [NAME] such a warm welcome back..,gratitude,joy,positive,95%,,2026-06-08,18:44:23,joy,joy,95%,,2026-06-08,18:44:35,joy,joy,95%,,2026-06-08,18:44:46
6a26f180832c9a578836335b,eeal39s,"Glad you feel better! My offer still stands though, if you need someone, Iâm here",relief,joy,positive,95%,,2026-06-08,18:44:26,caring,love,95%,,2026-06-08,18:44:36,caring,love,95%,,2026-06-08,18:44:48
6a26f181832c9a578836335c,edxei3w,Colts Offense is laughable right now,amusement,joy,negative,95%,,2026-06-08,18:44:27,disapproval,anger,90%,,2026-06-08,18:44:38,disappointment,sadness,90%,,2026-06-08,18:44:49
6a26f183832c9a578836335d,eet9ajx,"Lol so petty, I kinda love it. I probably wouldnât actually do that but itâs tempting.",admiration,joy,positive,85%,,2026-06-08,18:44:28,amusement,joy,85%,,2026-06-08,18:44:39,amusement,joy,85%,,2026-06-08,18:44:51
6a26f184832c9a578836335e,efbzkjj,Lmao Stole my joke! ð,amusement,joy,positive,85%,,2026-06-08,18:44:30,amusement,joy,90%,,2026-06-08,18:44:40,amusement,joy,95%,,2026-06-08,18:44:52
6a26f185832c9a578836335f,edky7i0,Welcome to the party pal!,gratitude,joy,positive,95%,,2026-06-08,18:44:31,amusement,joy,85%,,2026-06-08,18:44:42,joy,joy,95%,,2026-06-08,18:44:53
6a26f19c832c9a5788363360,edg3tjc,Is this a [NAME] reference. I feel like it is.,curiosity,neutral,neutral,70%,,2026-06-08,18:44:55,curiosity,neutral,70%,,2026-06-08,18:45:05,curiosity,neutral,70%,,2026-06-08,18:45:16
6a26f19d832c9a5788363361,efeeugn,Don't think we should be stomping all over people's bodily autonomy just so public health authorities can declare victory.,disapproval,anger,negative,85%,,2026-06-08,18:44:56,disapproval,anger,90%,,2026-06-08,18:45:07,anger,anger,85%,,2026-06-08,18:45:17
6a26f19f832c9a5788363362,eeb1xbb,Can he teach them to run really really fast?,neutral,neutral,neutral,70%,,2026-06-08,18:44:57,curiosity,neutral,85%,,2026-06-08,18:45:08,curiosity,neutral,85%,,2026-06-08,18:45:19
6a26f1a0832c9a5788363363,edh1f8q,"Please enlighten us, O oracle. This should be rich...",neutral,neutral,neutral,70%,,2026-06-08,18:44:59,amusement,joy,85%,,2026-06-08,18:45:09,curiosity,neutral,70%,,2026-06-08,18:45:20
6a26f1a1832c9a5788363364,edewgrg,[NAME] was one of the only good things in that season,admiration,joy,positive,90%,,2026-06-08,18:45:00,gratitude,joy,90%,,2026-06-08,18:45:11,gratitude,joy,90%,,2026-06-08,18:45:21
6a26f1a3832c9a5788363365,efennol,Your coaching is terrible.... be ready and see how [NAME] uses [NAME],fear,fear,negative,95%,,2026-06-08,18:45:01,anger,anger,95%,,2026-06-08,18:45:12,anger,anger,90%,,2026-06-08,18:45:23
6a26f1a4832c9a5788363366,ee2ezcq,I adore this comment section <3,love,love,positive,95%,,2026-06-08,18:45:02,love,love,95%,,2026-06-08,18:45:13,love,love,95%,,2026-06-08,18:45:24
6a26f1a6832c9a5788363367,eewwra7,How did you try it if it's not live yet? There was no early access to it,neutral,neutral,negative,85%,,2026-06-08,18:45:04,confusion,neutral,95%,,2026-06-08,18:45:15,confusion,neutral,95%,,2026-06-08,18:45:26
6a26f1bc832c9a5788363368,eeh6t6x,"You got it, thanks!",approval,joy,positive,95%,,2026-06-08,18:45:27,gratitude,joy,95%,,2026-06-08,18:45:38,gratitude,joy,95%,,2026-06-08,18:45:48
6a26f1be832c9a5788363369,efa2lyl,"No deagle nerf/vault, good patch but could be way better",neutral,neutral,neutral,85%,,2026-06-08,18:45:28,disappointment,sadness,85%,,2026-06-08,18:45:39,disappointment,sadness,85%,,2026-06-08,18:45:50
6a26f1bf832c9a578836336a,ed8bpht,"Stop master debating, you are making a fool out of yourself. It's concerning.",annoyance,anger,negative,95%,,2026-06-08,18:45:30,anger,anger,85%,,2026-06-08,18:45:40,disapproval,anger,95%,,2026-06-08,18:45:51
6a26f1c0832c9a578836336b,edlpvoo,I think it depends on how many people are awake and passing by at the time of the posting.,neutral,neutral,neutral,80%,,2026-06-08,18:45:31,curiosity,neutral,70%,,2026-06-08,18:45:42,neutral,neutral,90%,,2026-06-08,18:45:52
6a26f1c2832c9a578836336c,ed3oyfn,"as long as the tracking shows delivered, it's not your responsibility what happens to it after that",caring,love,neutral,90%,,2026-06-08,18:45:32,neutral,neutral,95%,,2026-06-08,18:45:43,neutral,neutral,85%,,2026-06-08,18:45:54
6a26f1c3832c9a578836336d,efdstqa,"[NAME] got in before [NAME], but other than that...",neutral,neutral,neutral,70%,,2026-06-08,18:45:34,neutral,neutral,90%,,2026-06-08,18:45:44,neutral,neutral,90%,,2026-06-08,18:45:55
6a26f1c4832c9a578836336e,eeuuxha,"My stylist is a fit, handsome guy with big, sexy hands. Can't say I don't like it when he tousles my hair.",admiration,joy,positive,95%,,2026-06-08,18:45:35,desire,neutral,85%,,2026-06-08,18:45:46,admiration,joy,95%,,2026-06-08,18:45:56
6a26f1c6832c9a578836336f,ef0tm2e,You are giving them human emotions. If you spent any time with cattle at all you would realize how silly that is.,neutral,neutral,negative,95%,,2026-06-08,18:45:36,disapproval,anger,90%,,2026-06-08,18:45:47,disapproval,anger,95%,,2026-06-08,18:45:58
6a26f1de832c9a5788363370,ef10won,"He may have, I was more worried about the ""running and shooting the AR one handed, off to the side"".",fear,fear,negative,80%,,2026-06-08,18:45:59,fear,fear,85%,,2026-06-08,18:46:10,fear,fear,85%,,2026-06-08,18:46:22
6a26f1df832c9a5788363371,efei9vg,"Hmmm, can I see that statistic claiming Rowan engineering is that high?",confusion,neutral,negative,85%,,2026-06-08,18:46:01,skepticism,neutral,90%,,2026-06-08,18:46:12,skepticism,neutral,95%,,2026-06-08,18:46:23
6a26f1e0832c9a5788363372,ed0f4by,horse meat is fucking peng i love it. why is it ok for a cow to be slaughtered for food but not a horse? ridiculous double standards,love,love,positive,85%,,2026-06-08,18:46:02,amusement,joy,85%,,2026-06-08,18:46:13,confusion,neutral,85%,,2026-06-08,18:46:24
6a26f1e2832c9a5788363373,edgcgk1,Whereâs Sharpton now?,neutral,neutral,negative,75%,,2026-06-08,18:46:04,curiosity,neutral,80%,,2026-06-08,18:46:15,disappointment,sadness,85%,,2026-06-08,18:46:26
6a26f1e3832c9a5788363374,ed5rghn,good luck buddy,optimism,joy,positive,95%,,2026-06-08,18:46:05,care,neutral,70%,,2026-06-08,18:46:16,joy,joy,95%,,2026-06-08,18:46:27
6a26f1e5832c9a5788363375,edrbs0c,it really do be like that sometimes,neutral,neutral,neutral,70%,,2026-06-08,18:46:06,amusement,joy,85%,,2026-06-08,18:46:17,amusement,joy,70%,,2026-06-08,18:46:29
6a26f1e6832c9a5788363376,edgwgdh,Define woman please if you're not going to use the accepted denotation.,neutral,neutral,negative,85%,,2026-06-08,18:46:08,annoyance,anger,85%,,2026-06-08,18:46:19,disapproval,anger,85%,,2026-06-08,18:46:30
6a26f1e7832c9a5788363377,ee9r6qm,Your response is truly one of the most amazing ones Iâve seen.,admiration,joy,positive,95%,,2026-06-08,18:46:09,admiration,joy,95%,,2026-06-08,18:46:20,admiration,joy,95%,,2026-06-08,18:46:31
6a26f1ff832c9a5788363378,eec170g,Thatâs a straight up ghoul,neutral,neutral,negative,90%,,2026-06-08,18:46:32,disgust,disgust,90%,,2026-06-08,18:46:44,disgust,disgust,85%,,2026-06-08,18:46:55
6a26f200832c9a5788363379,ed1l7wy,I donât understand why people give gold to crossposts. You deserve all the upvotes.,admiration,joy,positive,85%,,2026-06-08,18:46:34,confusion,neutral,90%,,2026-06-08,18:46:45,confusion,neutral,85%,,2026-06-08,18:46:56
6a26f202832c9a578836337a,edi8nss,"No problem at all, glad I could help  ) Cheers!",joy,joy,positive,95%,,2026-06-08,18:46:36,gratitude,joy,95%,,2026-06-08,18:46:47,gratitude,joy,95%,,2026-06-08,18:46:58
6a26f203832c9a578836337b,eelice8,We're not moving.,neutral,neutral,negative,95%,,2026-06-08,18:46:37,disappointment,sadness,85%,,2026-06-08,18:46:48,disappointment,sadness,90%,,2026-06-08,18:46:59
6a26f204832c9a578836337c,edju9w6,My [NAME]! This isnt a vaccine! It's a jello shot!,surprise,surprise,negative,85%,,2026-06-08,18:46:38,amusement,joy,95%,,2026-06-08,18:46:49,disapproval,anger,95%,,2026-06-08,18:47:00
6a26f206832c9a578836337d,edhiwel,Who do you think can lead the Packers to where they need to be?,curiosity,neutral,neutral,80%,,2026-06-08,18:46:40,curiosity,neutral,85%,,2026-06-08,18:46:51,curiosity,neutral,70%,,2026-06-08,18:47:02
6a26f207832c9a578836337e,eem5zwo,"Thanks,  ), as the days go by they are getting better.",gratitude,joy,positive,95%,,2026-06-08,18:46:41,joy,joy,95%,,2026-06-08,18:46:52,joy,joy,95%,,2026-06-08,18:47:03
6a26f208832c9a578836337f,ed9bper,"Oh wow. Yeah Iâm very new, only about 8 hours gameplay",admiration,joy,positive,85%,,2026-06-08,18:46:42,excitement,joy,85%,,2026-06-08,18:46:54,excitement,joy,90%,,2026-06-08,18:47:04
6a26f220832c9a5788363380,edq9avl,"*""Success is the best revenge.""* Good job OP. Stay strong. You're almost there.",admiration,joy,positive,95%,,2026-06-08,18:47:06,admiration,joy,85%,,2026-06-08,18:47:17,pride,joy,85%,,2026-06-08,18:47:28
6a26f221832c9a5788363381,ed9gcrt,Food stamps are a disgrace. People should get money!,disapproval,anger,negative,95%,,2026-06-08,18:47:07,anger,anger,90%,,2026-06-08,18:47:18,anger,anger,95%,,2026-06-08,18:47:29
6a26f223832c9a5788363382,eeaklrf,Whisper me your steam id but it'll be 1-2 hours until I can start playing,neutral,neutral,neutral,85%,,2026-06-08,18:47:08,desire,neutral,80%,,2026-06-08,18:47:20,desire,neutral,70%,,2026-06-08,18:47:31
6a26f224832c9a5788363383,eezkol3,By [NAME]! Thatâs [NAME] music!,joy,joy,positive,95%,,2026-06-08,18:47:10,surprise,surprise,95%,,2026-06-08,18:47:21,joy,joy,95%,,2026-06-08,18:47:32
6a26f225832c9a5788363384,ee5ir1u,You just needed a [RELIGION] grandparent to be killed,neutral,neutral,negative,95%,,2026-06-08,18:47:11,anger,anger,85%,,2026-06-08,18:47:22,anger,anger,95%,,2026-06-08,18:47:33
6a26f227832c9a5788363385,efelhmi,"You live in Appalachia, donât you?",curiosity,neutral,neutral,70%,,2026-06-08,18:47:12,curiosity,neutral,85%,,2026-06-08,18:47:24,neutral,neutral,95%,,2026-06-08,18:47:35
6a26f228832c9a5788363386,eemvfjl,That pole and cheap plastic fence surely would offer excellent protection from a car. Walk it off brah.,approval,joy,negative,75%,,2026-06-08,18:47:14,disapproval,anger,85%,,2026-06-08,18:47:25,disapproval,anger,85%,,2026-06-08,18:47:36
6a26f229832c9a5788363387,ee5y25d,What the fuck is [NAME] doing in the background,anger,anger,negative,95%,,2026-06-08,18:47:15,anger,anger,90%,,2026-06-08,18:47:27,anger,anger,95%,,2026-06-08,18:47:37
6a26f241832c9a5788363388,ee0gh2n,It creates perverse incentives. Allow underpaid prison labour and suddenly you've an incentive towards exploiting your prison population rather than rehabilitating them.,annoyance,anger,negative,95%,,2026-06-08,18:47:39,disapproval,anger,95%,,2026-06-08,18:47:49,disapproval,anger,95%,,2026-06-08,18:48:01
6a26f242832c9a5788363389,edh62km,"Yeahhhh no, you're banned for this whole convo.",approval,joy,negative,95%,,2026-06-08,18:47:40,anger,anger,95%,,2026-06-08,18:47:51,anger,anger,95%,,2026-06-08,18:48:02
6a26f243832c9a578836338a,ees2pfi,I always just say âthank youâ because itâs a nice thought ð¤·ââï¸,admiration,joy,neutral,85%,,2026-06-08,18:47:41,gratitude,joy,90%,,2026-06-08,18:47:52,gratitude,joy,85%,,2026-06-08,18:48:03
6a26f245832c9a578836338b,eebcmqv,"To be fair, [NAME] is an amazing broadcaster.",neutral,neutral,positive,95%,,2026-06-08,18:47:43,admiration,joy,90%,,2026-06-08,18:47:53,admiration,joy,90%,,2026-06-08,18:48:05
6a26f246832c9a578836338c,ef12xmd,I had 3 last night ð this rant was after glass #1,neutral,neutral,negative,70%,,2026-06-08,18:47:44,amusement,joy,80%,,2026-06-08,18:47:55,disappointment,sadness,70%,,2026-06-08,18:48:06
6a26f248832c9a578836338d,edk1m7u,[NAME],disgust,disgust,neutral,100%,,2026-06-08,18:47:45,neutral,neutral,100%,,2026-06-08,18:47:56,neutral,neutral,100%,,2026-06-08,18:48:08
6a26f249832c9a578836338e,eda0qc2,Dv cus itâs playful doggos,neutral,neutral,positive,85%,,2026-06-08,18:47:47,amusement,joy,95%,,2026-06-08,18:47:58,amusement,joy,90%,,2026-06-08,18:48:09
6a26f24a832c9a578836338f,edyp67z,"I'm 14 stone...so probably about 2 stone over weight. I don't drink alcohol or do drugs, but I love food.... ",love,love,neutral,85%,,2026-06-08,18:47:48,disappointment,sadness,85%,,2026-06-08,18:47:59,acceptance,neutral,85%,,2026-06-08,18:48:10
6a26f262832c9a5788363390,eebbk6d,Needs a real big bag of rice!,neutral,neutral,positive,85%,,2026-06-08,18:48:12,desire,neutral,90%,,2026-06-08,18:48:22,excitement,joy,85%,,2026-06-08,18:48:34
6a26f263832c9a5788363391,ee0nob3,"Also curious. But as someone who lives in northern Ontario, this is pretty accurate",curiosity,neutral,neutral,80%,,2026-06-08,18:48:13,curiosity,neutral,80%,,2026-06-08,18:48:24,curiosity,neutral,85%,,2026-06-08,18:48:35
6a26f264832c9a5788363392,ef52mxe,Like the handout this guy got to build the stadium?,curiosity,neutral,neutral,70%,,2026-06-08,18:48:14,curiosity,neutral,70%,,2026-06-08,18:48:25,curiosity,neutral,70%,,2026-06-08,18:48:36
6a26f267832c9a5788363393,ede3mst,"I thought I couldn't get more depressed about last game, but.....",disappointment,sadness,negative,95%,,2026-06-08,18:48:16,sadness,sadness,95%,,2026-06-08,18:48:26,sadness,sadness,95%,,2026-06-08,18:48:39
6a26f268832c9a5788363394,efdtnoi,i think its cool because its a hybrid that comes in stickshift,joy,joy,positive,85%,,2026-06-08,18:48:17,admiration,joy,85%,,2026-06-08,18:48:28,amusement,joy,70%,,2026-06-08,18:48:40
6a26f26a832c9a5788363395,ee4peop,"I'm not saying your analysis is wrong or not based on evidence, just that the data it generates is not useful. ",disapproval,anger,negative,85%,,2026-06-08,18:48:18,disapproval,anger,85%,,2026-06-08,18:48:30,disappointment,sadness,85%,,2026-06-08,18:48:42
6a26f26b832c9a5788363396,eest2wm,Ask over at r/NewTubers,neutral,neutral,neutral,70%,,2026-06-08,18:48:20,curiosity,neutral,80%,,2026-06-08,18:48:31,curiosity,neutral,70%,,2026-06-08,18:48:43
6a26f26c832c9a5788363397,ee9xgpg,The first time I'm seeing it so thank you for sharing. Definitely shows the propaganda efforts.,gratitude,joy,negative,85%,,2026-06-08,18:48:21,disapproval,anger,85%,,2026-06-08,18:48:32,disapproval,anger,90%,,2026-06-08,18:48:44
6a26f283832c9a5788363398,efdu8sl,"It's simple, he's blunt, and that is what some people need.",admiration,joy,positive,85%,,2026-06-08,18:48:46,approval,joy,85%,,2026-06-08,18:48:56,approval,joy,85%,,2026-06-08,18:49:07
6a26f285832c9a5788363399,eeml8ay,And yet you had to walk back your support of this bill when you found out it would catch up your shotgun,neutral,neutral,negative,95%,,2026-06-08,18:48:47,disappointment,sadness,85%,,2026-06-08,18:48:58,disappointment,sadness,85%,,2026-06-08,18:49:09
6a26f286832c9a578836339a,ed4xr41,It's also one of the very few decent solo FPS released this year.,approval,joy,positive,85%,,2026-06-08,18:48:48,approval,joy,90%,,2026-06-08,18:48:59,approval,joy,95%,,2026-06-08,18:49:10
6a26f288832c9a578836339b,ee6wq5b,"I like this sub, and I like you. You're alright. ",love,love,positive,95%,,2026-06-08,18:48:50,love,love,80%,,2026-06-08,18:49:00,love,love,85%,,2026-06-08,18:49:12
6a26f28a832c9a578836339c,edjvhp9,bet you could still eat them,neutral,neutral,positive,70%,,2026-06-08,18:48:51,amusement,joy,85%,,2026-06-08,18:49:02,amusement,joy,85%,,2026-06-08,18:49:14
6a26f28b832c9a578836339d,ed0h5gk,"Yeah, I was thinking my boy was into them before that. But I doubt Panic! At the Disco would have peaked his interest.",confusion,neutral,neutral,85%,,2026-06-08,18:48:52,disapproval,anger,85%,,2026-06-08,18:49:03,confusion,neutral,70%,,2026-06-08,18:49:15
6a26f28c832c9a578836339e,edojska,"She doesnât have to be added to the game for her to be significant, [NAME] was just an extreme example.",neutral,neutral,neutral,85%,,2026-06-08,18:48:54,neutral,neutral,90%,,2026-06-08,18:49:04,neutral,neutral,90%,,2026-06-08,18:49:16
6a26f28e832c9a578836339f,eds7cd5,wow so almost every sub has grown a lot in 7 months. Also 8.3k!! what!? that's insane,amusement,joy,positive,95%,,2026-06-08,18:48:55,surprise,surprise,95%,,2026-06-08,18:49:06,amusement,joy,85%,,2026-06-08,18:49:18
6a26f2a6832c9a57883633a0,eequczr,At least they can make some good pizza,neutral,neutral,positive,85%,,2026-06-08,18:49:19,approval,joy,85%,,2026-06-08,18:49:30,joy,joy,85%,,2026-06-08,18:49:42
6a26f2a7832c9a57883633a1,edmw8px,I've never been there before so I can't confirm or deny but I would be really surprised if a casino only had limit holdem,surprise,surprise,neutral,70%,,2026-06-08,18:49:20,surprise,surprise,95%,,2026-06-08,18:49:32,curiosity,neutral,70%,,2026-06-08,18:49:43
6a26f2a8832c9a57883633a2,ed2a8al,"Pretty sure you don't know what ""hurt"" means",neutral,neutral,negative,80%,,2026-06-08,18:49:22,confusion,neutral,85%,,2026-06-08,18:49:33,anger,anger,85%,,2026-06-08,18:49:44
6a26f2aa832c9a57883633a3,ed9egjz,Go pursue that education. Let [NAME] wallow in her own sadness.,sadness,sadness,negative,85%,,2026-06-08,18:49:23,disapproval,anger,85%,,2026-06-08,18:49:35,disapproval,anger,85%,,2026-06-08,18:49:46
6a26f2ab832c9a57883633a4,eept8vo,Such a nice photo of city hall.,admiration,joy,positive,95%,,2026-06-08,18:49:25,admiration,joy,90%,,2026-06-08,18:49:36,joy,joy,95%,,2026-06-08,18:49:47
6a26f2ac832c9a57883633a5,ee750rr,That's the kind of problem a physical therapist is more qualified to handle. Good luck,approval,joy,neutral,80%,,2026-06-08,18:49:26,approval,joy,85%,,2026-06-08,18:49:38,approval,joy,70%,,2026-06-08,18:49:48
6a26f2ae832c9a57883633a6,eelyo7b,I was suffering a delirium flu during the phantom facemask game so itâs all sorts of suffering for me.,sadness,sadness,negative,95%,,2026-06-08,18:49:28,sadness,sadness,85%,,2026-06-08,18:49:39,sadness,sadness,85%,,2026-06-08,18:49:50
6a26f2af832c9a57883633a7,ed3gqkb,Thank you so much! I love Germany! I was in Berlin 2 years ago for research work.,gratitude,joy,positive,95%,,2026-06-08,18:49:29,joy,joy,95%,,2026-06-08,18:49:40,joy,joy,95%,,2026-06-08,18:49:51
6a26f2c7832c9a57883633a8,eee5l5d,I had no idea what the fuck this was about. Found the ad and watched it. It's actually decent.,admiration,joy,positive,85%,,2026-06-08,18:49:52,surprise,surprise,90%,,2026-06-08,18:50:03,surprise,surprise,85%,,2026-06-08,18:50:15
6a26f2c8832c9a57883633a9,ee5vq64,"I'm sorry OP, every single thing on that list is incredibly wrong. I hope you're doing well now. ",optimism,joy,negative,95%,,2026-06-08,18:49:54,disapproval,anger,90%,,2026-06-08,18:50:05,disapproval,anger,95%,,2026-06-08,18:50:16
6a26f2c9832c9a57883633aa,ed236o6,Iâm assuming youâre referring to the poor execution of the hanging? He only used half of the holes,curiosity,neutral,negative,85%,,2026-06-08,18:49:55,disapproval,anger,90%,,2026-06-08,18:50:06,disapproval,anger,95%,,2026-06-08,18:50:17
6a26f2cb832c9a57883633ab,eexqh0l,"I mean, your account is a day old, so I think youâll be okay.",caring,love,neutral,70%,,2026-06-08,18:49:57,amusement,joy,80%,,2026-06-08,18:50:08,neutral,neutral,95%,,2026-06-08,18:50:19
6a26f2cc832c9a57883633ac,ee1u940,"If ANYONE told me upfront they were a whatever game console guy/girl, Iâd reconsider dating them. Youâre too into video games. ",neutral,neutral,negative,95%,,2026-06-08,18:49:58,disapproval,anger,85%,,2026-06-08,18:50:09,disapproval,anger,85%,,2026-06-08,18:50:20
6a26f2ce832c9a57883633ad,ef8k4xe,Those are some fine looking pills.,neutral,neutral,positive,95%,,2026-06-08,18:49:59,approval,joy,85%,,2026-06-08,18:50:11,admiration,joy,85%,,2026-06-08,18:50:22
6a26f2cf832c9a57883633ae,ee7mauv,Would feel weird swiping right on a leftie,neutral,neutral,negative,70%,,2026-06-08,18:50:01,disapproval,anger,85%,,2026-06-08,18:50:12,disapproval,anger,85%,,2026-06-08,18:50:23
6a26f2d0832c9a57883633af,eda8l2f,She has at least 12 elbows and all of them are happy. You get it gurl,joy,joy,positive,85%,,2026-06-08,18:50:02,amusement,joy,95%,,2026-06-08,18:50:13,amusement,joy,95%,,2026-06-08,18:50:24
6a26f2e7832c9a57883633b0,ef7bmd9,"Me, too, please.",neutral,neutral,positive,85%,,2026-06-08,18:50:26,desire,neutral,80%,,2026-06-08,18:50:36,gratitude,joy,95%,,2026-06-08,18:50:47
6a26f2e9832c9a57883633b1,efdjog4,"Not surprised, damn that sucks. Concussions are awful.",disgust,disgust,negative,95%,,2026-06-08,18:50:27,sadness,sadness,85%,,2026-06-08,18:50:38,sadness,sadness,95%,,2026-06-08,18:50:49
6a26f2ea832c9a57883633b2,eeyi6ki,ur mom is in purgatory xd,neutral,neutral,negative,95%,,2026-06-08,18:50:28,amusement,joy,70%,,2026-06-08,18:50:39,disapproval,anger,85%,,2026-06-08,18:50:50
6a26f2eb832c9a57883633b3,ee30aqu,"Yes, it's normal. More like considering you options than desperation",approval,joy,neutral,80%,,2026-06-08,18:50:30,optimism,joy,70%,,2026-06-08,18:50:40,neutral,neutral,80%,,2026-06-08,18:50:51
6a26f2ed832c9a57883633b4,eedwy6v,"The bathroom on the first floor at my school had no soap dispenser, a destroyed toilet, and toilet paper so long it left the bathroom.",neutral,neutral,negative,95%,,2026-06-08,18:50:31,disgust,disgust,90%,,2026-06-08,18:50:42,disgust,disgust,95%,,2026-06-08,18:50:53
6a26f2ee832c9a57883633b5,edr4x9q,I wanted to see him show out over Kemba.,desire,neutral,neutral,70%,,2026-06-08,18:50:32,amusement,joy,70%,,2026-06-08,18:50:43,curiosity,neutral,70%,,2026-06-08,18:50:54
6a26f2ef832c9a57883633b6,eet37io,"Not all [NAME] supporters are tankies, but all tankies are [NAME] supporters",confusion,neutral,negative,85%,,2026-06-08,18:50:34,disapproval,anger,85%,,2026-06-08,18:50:45,disapproval,anger,85%,,2026-06-08,18:50:55
6a26f2f1832c9a57883633b7,edplovg,They look absolutely PERFECT together. I hope its that way in real life too. So happy for ya [NAME]!!!,joy,joy,positive,95%,,2026-06-08,18:50:35,joy,joy,95%,,2026-06-08,18:50:46,joy,joy,95%,,2026-06-08,18:50:57
6a26f30b832c9a57883633b8,efd1q5q,"It could be, but I hope it's abandoned. I haven't been too impressed with the flash forwards. ",disapproval,anger,negative,85%,,2026-06-08,18:50:58,disappointment,sadness,85%,,2026-06-08,18:51:12,disappointment,sadness,85%,,2026-06-08,18:51:23
6a26f30d832c9a57883633b9,ed9ttv8,It's bizarre that it's considered normal to intentionally brainwash people into murdering psychos.,disapproval,anger,negative,95%,,2026-06-08,18:50:59,disapproval,anger,95%,,2026-06-08,18:51:14,disapproval,anger,95%,,2026-06-08,18:51:25
6a26f30e832c9a57883633ba,eeopsp5,What do you think? If you look at my question above? Last thing I should do is to say sorry?,confusion,neutral,negative,70%,,2026-06-08,18:51:01,confusion,neutral,85%,,2026-06-08,18:51:15,annoyance,anger,85%,,2026-06-08,18:51:26
6a26f30f832c9a57883633bb,ee6hcjf,Bet flop. Good [NAME] what are you doing on the river.,curiosity,neutral,negative,85%,,2026-06-08,18:51:02,confusion,neutral,85%,,2026-06-08,18:51:16,confusion,neutral,85%,,2026-06-08,18:51:27
6a26f311832c9a57883633bc,edab1s1,"Mmm, no. I highly dislike this. 10/10 TIHI material.",neutral,neutral,negative,85%,,2026-06-08,18:51:03,disapproval,anger,95%,,2026-06-08,18:51:18,disapproval,anger,95%,,2026-06-08,18:51:29
6a26f318832c9a57883633bd,eetciyi,All the scumbags around everywhere. Sucks that it's so easy to use for a lot of other things.,neutral,neutral,negative,95%,,2026-06-08,18:51:05,anger,anger,95%,,2026-06-08,18:51:19,anger,anger,95%,,2026-06-08,18:51:36
6a26f319832c9a57883633be,eev05rd,Gamers know all too well how it feels to be oppressed by society.,approval,joy,negative,85%,,2026-06-08,18:51:06,disapproval,anger,85%,,2026-06-08,18:51:20,sadness,sadness,85%,,2026-06-08,18:51:37
6a26f31a832c9a57883633bf,eeue4hp,It's extremely common. Hell you probably have it yourself and just don't know.,approval,joy,negative,70%,,2026-06-08,18:51:11,disapproval,anger,70%,,2026-06-08,18:51:22,disappointment,sadness,70%,,2026-06-08,18:51:38
6a26f333832c9a57883633c0,eevikhl,"Youâve described some states in the South, like ",neutral,neutral,neutral,70%,,2026-06-08,18:51:40,curiosity,neutral,85%,,2026-06-08,18:51:51,neutral,neutral,90%,,2026-06-08,18:52:03
6a26f335832c9a57883633c1,eep5xry,"Lol, get em Corsi! ",amusement,joy,positive,85%,,2026-06-08,18:51:41,amusement,joy,90%,,2026-06-08,18:51:52,amusement,joy,95%,,2026-06-08,18:52:05
6a26f336832c9a57883633c2,edpbv2o,Sounds nice owo,admiration,joy,positive,85%,,2026-06-08,18:51:42,amusement,joy,70%,,2026-06-08,18:51:53,joy,joy,90%,,2026-06-08,18:52:06
6a26f337832c9a57883633c3,ee32gai,A jellyfish. He purposely stung himself with it.,neutral,neutral,negative,95%,,2026-06-08,18:51:44,confusion,neutral,90%,,2026-06-08,18:51:55,disgust,disgust,85%,,2026-06-08,18:52:07
6a26f339832c9a57883633c4,eeml7fj,"No he was given a bad team to work with unfortunately, and never got the final shot he deserved  (",sadness,sadness,negative,90%,,2026-06-08,18:51:45,sadness,sadness,85%,,2026-06-08,18:51:56,disappointment,sadness,90%,,2026-06-08,18:52:09
6a26f33a832c9a57883633c5,edr3vbs,Does nobody notice that this is a doctored photo..?? Like really bad clone stamp.. I mean it could be beautiful but this is not a real photo.,disapproval,anger,negative,95%,,2026-06-08,18:51:47,disapproval,anger,95%,,2026-06-08,18:51:57,disapproval,anger,95%,,2026-06-08,18:52:10
6a26f33b832c9a57883633c6,eecvj7n,The dad was in stitches..,neutral,neutral,positive,85%,,2026-06-08,18:51:48,joy,joy,85%,,2026-06-08,18:51:59,joy,joy,90%,,2026-06-08,18:52:11
6a26f33d832c9a57883633c7,ef1rmz9,I'm sorry but as someone who travels alone I would be pissed if I was told I can't drink at the bar by myself.,annoyance,anger,negative,95%,,2026-06-08,18:51:49,anger,anger,95%,,2026-06-08,18:52:00,anger,anger,95%,,2026-06-08,18:52:13
6a26f354832c9a57883633c8,ee3olc4,an interesting trade would be [NAME] and a 1st to the Mavs for [NAME]. and [NAME],neutral,neutral,neutral,70%,,2026-06-08,18:52:14,curiosity,neutral,85%,,2026-06-08,18:52:25,curiosity,neutral,70%,,2026-06-08,18:52:36
6a26f355832c9a57883633c9,edd4bsv,Doesn't seem like a big deal. I mean is she in the room?,curiosity,neutral,negative,85%,,2026-06-08,18:52:15,annoyance,anger,70%,,2026-06-08,18:52:26,annoyance,anger,85%,,2026-06-08,18:52:37
6a26f357832c9a57883633ca,edg2k36,Get him boys!,anger,anger,positive,85%,,2026-06-08,18:52:17,excitement,joy,85%,,2026-06-08,18:52:28,excitement,joy,85%,,2026-06-08,18:52:39
6a26f358832c9a57883633cb,edtjgrw,"Lol, thatâs funny. Iâll have to find our Aggieopoly and see how it compares.",amusement,joy,positive,95%,,2026-06-08,18:52:18,amusement,joy,90%,,2026-06-08,18:52:29,amusement,joy,95%,,2026-06-08,18:52:40
6a26f359832c9a57883633cc,ee3qwo1,"We were all duped? Iâve seen through her from day 1, even posted about how fake she is ",annoyance,anger,negative,95%,,2026-06-08,18:52:19,disapproval,anger,95%,,2026-06-08,18:52:31,disapproval,anger,95%,,2026-06-08,18:52:41
6a26f35b832c9a57883633cd,ede0z0m,"At least you get sunny on Netflix, they took it off in Canada  (",sadness,sadness,neutral,85%,,2026-06-08,18:52:21,disappointment,sadness,85%,,2026-06-08,18:52:32,relief,joy,70%,,2026-06-08,18:52:43
6a26f35c832c9a57883633ce,eepjmgp,[NAME] better be careful. He'll be next.,caring,love,negative,85%,,2026-06-08,18:52:22,fear,fear,80%,,2026-06-08,18:52:33,fear,fear,85%,,2026-06-08,18:52:44
6a26f35e832c9a57883633cf,edlvr0b,That's the first time I have seen OG pass up that kind of opportunity.,neutral,neutral,negative,85%,,2026-06-08,18:52:23,surprise,surprise,85%,,2026-06-08,18:52:35,disappointment,sadness,85%,,2026-06-08,18:52:46
6a26f375832c9a57883633d0,edp8efr,"To be a buzzkill, something can be both depressing and uplifting and despite being depressing it is most definitely uplifting. ",neutral,neutral,neutral,70%,,2026-06-08,18:52:47,confusion,neutral,85%,,2026-06-08,18:52:58,confusion,neutral,85%,,2026-06-08,18:53:09
6a26f376832c9a57883633d1,ed9f29u,"Mostly shit paying jobs with more openings + older people rejoining the workforce. Ofc they will spin it as ""good"" news...",neutral,neutral,negative,95%,,2026-06-08,18:52:48,disapproval,anger,95%,,2026-06-08,18:52:59,disappointment,sadness,95%,,2026-06-08,18:53:10
6a26f378832c9a57883633d2,eel5zg5,This shirt IS a problem. Get rid of it.,disappointment,sadness,negative,95%,,2026-06-08,18:52:50,disapproval,anger,90%,,2026-06-08,18:53:00,disapproval,anger,95%,,2026-06-08,18:53:11
6a26f379832c9a57883633d3,eev5l0o,my mom caught be masturbating to dominatrix porn (i was bored of vanilla shit) LOL But porn addiction is bad because it can stop you from approaching women etc,amusement,joy,negative,95%,,2026-06-08,18:52:51,embarrassment,sadness,85%,,2026-06-08,18:53:02,disapproval,anger,85%,,2026-06-08,18:53:13
6a26f37a832c9a57883633d4,eelizd5,I really like this photo.,love,love,positive,95%,,2026-06-08,18:52:52,joy,joy,95%,,2026-06-08,18:53:03,joy,joy,95%,,2026-06-08,18:53:14
6a26f37c832c9a57883633d5,eejlj7i,"Lmao the cop stops like *""Fuck, well I guess he won't be resisting on the way""*",amusement,joy,negative,85%,,2026-06-08,18:52:54,amusement,joy,95%,,2026-06-08,18:53:05,amusement,joy,85%,,2026-06-08,18:53:16
6a26f37d832c9a57883633d6,eev0fwj,"I said I'm full, sir. That means no desert either. No one likes a pushy waiter.",neutral,neutral,negative,85%,,2026-06-08,18:52:55,disapproval,anger,85%,,2026-06-08,18:53:06,disapproval,anger,85%,,2026-06-08,18:53:17
6a26f37f832c9a57883633d7,eddx7sj,"I live in the area, and I havenât noticed the smell anymore the last few times Iâve walked by there.",neutral,neutral,neutral,85%,,2026-06-08,18:52:56,relief,joy,85%,,2026-06-08,18:53:07,relief,joy,85%,,2026-06-08,18:53:19
6a26f396832c9a57883633d8,edj5hyd,"the young and the goal-less Thanks TSN, i hate it",gratitude,joy,negative,95%,,2026-06-08,18:53:20,anger,anger,90%,,2026-06-08,18:53:31,anger,anger,95%,,2026-06-08,18:53:42
6a26f397832c9a57883633d9,edoojue,Yes he is a hard worker for sure. Just wish he could get his shot back on track.,approval,joy,positive,85%,,2026-06-08,18:53:21,optimism,joy,85%,,2026-06-08,18:53:32,admiration,joy,85%,,2026-06-08,18:53:43
6a26f399832c9a57883633da,ee7n2kl,I am still a child,neutral,neutral,neutral,85%,,2026-06-08,18:53:23,sadness,sadness,70%,,2026-06-08,18:53:34,neutral,neutral,90%,,2026-06-08,18:53:45
6a26f39a832c9a57883633db,ee3onjt,Because all those delusional people be doing the same shit in their real life.,annoyance,anger,negative,95%,,2026-06-08,18:53:24,anger,anger,85%,,2026-06-08,18:53:35,disapproval,anger,95%,,2026-06-08,18:53:46
6a26f39c832c9a57883633dc,eem72hu,"Iâm sorry, you just sound like one of those people who takes overwatch super seriously and has no life",annoyance,anger,negative,95%,,2026-06-08,18:53:25,disapproval,anger,85%,,2026-06-08,18:53:36,disapproval,anger,85%,,2026-06-08,18:53:48
6a26f39d832c9a57883633dd,edj5gq8,I told my mum and an ambulance is coming now. Thanks everyone,gratitude,joy,positive,85%,,2026-06-08,18:53:27,relief,joy,95%,,2026-06-08,18:53:38,relief,joy,95%,,2026-06-08,18:53:49
6a26f39f832c9a57883633de,ee8hgll,"ick! That makes me feel gross. I have ""Addison's Disease"". ",disgust,disgust,negative,95%,,2026-06-08,18:53:28,disgust,disgust,95%,,2026-06-08,18:53:39,disgust,disgust,95%,,2026-06-08,18:53:51
6a26f3a0832c9a57883633df,eep1mbn,Thank you SO much! This is so genuine and so helpful. Thank you so much for your time and your thoughts.,admiration,joy,positive,95%,,2026-06-08,18:53:30,gratitude,joy,95%,,2026-06-08,18:53:40,gratitude,joy,95%,,2026-06-08,18:53:52
6a26f3b8832c9a57883633e0,ed3313o,Tis nothing but a scratch,disappointment,sadness,neutral,80%,,2026-06-08,18:53:53,amusement,joy,85%,,2026-06-08,18:54:04,neutral,neutral,70%,,2026-06-08,18:54:16
6a26f3b9832c9a57883633e1,edytkmy,"Here did you know that [NAME] slept with 35,000 women. Outrageous.",surprise,surprise,negative,95%,,2026-06-08,18:53:55,disapproval,anger,95%,,2026-06-08,18:54:05,disapproval,anger,95%,,2026-06-08,18:54:17
6a26f3ba832c9a57883633e2,edo6zfq,"I live in Suiderstrand, which is past Aghulas, no option for fibre here unfortunately  (",disappointment,sadness,negative,95%,,2026-06-08,18:53:56,disappointment,sadness,90%,,2026-06-08,18:54:07,disappointment,sadness,95%,,2026-06-08,18:54:18
6a26f3bc832c9a57883633e3,ed5k3rm,Hi [NAME]!,neutral,neutral,neutral,50%,,2026-06-08,18:53:57,neutral,neutral,90%,,2026-06-08,18:54:08,neutral,neutral,100%,,2026-06-08,18:54:20
6a26f3bd832c9a57883633e4,ee5hkwt,"Thats great! Just curious, what game? ",admiration,joy,positive,95%,,2026-06-08,18:53:58,amusement,joy,70%,,2026-06-08,18:54:10,joy,joy,90%,,2026-06-08,18:54:21
6a26f3be832c9a57883633e5,efggocs,"hey thank you! any time I can help someone, I'm more than happy to )",gratitude,joy,positive,95%,,2026-06-08,18:54:00,gratitude,joy,95%,,2026-06-08,18:54:11,gratitude,joy,95%,,2026-06-08,18:54:22
6a26f3c0832c9a57883633e6,eea9cv5,Taco Tuesdays after meatless Monday. I call it meatcycling,neutral,neutral,positive,95%,,2026-06-08,18:54:01,amusement,joy,95%,,2026-06-08,18:54:12,amusement,joy,95%,,2026-06-08,18:54:24
6a26f3c1832c9a57883633e7,edo1nrz,I don't think they consider geometric patters to be abstract art.,neutral,neutral,negative,70%,,2026-06-08,18:54:03,disapproval,anger,85%,,2026-06-08,18:54:14,disapproval,anger,85%,,2026-06-08,18:54:25
6a26f3db832c9a57883633e8,eekb15n,"Ah, thank you",gratitude,joy,positive,95%,,2026-06-08,18:54:26,gratitude,joy,95%,,2026-06-08,18:54:37,gratitude,joy,95%,,2026-06-08,18:54:51
6a26f3dc832c9a57883633e9,edkie6h,Season 2 just started and as a huge TNG fan I can definitely say the first season is the closest I've ever seen to another season of TNG,approval,joy,positive,95%,,2026-06-08,18:54:28,admiration,joy,95%,,2026-06-08,18:54:39,joy,joy,95%,,2026-06-08,18:54:52
6a26f3dd832c9a57883633ea,edlly8a,"its oxford, if you dont agree with oxford go live in a damn cave, because they is correct, and [NAME] I LOVE ENGLAND",neutral,neutral,positive,85%,,2026-06-08,18:54:29,anger,anger,95%,,2026-06-08,18:54:40,love,love,90%,,2026-06-08,18:54:53
6a26f3df832c9a57883633eb,ee0feie,Why are you trying to cheat NJ transit? NJ transit is in deep financial debt and you are trying to steal from them. Shame.,curiosity,neutral,negative,95%,,2026-06-08,18:54:31,anger,anger,95%,,2026-06-08,18:54:41,anger,anger,95%,,2026-06-08,18:54:55
6a26f3e0832c9a57883633ec,edleh97,The rest areas and truck stops are booming!,annoyance,anger,positive,95%,,2026-06-08,18:54:32,excitement,joy,85%,,2026-06-08,18:54:43,joy,joy,95%,,2026-06-08,18:54:56
6a26f3e1832c9a57883633ed,eeywzad,Idk for fun?,confusion,neutral,neutral,70%,,2026-06-08,18:54:33,neutral,neutral,80%,,2026-06-08,18:54:44,confusion,neutral,70%,,2026-06-08,18:54:57
6a26f3e3832c9a57883633ee,ef7odlj,It makes us more determined to tank for Zion,approval,joy,positive,85%,,2026-06-08,18:54:35,determination,neutral,90%,,2026-06-08,18:54:48,determination,neutral,90%,,2026-06-08,18:54:59
6a26f3e4832c9a57883633ef,ee1mxhu," I'm scared to even ask my mom ,I might get yelled at ð",fear,fear,negative,95%,,2026-06-08,18:54:36,fear,fear,90%,,2026-06-08,18:54:49,fear,fear,95%,,2026-06-08,18:55:00
6a26f3fb832c9a57883633f0,edo1hi2,If [NAME] has similar role to end year then no way am I taking those over him ...especially Sony,neutral,neutral,negative,95%,,2026-06-08,18:55:01,disapproval,anger,95%,,2026-06-08,18:55:12,disapproval,anger,95%,,2026-06-08,18:55:23
6a26f3fd832c9a57883633f1,ede596k,"I love it! A smile from a stranger has really turned my day around, so I always hope I can possibly do the same! ",desire,neutral,positive,95%,,2026-06-08,18:55:03,joy,joy,95%,,2026-06-08,18:55:14,joy,joy,95%,,2026-06-08,18:55:25
6a26f3fe832c9a57883633f2,eeijnmi,"I'm in Australia, so idk if there's really anything I can do.",neutral,neutral,neutral,80%,,2026-06-08,18:55:04,confusion,neutral,85%,,2026-06-08,18:55:15,neutral,neutral,90%,,2026-06-08,18:55:26
6a26f3ff832c9a57883633f3,eeo70nr,"Ah, victory ",joy,joy,positive,95%,,2026-06-08,18:55:05,joy,joy,90%,,2026-06-08,18:55:16,joy,joy,90%,,2026-06-08,18:55:27
6a26f401832c9a57883633f4,edlxsxt,r/hockey has no love for us! Just stay here with all us cool people!,neutral,neutral,negative,95%,,2026-06-08,18:55:07,disapproval,anger,85%,,2026-06-08,18:55:18,disappointment,sadness,85%,,2026-06-08,18:55:29
6a26f402832c9a57883633f5,edp5w86,They don't seem to care much. Al qaida or ahrar al sham makes little difference anyway.,disapproval,anger,negative,95%,,2026-06-08,18:55:08,disapproval,anger,85%,,2026-06-08,18:55:19,disappointment,sadness,85%,,2026-06-08,18:55:30
6a26f403832c9a57883633f6,eexbxzu,the number 9 recruit from the 2019 class at USC has already entered the transfer portal lol it's only been like 3 weeks man give it a chance,amusement,joy,negative,85%,,2026-06-08,18:55:09,amusement,joy,95%,,2026-06-08,18:55:20,disappointment,sadness,85%,,2026-06-08,18:55:31
6a26f405832c9a57883633f7,eexdffo,nah me good,neutral,neutral,neutral,70%,,2026-06-08,18:55:11,neutral,neutral,80%,,2026-06-08,18:55:22,neutral,neutral,90%,,2026-06-08,18:55:33
6a26f41d832c9a57883633f8,efgq66d,I have his signature on my jersey. Lined up at Canadian Tire for it when I was younger. Happy retirement!,joy,joy,positive,95%,,2026-06-08,18:55:34,joy,joy,95%,,2026-06-08,18:55:47,joy,joy,95%,,2026-06-08,18:55:57
6a26f41f832c9a57883633f9,ee953rp,Every day it gets harder to tell the difference between a legit mental health issue and someone just using it as an excuse to be an arsehole.,annoyance,anger,negative,85%,,2026-06-08,18:55:36,anger,anger,85%,,2026-06-08,18:55:48,disapproval,anger,85%,,2026-06-08,18:55:59
6a26f420832c9a57883633fa,eedummw,I am just like this! Glad to know Iâm not imagining it.,pride,joy,positive,95%,,2026-06-08,18:55:37,relief,joy,85%,,2026-06-08,18:55:49,joy,joy,95%,,2026-06-08,18:56:00
6a26f422832c9a57883633fb,ed7imiv,I do not understand why everything in this script must inevitably explode.,neutral,neutral,negative,95%,,2026-06-08,18:55:38,confusion,neutral,85%,,2026-06-08,18:55:51,confusion,neutral,95%,,2026-06-08,18:56:02
6a26f423832c9a57883633fc,edtet5d,The logic is so the government can oppress you.,neutral,neutral,negative,85%,,2026-06-08,18:55:40,anger,anger,90%,,2026-06-08,18:55:52,anger,anger,95%,,2026-06-08,18:56:03
6a26f425832c9a57883633fd,ed88eg2,Oh yeah! He was great for us. 0.69 ERA in 24 G with 10.7 K/9. I forgot about him.,admiration,joy,positive,95%,,2026-06-08,18:55:41,admiration,joy,95%,,2026-06-08,18:55:53,joy,joy,95%,,2026-06-08,18:56:05
6a26f426832c9a57883633fe,eczkx6m,I hope for the camera-man's sake that gun is empty,optimism,joy,negative,85%,,2026-06-08,18:55:42,fear,fear,85%,,2026-06-08,18:55:55,fear,fear,85%,,2026-06-08,18:56:06
6a26f428832c9a57883633ff,edyl8o7,"""[NAME], meet [NAME]"" love that show",love,love,positive,85%,,2026-06-08,18:55:45,love,love,90%,,2026-06-08,18:55:56,love,love,95%,,2026-06-08,18:56:08
6a26f43f832c9a5788363400,ed4djas,Please never don't not reproduce.,annoyance,anger,negative,95%,,2026-06-08,18:56:09,confusion,neutral,95%,,2026-06-08,18:56:20,disapproval,anger,90%,,2026-06-08,18:56:31
6a26f440832c9a5788363401,efe8p3y,"Source each of these and trend lines from previous years please. No, listing a few agencies and telling people to Google 8t isn't a source. ",disapproval,anger,negative,95%,,2026-06-08,18:56:10,annoyance,anger,85%,,2026-06-08,18:56:21,annoyance,anger,85%,,2026-06-08,18:56:32
6a26f442832c9a5788363402,edv85qt,Holy shit this golden comment flew under the radar. I laughed so hard,amusement,joy,positive,95%,,2026-06-08,18:56:12,amusement,joy,95%,,2026-06-08,18:56:23,amusement,joy,95%,,2026-06-08,18:56:34
6a26f443832c9a5788363403,ee39wt9,Saying babcuck should be fired = woke gimme updoots,neutral,neutral,negative,85%,,2026-06-08,18:56:13,anger,anger,85%,,2026-06-08,18:56:24,anger,anger,95%,,2026-06-08,18:56:35
6a26f445832c9a5788363404,edqs7q6,[NAME] rescued me as well. I also had a couple weeks of [NAME] saving my ass.,neutral,neutral,positive,95%,,2026-06-08,18:56:15,gratitude,joy,90%,,2026-06-08,18:56:26,gratitude,joy,95%,,2026-06-08,18:56:37
6a26f446832c9a5788363405,edwmisj,"Also, the Detroit Police Underwater Recovery Team is a thing that I want to learn more about...",neutral,neutral,neutral,85%,,2026-06-08,18:56:16,curiosity,neutral,90%,,2026-06-08,18:56:27,curiosity,neutral,85%,,2026-06-08,18:56:38
6a26f447832c9a5788363406,ee0lxip,Itâs like you didnât even read the comment youâre responding to.,realization,surprise,negative,85%,,2026-06-08,18:56:17,annoyance,anger,85%,,2026-06-08,18:56:28,disapproval,anger,95%,,2026-06-08,18:56:39
6a26f449832c9a5788363407,ed3r2cb,"They hated him, because he told them the truth",sadness,sadness,negative,95%,,2026-06-08,18:56:19,anger,anger,90%,,2026-06-08,18:56:30,anger,anger,85%,,2026-06-08,18:56:41
6a26f460832c9a5788363408,ef9l4de,"I hope she lives to be 200, just to piss them off.",optimism,joy,negative,85%,,2026-06-08,18:56:42,anger,anger,90%,,2026-06-08,18:56:53,anger,anger,85%,,2026-06-08,18:57:04
6a26f461832c9a5788363409,eedwlca,Eventually sure. But the question really lacked the maybe later option lol,amusement,joy,neutral,70%,,2026-06-08,18:56:43,disappointment,sadness,80%,,2026-06-08,18:56:55,amusement,joy,70%,,2026-06-08,18:57:05
6a26f463832c9a578836340a,eengkwe,"Okay fine. Still though. Make some joke ""maybe we should cuddle for warmth"" and see how she responds. ",neutral,neutral,neutral,70%,,2026-06-08,18:56:45,amusement,joy,70%,,2026-06-08,18:56:56,amusement,joy,70%,,2026-06-08,18:57:07
6a26f464832c9a578836340b,ee6aqrl,That would never pass since every side would get what they want. There has to be a loser in his eyes,neutral,neutral,negative,85%,,2026-06-08,18:56:46,disapproval,anger,90%,,2026-06-08,18:56:57,disappointment,sadness,85%,,2026-06-08,18:57:08
6a26f465832c9a578836340c,ee0kufh,I focus on the pain,neutral,neutral,negative,95%,,2026-06-08,18:56:48,sadness,sadness,90%,,2026-06-08,18:56:59,sadness,sadness,90%,,2026-06-08,18:57:09
6a26f467832c9a578836340d,ed1zfq9,Imagine what could've happened if you saw the longer director's cut!,curiosity,neutral,positive,85%,,2026-06-08,18:56:49,curiosity,neutral,85%,,2026-06-08,18:57:00,curiosity,neutral,85%,,2026-06-08,18:57:11
6a26f468832c9a578836340e,eehxqlx,This game looks way too fast for the Oilers rn,neutral,neutral,negative,85%,,2026-06-08,18:56:50,disapproval,anger,85%,,2026-06-08,18:57:01,disappointment,sadness,85%,,2026-06-08,18:57:12
6a26f46a832c9a578836340f,edl2ux9,I am more than pleasantly surprised I clicked this link,surprise,surprise,positive,95%,,2026-06-08,18:56:52,surprise,surprise,90%,,2026-06-08,18:57:03,surprise,surprise,95%,,2026-06-08,18:57:14
6a26f482832c9a5788363410,ee3ns48,Iâve seen 62 to 8 in 12 hours up north. Weather is crazy stuff.,annoyance,anger,negative,85%,,2026-06-08,18:57:15,surprise,surprise,90%,,2026-06-08,18:57:27,disappointment,sadness,85%,,2026-06-08,18:57:38
6a26f484832c9a5788363411,edxdl9p,I have dayz but havenât played in years. Last I heard itâs still a broken mess lol.,amusement,joy,negative,85%,,2026-06-08,18:57:16,nostalgia,neutral,85%,,2026-06-08,18:57:28,disappointment,sadness,85%,,2026-06-08,18:57:40
6a26f485832c9a5788363412,ed696nt,"""[NAME]"" Still love [NAME], and while the actual [NAME] was cool at first, she's gotten pretty ""meh"" to me.",neutral,neutral,neutral,85%,,2026-06-08,18:57:18,disappointment,sadness,85%,,2026-06-08,18:57:30,disappointment,sadness,75%,,2026-06-08,18:57:41
6a26f486832c9a5788363413,ef0u5x7,It's kinda funny when it's told to you,amusement,joy,positive,75%,,2026-06-08,18:57:20,amusement,joy,85%,,2026-06-08,18:57:31,amusement,joy,85%,,2026-06-08,18:57:42
6a26f488832c9a5788363414,eeuc5ih,But even then it would need something else to live,disapproval,anger,negative,70%,,2026-06-08,18:57:21,sadness,sadness,85%,,2026-06-08,18:57:32,sadness,sadness,85%,,2026-06-08,18:57:44
6a26f489832c9a5788363415,eduu3e4,I like it!,admiration,joy,positive,95%,,2026-06-08,18:57:22,joy,joy,90%,,2026-06-08,18:57:34,joy,joy,95%,,2026-06-08,18:57:45
6a26f48b832c9a5788363416,eezk04i,"Thank you, needed to hear this today! ",gratitude,joy,positive,95%,,2026-06-08,18:57:24,gratitude,joy,95%,,2026-06-08,18:57:35,gratitude,joy,95%,,2026-06-08,18:57:47
6a26f48c832c9a5788363417,ed8v809,"They aren't horrible in the least bit. Just learn from your mistake, remember, and move on. That's all you can do.",approval,joy,neutral,85%,,2026-06-08,18:57:26,disapproval,anger,80%,,2026-06-08,18:57:36,disapproval,anger,70%,,2026-06-08,18:57:48
6a26f4a3832c9a5788363418,ee1alyx,"MEEEEEEEEE. Most people don't get my humour, but every now and then somebody does and we non-stop laugh together. ",amusement,joy,positive,95%,,2026-06-08,18:57:49,joy,joy,90%,,2026-06-08,18:58:00,joy,joy,95%,,2026-06-08,18:58:11
6a26f4a5832c9a5788363419,eei0x44,I read fuck and not tuck. Was wondering how the hell it wasn't creepy....,surprise,surprise,negative,95%,,2026-06-08,18:57:51,confusion,neutral,85%,,2026-06-08,18:58:02,confusion,neutral,85%,,2026-06-08,18:58:13
6a26f4a6832c9a578836341a,edsa8ak,wake me up,neutral,neutral,neutral,70%,,2026-06-08,18:57:52,desire,neutral,80%,,2026-06-08,18:58:03,neutral,neutral,90%,,2026-06-08,18:58:14
6a26f4a7832c9a578836341b,ed5b1vl,Now THAT is a murder by words!,annoyance,anger,negative,95%,,2026-06-08,18:57:53,disapproval,anger,85%,,2026-06-08,18:58:04,anger,anger,85%,,2026-06-08,18:58:15
6a26f4a9832c9a578836341c,eezaqd5,"> When did I ever mention native genocide? How do you think the land was ""stolen""? The residents were killed.",approval,joy,negative,95%,,2026-06-08,18:57:55,anger,anger,85%,,2026-06-08,18:58:06,anger,anger,85%,,2026-06-08,18:58:17
6a26f4aa832c9a578836341d,ee9rmjv,Seeing that knife on this subreddit put the fear of [NAME] in me,fear,fear,negative,95%,,2026-06-08,18:57:56,fear,fear,90%,,2026-06-08,18:58:07,fear,fear,95%,,2026-06-08,18:58:18
6a26f4ac832c9a578836341e,ed8gylo,The important thing to remember is 0 is also a number!,neutral,neutral,neutral,95%,,2026-06-08,18:57:57,neutral,neutral,70%,,2026-06-08,18:58:09,realization,surprise,85%,,2026-06-08,18:58:20
6a26f4ad832c9a578836341f,eegytw8,Sorry he was a United director when he bought it.,neutral,neutral,negative,90%,,2026-06-08,18:57:59,disapproval,anger,85%,,2026-06-08,18:58:10,disappointment,sadness,85%,,2026-06-08,18:58:21
6a26f4c5832c9a5788363420,eey74ks,*Get up and Drive your funky soul by [NAME] starts playing,neutral,neutral,positive,85%,,2026-06-08,18:58:22,excitement,joy,85%,,2026-06-08,18:58:34,joy,joy,95%,,2026-06-08,18:58:45
6a26f4c7832c9a5788363421,ed7t3f0,Man my siblings would never just kill me like that,neutral,neutral,negative,75%,,2026-06-08,18:58:24,anger,anger,85%,,2026-06-08,18:58:36,disappointment,sadness,85%,,2026-06-08,18:58:47
6a26f4c8832c9a5788363422,ef73lkd,"You tell me, was this a short trip or not? I was wrong, it was 4.3 ",annoyance,anger,negative,85%,,2026-06-08,18:58:26,disappointment,sadness,85%,,2026-06-08,18:58:37,disappointment,sadness,85%,,2026-06-08,18:58:48
6a26f4ca832c9a5788363423,edigpce,you might be more of an optimist than me. hopefully you're right,admiration,joy,positive,75%,,2026-06-08,18:58:28,optimism,joy,85%,,2026-06-08,18:58:38,optimism,joy,85%,,2026-06-08,18:58:50
6a26f4cb832c9a5788363424,ee8u5gg,Good news  this is shark tale not finding Nemo,admiration,joy,positive,80%,,2026-06-08,18:58:29,amusement,joy,80%,,2026-06-08,18:58:40,joy,joy,95%,,2026-06-08,18:58:51
6a26f4cd832c9a5788363425,eenxnzn,The only reason people are there is because they dont know [NAME] is fired lmao.,amusement,joy,negative,85%,,2026-06-08,18:58:30,amusement,joy,85%,,2026-06-08,18:58:41,amusement,joy,85%,,2026-06-08,18:58:53
6a26f4ce832c9a5788363426,edy9n76,Thats insane. Someone died like 2 years ago after a bolt got kicked up by a truck and went through his windshield and hit him on 146 in LaPorte,grief,sadness,negative,95%,,2026-06-08,18:58:32,sadness,sadness,85%,,2026-06-08,18:58:42,sadness,sadness,95%,,2026-06-08,18:58:54
6a26f4cf832c9a5788363427,edo1myu,Are you still sitting in the car right now?,curiosity,neutral,neutral,95%,,2026-06-08,18:58:33,curiosity,neutral,85%,,2026-06-08,18:58:44,curiosity,neutral,70%,,2026-06-08,18:58:55
6a26f4e6832c9a5788363428,ee6mtd9,He probably banked on the inherent secrecy of the community and ignorance (on Belgian law) of his victims.,annoyance,anger,negative,85%,,2026-06-08,18:58:57,disapproval,anger,95%,,2026-06-08,18:59:07,disapproval,anger,95%,,2026-06-08,18:59:18
6a26f4e8832c9a5788363429,eehcczo,"[NAME] has to lose it a some point, just hope it's not tonight.",optimism,joy,negative,85%,,2026-06-08,18:58:58,fear,fear,70%,,2026-06-08,18:59:09,fear,fear,85%,,2026-06-08,18:59:20
6a26f4e9832c9a578836342a,ed2p51j,"I feel awful posting it, but I couldnât not share  |",disgust,disgust,negative,85%,,2026-06-08,18:58:59,remorse,sadness,85%,,2026-06-08,18:59:10,disappointment,sadness,85%,,2026-06-08,18:59:21
6a26f4ea832c9a578836342b,efgoqrh,"See also  ""Useless College Degrees From Prestigious and Ridiculously Overpriced Universities""",neutral,neutral,negative,95%,,2026-06-08,18:59:01,disapproval,anger,85%,,2026-06-08,18:59:12,disapproval,anger,95%,,2026-06-08,18:59:22
6a26f4ec832c9a578836342c,efh2659,The sin was refusing to impregnate his brother's widow when [NAME] directly told him to. It's not just about wasting semen.,disapproval,anger,negative,85%,,2026-06-08,18:59:02,disapproval,anger,95%,,2026-06-08,18:59:13,disapproval,anger,95%,,2026-06-08,18:59:24
6a26f4ed832c9a578836342d,eerce9d,"âWow. Just .. wow. Read a book, sweatie!â",surprise,surprise,negative,95%,,2026-06-08,18:59:03,annoyance,anger,85%,,2026-06-08,18:59:14,disapproval,anger,95%,,2026-06-08,18:59:25
6a26f4ee832c9a578836342e,ef6xfd3,Cheers to you on your cake day.,excitement,joy,positive,95%,,2026-06-08,18:59:05,gratitude,joy,90%,,2026-06-08,18:59:16,joy,joy,95%,,2026-06-08,18:59:26
6a26f4f0832c9a578836342f,eeifm3j,Ahh gotcha - thanks  ),gratitude,joy,positive,95%,,2026-06-08,18:59:06,gratitude,joy,95%,,2026-06-08,18:59:17,gratitude,joy,95%,,2026-06-08,18:59:28
6a26f507832c9a5788363430,eef54a4,He will rest easy knowing how happy he made all of us,joy,joy,positive,95%,,2026-06-08,18:59:29,joy,joy,90%,,2026-06-08,18:59:40,joy,joy,95%,,2026-06-08,18:59:51
6a26f509832c9a5788363431,efafrcv,"You can request a hand count at bottle drop, I think",neutral,neutral,neutral,70%,,2026-06-08,18:59:30,neutral,neutral,80%,,2026-06-08,18:59:41,neutral,neutral,90%,,2026-06-08,18:59:53
6a26f50a832c9a5788363432,ee8brtj,It's been cross posted.,neutral,neutral,neutral,90%,,2026-06-08,18:59:32,surprise,surprise,85%,,2026-06-08,18:59:42,neutral,neutral,100%,,2026-06-08,18:59:54
6a26f50b832c9a5788363433,ed3y67j,"He was hooking you up, hoping you both could hook up ",neutral,neutral,neutral,70%,,2026-06-08,18:59:33,desire,neutral,85%,,2026-06-08,18:59:44,amusement,joy,70%,,2026-06-08,18:59:55
6a26f50d832c9a5788363434,edgfizd,Their orange chicken is the absolute fucking bomb. I love having it on top of a nice bed of rice and veggies  D,love,love,positive,95%,,2026-06-08,18:59:34,joy,joy,95%,,2026-06-08,18:59:45,joy,joy,95%,,2026-06-08,18:59:57
6a26f50e832c9a5788363435,edhg2vn,"Klokslag 12 I find really enjoyable, horror movie podcast, Im not a horror fan but I find these dudes very entertaining",admiration,joy,positive,95%,,2026-06-08,18:59:36,amusement,joy,95%,,2026-06-08,18:59:46,joy,joy,95%,,2026-06-08,18:59:58
6a26f50f832c9a5788363436,eeyb5zb,They basically worship this.,neutral,neutral,positive,85%,,2026-06-08,18:59:37,admiration,joy,85%,,2026-06-08,18:59:49,admiration,joy,85%,,2026-06-08,18:59:59
6a26f511832c9a5788363437,ed6n5gf,Damn thats so cheap,annoyance,anger,negative,85%,,2026-06-08,18:59:38,annoyance,anger,80%,,2026-06-08,18:59:50,anger,anger,85%,,2026-06-08,19:00:01
6a26f528832c9a5788363438,ed24bw7,"I am afraid to look, but my morbid curiosity draws me to ask.",fear,fear,negative,95%,,2026-06-08,19:00:02,fear,fear,85%,,2026-06-08,19:00:13,fear,fear,85%,,2026-06-08,19:00:24
6a26f52a832c9a5788363439,eew5okn,Good for [NAME]. He deserves it.,admiration,joy,positive,95%,,2026-06-08,19:00:04,approval,joy,90%,,2026-06-08,19:00:15,joy,joy,95%,,2026-06-08,19:00:26
6a26f52c832c9a578836343a,edbdkc0,"Frankly, partisan politics aside, I would REALLY like to know where this fever dream of historical came from. It's mind boggling.",curiosity,neutral,negative,95%,,2026-06-08,19:00:05,curiosity,neutral,95%,,2026-06-08,19:00:16,confusion,neutral,85%,,2026-06-08,19:00:28
6a26f52d832c9a578836343b,ef0qz4l,OMG if the [NAME] and [NAME] run... I'll have the worst of time deciding who to vote for!,confusion,neutral,negative,85%,,2026-06-08,19:00:06,excitement,joy,85%,,2026-06-08,19:00:17,annoyance,anger,85%,,2026-06-08,19:00:29
6a26f52e832c9a578836343c,ee2poir,This was potentially the most dangerous stunt I have ever seen someone do. One minor mistake and you die.,fear,fear,negative,95%,,2026-06-08,19:00:08,fear,fear,95%,,2026-06-08,19:00:19,fear,fear,95%,,2026-06-08,19:00:30
6a26f530832c9a578836343d,edqhnml,"whats the [NAME] story ? sorry, not up to date on the bloke",curiosity,neutral,neutral,80%,,2026-06-08,19:00:09,confusion,neutral,90%,,2026-06-08,19:00:20,confusion,neutral,85%,,2026-06-08,19:00:32
6a26f531832c9a578836343e,ede96bz,The actress died before season 1 aired so thatâs literally impossible since [NAME] didnât betray until season 2,neutral,neutral,negative,85%,,2026-06-08,19:00:10,disappointment,sadness,85%,,2026-06-08,19:00:21,disappointment,sadness,85%,,2026-06-08,19:00:33
6a26f532832c9a578836343f,ed28t35,[NAME] already had that in their comment and I didn't deny it. I guess that level of attention to detail isn't taught at Bellevue Community College.,annoyance,anger,negative,85%,,2026-06-08,19:00:12,disapproval,anger,85%,,2026-06-08,19:00:23,disapproval,anger,85%,,2026-06-08,19:00:34
6a26f54a832c9a5788363440,ed9uejc,Omg so glad Iâm not alone,joy,joy,positive,95%,,2026-06-08,19:00:36,joy,joy,95%,,2026-06-08,19:00:47,joy,joy,95%,,2026-06-08,19:00:58
6a26f54c832c9a5788363441,edf3r0o,Yeah no haha. Out of my price range tbh,amusement,joy,negative,95%,,2026-06-08,19:00:38,disappointment,sadness,85%,,2026-06-08,19:00:49,disappointment,sadness,85%,,2026-06-08,19:01:00
6a26f54d832c9a5788363442,ed4dhg8,wow! thats... a lot of water my dude was your bladder ok,surprise,surprise,positive,75%,,2026-06-08,19:00:39,amusement,joy,95%,,2026-06-08,19:00:50,amusement,joy,85%,,2026-06-08,19:01:01
6a26f54e832c9a5788363443,ed4dcht,"Wizards really embracing the tank, having [NAME] playing the 5 against [NAME]",neutral,neutral,negative,80%,,2026-06-08,19:00:40,amusement,joy,85%,,2026-06-08,19:00:51,amusement,joy,85%,,2026-06-08,19:01:02
6a26f552832c9a5788363444,ed8vjg3,"Congrats, still waiting on getting called for an interview for another internal position. Applying around Christmas HR is so fucking slow.",gratitude,joy,negative,95%,,2026-06-08,19:00:42,anger,anger,85%,,2026-06-08,19:00:53,disappointment,sadness,95%,,2026-06-08,19:01:06
6a26f553832c9a5788363445,eed7a7e,And Iâll be there!!!,neutral,neutral,positive,95%,,2026-06-08,19:00:43,excitement,joy,90%,,2026-06-08,19:00:54,excitement,joy,95%,,2026-06-08,19:01:07
6a26f554832c9a5788363446,edc37yv,She's ugly so that might add some more months.,annoyance,anger,negative,85%,,2026-06-08,19:00:45,disapproval,anger,90%,,2026-06-08,19:00:55,disapproval,anger,90%,,2026-06-08,19:01:08
6a26f556832c9a5788363447,ee82soi,Wholesome and hilarious! Good job OP.,admiration,joy,positive,95%,,2026-06-08,19:00:46,joy,joy,95%,,2026-06-08,19:00:57,joy,joy,95%,,2026-06-08,19:01:10
6a26f56e832c9a5788363448,eejr2sg,That was brilliant ð,admiration,joy,positive,95%,,2026-06-08,19:01:11,amusement,joy,90%,,2026-06-08,19:01:23,joy,joy,95%,,2026-06-08,19:01:34
6a26f570832c9a5788363449,ef8b6de,[NAME] WHO IS [NAME]!!!!!,neutral,neutral,neutral,70%,,2026-06-08,19:01:13,excitement,joy,85%,,2026-06-08,19:01:25,excitement,joy,85%,,2026-06-08,19:01:36
6a26f571832c9a578836344a,edip3sg,We didn't win in Alvalade even when they got 7th place. We just have some sort of block there,disappointment,sadness,negative,85%,,2026-06-08,19:01:15,disappointment,sadness,85%,,2026-06-08,19:01:26,disappointment,sadness,90%,,2026-06-08,19:01:37
6a26f573832c9a578836344b,ee7w2ox,Sad. My condolences to her family.,grief,sadness,negative,95%,,2026-06-08,19:01:16,sadness,sadness,90%,,2026-06-08,19:01:27,sadness,sadness,95%,,2026-06-08,19:01:39
6a26f574832c9a578836344c,eemdsqk,I'm so excited for this game!! ð,excitement,joy,positive,95%,,2026-06-08,19:01:18,excitement,joy,95%,,2026-06-08,19:01:29,excitement,joy,95%,,2026-06-08,19:01:40
6a26f575832c9a578836344d,eeoo99h,Focus on yourself by focusing on your prayers and reminding [NAME],caring,love,neutral,70%,,2026-06-08,19:01:19,caring,love,85%,,2026-06-08,19:01:30,neutral,neutral,90%,,2026-06-08,19:01:41
6a26f577832c9a578836344e,ed1idyk,"So true, sometimes whatâs obvious passes over our heads. Good post.",approval,joy,positive,95%,,2026-06-08,19:01:20,approval,joy,90%,,2026-06-08,19:01:32,approval,joy,95%,,2026-06-08,19:01:43
6a26f578832c9a578836344f,eda2f31,"She threw it in the trash? Pig! Wash it down the sink, even if it's a pancake.",neutral,neutral,negative,95%,,2026-06-08,19:01:22,disgust,disgust,95%,,2026-06-08,19:01:33,disgust,disgust,85%,,2026-06-08,19:01:44
6a26f591832c9a5788363450,eeeljlu,It's embarrassing!,embarrassment,sadness,negative,95%,,2026-06-08,19:01:45,embarrassment,sadness,90%,,2026-06-08,19:01:57,embarrassment,sadness,95%,,2026-06-08,19:02:09
6a26f593832c9a5788363451,ed98jog,Found his burner,neutral,neutral,neutral,70%,,2026-06-08,19:01:47,curiosity,neutral,80%,,2026-06-08,19:01:58,curiosity,neutral,70%,,2026-06-08,19:02:11
6a26f594832c9a5788363452,ef8c4nj,"Another reason to instantly kill people who constantly use the word ""awesome"" for everything. This is just brainless mediocrity at its best.",annoyance,anger,negative,95%,,2026-06-08,19:01:48,disapproval,anger,95%,,2026-06-08,19:02:01,disapproval,anger,95%,,2026-06-08,19:02:12
6a26f596832c9a5788363453,edqbp7m,"Yup. You see more hands, have to learn more to be competitive.. etc",caring,love,neutral,85%,,2026-06-08,19:01:50,disappointment,sadness,70%,,2026-06-08,19:02:02,neutral,neutral,70%,,2026-06-08,19:02:14
6a26f597832c9a5788363454,edn3p5j,"In your logic, billions of people being less poor is somehow a bad thing.",neutral,neutral,negative,95%,,2026-06-08,19:01:51,disapproval,anger,95%,,2026-06-08,19:02:04,disapproval,anger,95%,,2026-06-08,19:02:15
6a26f599832c9a5788363455,edcvs53,Yeah but even then I feel like they couldâve went about it better,approval,joy,negative,85%,,2026-06-08,19:01:53,disappointment,sadness,85%,,2026-06-08,19:02:05,disappointment,sadness,85%,,2026-06-08,19:02:17
6a26f59a832c9a5788363456,edfad2k,"Lol, ..probably not. But then again, i never wanted to know what blue waffles were and somehow i do. ",amusement,joy,neutral,70%,,2026-06-08,19:01:54,confusion,neutral,85%,,2026-06-08,19:02:07,confusion,neutral,85%,,2026-06-08,19:02:18
6a26f59b832c9a5788363457,edsa7r2,"I wasn't meaning it as an insult or anything, sorry if it came off that way. ",remorse,sadness,neutral,85%,,2026-06-08,19:01:55,remorse,sadness,85%,,2026-06-08,19:02:08,remorse,sadness,85%,,2026-06-08,19:02:19
6a26f5b3832c9a5788363458,eei7ati,"**GOD DAMN YOU, FIGHT BACK!!**",admiration,joy,negative,95%,,2026-06-08,19:02:21,anger,anger,95%,,2026-06-08,19:02:32,anger,anger,95%,,2026-06-08,19:02:43
6a26f5b5832c9a5788363459,eczsn48,[NAME] looked terrible that game. I was really hoping to be wrong but he came just as advertised by Hawks fans,fear,fear,negative,95%,,2026-06-08,19:02:22,disappointment,sadness,90%,,2026-06-08,19:02:33,disappointment,sadness,95%,,2026-06-08,19:02:45
6a26f5b6832c9a578836345a,edbo037,Stop arguing with people.,disapproval,anger,negative,95%,,2026-06-08,19:02:24,disapproval,anger,85%,,2026-06-08,19:02:35,annoyance,anger,85%,,2026-06-08,19:02:46
6a26f5b7832c9a578836345b,ee5ilx8,"trust me, he's not.",neutral,neutral,negative,80%,,2026-06-08,19:02:25,disapproval,anger,85%,,2026-06-08,19:02:36,disapproval,anger,85%,,2026-06-08,19:02:47
6a26f5b9832c9a578836345c,ed6q139,This stresses me out way too much.,sadness,sadness,negative,95%,,2026-06-08,19:02:27,stress,neutral,90%,,2026-06-08,19:02:38,stress,neutral,95%,,2026-06-08,19:02:49
6a26f5ba832c9a578836345d,eedam2p,Come with me And you'll be In a world of pure ~~imagination~~ vindication,neutral,neutral,neutral,70%,,2026-06-08,19:02:28,amusement,joy,85%,,2026-06-08,19:02:39,amusement,joy,70%,,2026-06-08,19:02:50
6a26f5bc832c9a578836345e,ed185hd,Eat too many whoppers and he'll be down with the sickness. Lma0 I'm sorry,remorse,sadness,negative,85%,,2026-06-08,19:02:29,amusement,joy,85%,,2026-06-08,19:02:41,disappointment,sadness,85%,,2026-06-08,19:02:52
6a26f5bd832c9a578836345f,ef4g6zx,Ouch! That hit hard,disappointment,sadness,negative,95%,,2026-06-08,19:02:31,pain,neutral,95%,,2026-06-08,19:02:42,disappointment,sadness,85%,,2026-06-08,19:02:53
6a26f5d5832c9a5788363460,edluict,The impact of his head hitting the court looked so bad. I hope he'll recover from this.,optimism,joy,negative,85%,,2026-06-08,19:02:55,concern,neutral,95%,,2026-06-08,19:03:05,sadness,sadness,85%,,2026-06-08,19:03:17
6a26f5d6832c9a5788363461,edyjq3l,"Same here man, terrible feeling",fear,fear,negative,95%,,2026-06-08,19:02:56,sadness,sadness,90%,,2026-06-08,19:03:07,sadness,sadness,90%,,2026-06-08,19:03:18
6a26f5d7832c9a5788363462,efh0jsn,congrats. i'm broken rn but if I wasn't I'd be happy for you,gratitude,joy,positive,70%,,2026-06-08,19:02:57,sadness,sadness,80%,,2026-06-08,19:03:08,gratitude,joy,85%,,2026-06-08,19:03:19
6a26f5da832c9a5788363463,ee0dfzq,"it's the result of a structural problem inherent in all forms of vanguardism, though. it's not the result of MLs being fascists or not leftists",neutral,neutral,neutral,85%,,2026-06-08,19:02:59,disapproval,anger,85%,,2026-06-08,19:03:10,disapproval,anger,85%,,2026-06-08,19:03:22
6a26f5dc832c9a5788363464,edut32r,Change the initials to fake names. Was going to read but itâs too annoying.,annoyance,anger,negative,95%,,2026-06-08,19:03:00,annoyance,anger,95%,,2026-06-08,19:03:11,annoyance,anger,90%,,2026-06-08,19:03:24
6a26f5dd832c9a5788363465,ee6vjlo,IT'S MA'AM!!!!,neutral,neutral,positive,95%,,2026-06-08,19:03:01,surprise,surprise,95%,,2026-06-08,19:03:12,excitement,joy,95%,,2026-06-08,19:03:25
6a26f5de832c9a5788363466,eew33uj,Think of how long you can park!,neutral,neutral,neutral,85%,,2026-06-08,19:03:03,amusement,joy,85%,,2026-06-08,19:03:14,neutral,neutral,90%,,2026-06-08,19:03:26
6a26f5e0832c9a5788363467,eei8sjf,second temple stood for 420 years r/trees /r/Judiasm crossover confirmed!!!!!,neutral,neutral,positive,85%,,2026-06-08,19:03:04,amusement,joy,90%,,2026-06-08,19:03:15,joy,joy,95%,,2026-06-08,19:03:28
6a26f5f8832c9a5788363468,efghz2n,Why? They deserve it.,curiosity,neutral,neutral,70%,,2026-06-08,19:03:29,anger,anger,85%,,2026-06-08,19:03:40,approval,joy,85%,,2026-06-08,19:03:52
6a26f5f9832c9a5788363469,efg8epd,Buddy. Your prejudice is showing. Also plot twist I'm a white [NAME] woman. You don't understand the principle of what white privilege is.,neutral,neutral,negative,95%,,2026-06-08,19:03:31,anger,anger,85%,,2026-06-08,19:03:42,anger,anger,90%,,2026-06-08,19:03:53
6a26f5fb832c9a578836346a,eeduh8b,Iâm not sure it was [NAME] that changed the definition as much as it was the ATF.,confusion,neutral,neutral,70%,,2026-06-08,19:03:32,confusion,neutral,85%,,2026-06-08,19:03:44,confusion,neutral,70%,,2026-06-08,19:03:55
6a26f5fc832c9a578836346b,eczqy39,My Dachshund loves trying to lick my son's mouth when he's laughing. Every single time.,amusement,joy,positive,95%,,2026-06-08,19:03:34,amusement,joy,95%,,2026-06-08,19:03:45,joy,joy,95%,,2026-06-08,19:03:56
6a26f5fe832c9a578836346c,ef7fep9,"Lol don't worry, they even make you somehow hate [NAME] in season 2.",amusement,joy,negative,95%,,2026-06-08,19:03:35,amusement,joy,85%,,2026-06-08,19:03:47,disappointment,sadness,85%,,2026-06-08,19:03:58
6a26f5ff832c9a578836346d,ee4zp6t,100%. She's made herself vulnerable to being sued by a few people.,approval,joy,negative,95%,,2026-06-08,19:03:36,disapproval,anger,85%,,2026-06-08,19:03:48,disapproval,anger,90%,,2026-06-08,19:03:59
6a26f600832c9a578836346e,eewgb7s,I'd give it a 9/10 one of my favorites. So what was your thoughts on D'jango?,admiration,joy,positive,95%,,2026-06-08,19:03:38,approval,joy,95%,,2026-06-08,19:03:49,joy,joy,95%,,2026-06-08,19:04:00
6a26f601832c9a578836346f,eeasphz,Youâre right. Thank you for the context and information.,approval,joy,positive,95%,,2026-06-08,19:03:39,gratitude,joy,95%,,2026-06-08,19:03:50,gratitude,joy,95%,,2026-06-08,19:04:01
6a26f61a832c9a5788363470,eefsedd,I have heard nothing about him this window. If anything it would be summer.,neutral,neutral,neutral,70%,,2026-06-08,19:04:03,confusion,neutral,85%,,2026-06-08,19:04:15,confusion,neutral,85%,,2026-06-08,19:04:26
6a26f61b832c9a5788363471,ee4w50c,"I appreciate this post, so itâs appropriate in my eyes ð",admiration,joy,positive,95%,,2026-06-08,19:04:04,approval,joy,95%,,2026-06-08,19:04:16,approval,joy,95%,,2026-06-08,19:04:27
6a26f61c832c9a5788363472,edo9qim,Only married once so can't be that bad. Not that it even matters,disapproval,anger,neutral,70%,,2026-06-08,19:04:06,disapproval,anger,70%,,2026-06-08,19:04:17,disapproval,anger,70%,,2026-06-08,19:04:28
6a26f61e832c9a5788363473,eel204i,You're mistaking a poor character for MC.,disappointment,sadness,negative,85%,,2026-06-08,19:04:07,disapproval,anger,85%,,2026-06-08,19:04:19,disapproval,anger,85%,,2026-06-08,19:04:30
6a26f61f832c9a5788363474,edukmmj,Mostly because of the hype. I love going out with my friends!,love,love,positive,95%,,2026-06-08,19:04:09,joy,joy,95%,,2026-06-08,19:04:20,joy,joy,95%,,2026-06-08,19:04:31
6a26f620832c9a5788363475,ee6v37p,Refrigerators? That's cool,neutral,neutral,positive,85%,,2026-06-08,19:04:10,amusement,joy,80%,,2026-06-08,19:04:22,amusement,joy,85%,,2026-06-08,19:04:32
6a26f622832c9a5788363476,eeb8d15,Have to admit I thought this story would end with her demanding food or something.,neutral,neutral,neutral,80%,,2026-06-08,19:04:11,surprise,surprise,85%,,2026-06-08,19:04:23,amusement,joy,70%,,2026-06-08,19:04:34
6a26f623832c9a5788363477,ee4bva6,Fuck is exactly what she's good for,approval,joy,negative,95%,,2026-06-08,19:04:13,anger,anger,95%,,2026-06-08,19:04:24,anger,anger,95%,,2026-06-08,19:04:35
6a26f63d832c9a5788363478,ee4ifq6,"Sure you are, comrade. You've met your quota of replies now, yes?",approval,joy,neutral,70%,,2026-06-08,19:04:36,annoyance,anger,85%,,2026-06-08,19:04:50,neutral,neutral,80%,,2026-06-08,19:05:01
6a26f63e832c9a5788363479,edc2z55,Well good...opera is often beautiful..though it retains the stink of the upper classes.. I cant help but deride art that caters to high society to stay alive.,admiration,joy,negative,85%,,2026-06-08,19:04:38,disapproval,anger,85%,,2026-06-08,19:04:51,disapproval,anger,95%,,2026-06-08,19:05:02
6a26f640832c9a578836347a,eej72wr,They look like rappers,neutral,neutral,neutral,70%,,2026-06-08,19:04:39,amusement,joy,85%,,2026-06-08,19:04:53,neutral,neutral,80%,,2026-06-08,19:05:04
6a26f641832c9a578836347b,ed2u4oi,PLACE THE DEVICE ON HER HEAD HA HA HA TIME TO DIE,amusement,joy,negative,85%,,2026-06-08,19:04:40,amusement,joy,85%,,2026-06-08,19:04:54,disapproval,anger,85%,,2026-06-08,19:05:05
6a26f643832c9a578836347c,eeguf4t,"I go by Ms., but my kids will call me Miss, Mrs. occasionally Mr., and it doesn't really bug me",neutral,neutral,neutral,95%,,2026-06-08,19:04:42,neutral,neutral,90%,,2026-06-08,19:04:55,neutral,neutral,85%,,2026-06-08,19:05:07
6a26f644832c9a578836347d,edoft8i,I took a picture of the sunrise this morning too. Just north of Austin. It was very pretty today.,admiration,joy,positive,95%,,2026-06-08,19:04:43,joy,joy,95%,,2026-06-08,19:04:57,joy,joy,95%,,2026-06-08,19:05:08
6a26f645832c9a578836347e,ef2om5o,I HATE that song...I did not vote for it. A few of my songs I liked went at around 60-70,annoyance,anger,negative,95%,,2026-06-08,19:04:45,anger,anger,95%,,2026-06-08,19:04:58,anger,anger,95%,,2026-06-08,19:05:09
6a26f647832c9a578836347f,ed2ed4r,"You just gotta man up, go out there, and get that kiss.",caring,love,negative,85%,,2026-06-08,19:04:46,annoyance,anger,85%,,2026-06-08,19:04:59,annoyance,anger,85%,,2026-06-08,19:05:11
6a26f65e832c9a5788363480,ee62c5h,"Arenât people on the internet the best! I donât blame you for deleting, no time for negativity in this life. ð» ",curiosity,neutral,positive,95%,,2026-06-08,19:05:12,amusement,joy,85%,,2026-06-08,19:05:23,joy,joy,95%,,2026-06-08,19:05:34
6a26f660832c9a5788363481,eeymdkn,He can't rescind. What a dumbass,annoyance,anger,negative,95%,,2026-06-08,19:05:13,disapproval,anger,95%,,2026-06-08,19:05:24,disapproval,anger,95%,,2026-06-08,19:05:36
6a26f661832c9a5788363482,ee23r5u,Go get another phone!,neutral,neutral,negative,90%,,2026-06-08,19:05:15,annoyance,anger,85%,,2026-06-08,19:05:25,anger,anger,95%,,2026-06-08,19:05:37
6a26f662832c9a5788363483,eepobx5,We moved away from our home town a few years ago. We have no family and not many close friends.,neutral,neutral,negative,85%,,2026-06-08,19:05:16,sadness,sadness,85%,,2026-06-08,19:05:27,sadness,sadness,85%,,2026-06-08,19:05:38
6a26f664832c9a5788363484,eehp5d2,Do I even wanna know what that means?,neutral,neutral,negative,80%,,2026-06-08,19:05:17,confusion,neutral,85%,,2026-06-08,19:05:28,confusion,neutral,85%,,2026-06-08,19:05:40
6a26f665832c9a5788363485,eews7xb,Whats more scary than a yellow man? A yellow man using yellow colour,neutral,neutral,negative,85%,,2026-06-08,19:05:19,fear,fear,85%,,2026-06-08,19:05:29,fear,fear,85%,,2026-06-08,19:05:41
6a26f666832c9a5788363486,eeslrqn,I didnât know it was gonna be that simple Forgive me [NAME]  D,confusion,neutral,negative,85%,,2026-06-08,19:05:20,disappointment,sadness,85%,,2026-06-08,19:05:31,sadness,sadness,85%,,2026-06-08,19:05:42
6a26f668832c9a5788363487,ef1i4nv,I found the love of my life at 35. There's plenty of time.,neutral,neutral,positive,95%,,2026-06-08,19:05:21,joy,joy,95%,,2026-06-08,19:05:32,love,love,95%,,2026-06-08,19:05:44
6a26f680832c9a5788363488,edusd21,Yeah he's a real one. I would've loved him coaching the Broncos,admiration,joy,positive,85%,,2026-06-08,19:05:45,admiration,joy,85%,,2026-06-08,19:05:56,admiration,joy,90%,,2026-06-08,19:06:08
6a26f681832c9a5788363489,ee6shux,This really bothers me too. I completely agree. It would have helped us avoid a US situation. Now I think we're barreling toward it,approval,joy,negative,85%,,2026-06-08,19:05:46,anger,anger,85%,,2026-06-08,19:05:58,fear,fear,85%,,2026-06-08,19:06:09
6a26f682832c9a578836348a,eei3ii9,Nice job building yourself btw,admiration,joy,positive,95%,,2026-06-08,19:05:48,admiration,joy,80%,,2026-06-08,19:05:59,admiration,joy,85%,,2026-06-08,19:06:10
6a26f684832c9a578836348b,edhu63d,"No kids, I have a broken oven. When my marriage fell apart that was a blessing.",approval,joy,negative,95%,,2026-06-08,19:05:50,relief,joy,85%,,2026-06-08,19:06:00,relief,joy,80%,,2026-06-08,19:06:12
6a26f685832c9a578836348c,ef3g90a,Yeah highkey looks decent,admiration,joy,positive,85%,,2026-06-08,19:05:51,approval,joy,85%,,2026-06-08,19:06:02,approval,joy,85%,,2026-06-08,19:06:13
6a26f687832c9a578836348d,ed5hb4p,You are sexy af,admiration,joy,positive,95%,,2026-06-08,19:05:52,desire,neutral,80%,,2026-06-08,19:06:03,desire,neutral,85%,,2026-06-08,19:06:15
6a26f688832c9a578836348e,edjk7b8,how do you think money is created? it is largely controlled by the government and is distributed to create certain results in our society.,curiosity,neutral,neutral,85%,,2026-06-08,19:05:54,curiosity,neutral,85%,,2026-06-08,19:06:05,curiosity,neutral,70%,,2026-06-08,19:06:16
6a26f689832c9a578836348f,ed7kjft,"Iâm glad things are coming to light, I pray justice is served for the victims. ",joy,joy,positive,85%,,2026-06-08,19:05:55,relief,joy,90%,,2026-06-08,19:06:06,gratitude,joy,95%,,2026-06-08,19:06:17
6a26f6a0832c9a5788363490,eeq34ij,Don't know why anyone would need more explanation than this video,annoyance,anger,negative,95%,,2026-06-08,19:06:19,disapproval,anger,90%,,2026-06-08,19:06:29,disapproval,anger,90%,,2026-06-08,19:06:40
6a26f6a1832c9a5788363491,edlro7n,the last minute of game time lasted 15 minutes.,neutral,neutral,neutral,95%,,2026-06-08,19:06:20,confusion,neutral,95%,,2026-06-08,19:06:31,confusion,neutral,90%,,2026-06-08,19:06:41
6a26f6a3832c9a5788363492,edzlbu0,Where else can you get deer ears and a flower crown on your selfie?,neutral,neutral,neutral,85%,,2026-06-08,19:06:21,curiosity,neutral,85%,,2026-06-08,19:06:32,curiosity,neutral,85%,,2026-06-08,19:06:43
6a26f6a5832c9a5788363493,ee0wtbn,"I'm curious though, will they upvote it to own the ~~libs~~ [NAME]?",curiosity,neutral,neutral,70%,,2026-06-08,19:06:23,curiosity,neutral,90%,,2026-06-08,19:06:33,curiosity,neutral,85%,,2026-06-08,19:06:45
6a26f6a7832c9a5788363494,eczjszs,"I'm curious to see the difference, but sadly that's not really something you can just ask someone.",curiosity,neutral,neutral,80%,,2026-06-08,19:06:24,curiosity,neutral,80%,,2026-06-08,19:06:35,curiosity,neutral,70%,,2026-06-08,19:06:47
6a26f6a8832c9a5788363495,eczb6r7,"Emotes have a ridiculous amount of effort put into them, which only makes the fact that nobody uses them sadder",neutral,neutral,negative,95%,,2026-06-08,19:06:25,sadness,sadness,85%,,2026-06-08,19:06:36,sadness,sadness,85%,,2026-06-08,19:06:48
6a26f6a9832c9a5788363496,edr0ab9,[NAME] fucking [NAME] please no,anger,anger,negative,95%,,2026-06-08,19:06:27,anger,anger,95%,,2026-06-08,19:06:37,anger,anger,95%,,2026-06-08,19:06:49
6a26f6ad832c9a5788363497,ef6zysq,"They canât ask for much, hes on his last year, itâs similar to us and [NAME]",neutral,neutral,neutral,70%,,2026-06-08,19:06:28,neutral,neutral,85%,,2026-06-08,19:06:39,neutral,neutral,80%,,2026-06-08,19:06:53
6a26f6c4832c9a5788363498,eeeivtt,I get all the deja smells and it's terrible.,disgust,disgust,negative,95%,,2026-06-08,19:06:54,disgust,disgust,90%,,2026-06-08,19:07:05,disgust,disgust,85%,,2026-06-08,19:07:16
6a26f6c5832c9a5788363499,eeuhxlq,> lack of diversity in the cast now that's a new one lmao,amusement,joy,negative,85%,,2026-06-08,19:06:55,amusement,joy,90%,,2026-06-08,19:07:06,disapproval,anger,85%,,2026-06-08,19:07:17
6a26f6c7832c9a578836349a,ee9y4bk,I don't know why this image bothers me so much,confusion,neutral,negative,85%,,2026-06-08,19:06:57,confusion,neutral,85%,,2026-06-08,19:07:08,confusion,neutral,85%,,2026-06-08,19:07:19
6a26f6c8832c9a578836349b,eegbj8f,You dont put it in the wastebasket. You put it on your Dad's nightstand.,neutral,neutral,neutral,95%,,2026-06-08,19:06:58,disapproval,anger,90%,,2026-06-08,19:07:09,disapproval,anger,85%,,2026-06-08,19:07:20
6a26f6c9832c9a578836349c,eevmcmg,I hate how much I love it,annoyance,anger,positive,85%,,2026-06-08,19:06:59,love,love,70%,,2026-06-08,19:07:10,annoyance,anger,85%,,2026-06-08,19:07:21
6a26f6cb832c9a578836349d,efg25kp,Thanks. I appreciate that. At least I know Iâm not the only one.,admiration,joy,positive,85%,,2026-06-08,19:07:01,gratitude,joy,85%,,2026-06-08,19:07:12,gratitude,joy,95%,,2026-06-08,19:07:23
6a26f6cc832c9a578836349e,efda0cr,Yeah but donât you have to get in the water to save lives?,neutral,neutral,neutral,70%,,2026-06-08,19:07:02,confusion,neutral,80%,,2026-06-08,19:07:13,confusion,neutral,70%,,2026-06-08,19:07:24
6a26f6ce832c9a578836349f,ee4wd5q,I have been doing that. The disc-to-digital thing is pretty sweet.,love,love,positive,95%,,2026-06-08,19:07:04,approval,joy,85%,,2026-06-08,19:07:14,joy,joy,95%,,2026-06-08,19:07:26
6a26f6e5832c9a57883634a0,efd3k5r,You're most welcome!,gratitude,joy,positive,95%,,2026-06-08,19:07:27,gratitude,joy,95%,,2026-06-08,19:07:38,gratitude,joy,95%,,2026-06-08,19:07:49
6a26f6e6832c9a57883634a1,ed592w7,It's the lists fault!,disappointment,sadness,negative,80%,,2026-06-08,19:07:28,anger,anger,85%,,2026-06-08,19:07:39,anger,anger,85%,,2026-06-08,19:07:50
6a26f6e8832c9a57883634a2,ef4be7x,Haha this dudeâs from the area Iâm from. Heâs a local treasure,amusement,joy,positive,95%,,2026-06-08,19:07:30,amusement,joy,85%,,2026-06-08,19:07:40,joy,joy,90%,,2026-06-08,19:07:52
6a26f6e9832c9a57883634a3,edmazye,Really wish we had got something like this!,desire,neutral,positive,95%,,2026-06-08,19:07:31,disappointment,sadness,85%,,2026-06-08,19:07:42,gratitude,joy,85%,,2026-06-08,19:07:53
6a26f6ea832c9a57883634a4,eeggjrm,I didn't downvote you so I couldn't tell yah why. It was definitely infected that's why it was red and swollen.,neutral,neutral,negative,95%,,2026-06-08,19:07:32,disapproval,anger,85%,,2026-06-08,19:07:44,disappointment,sadness,85%,,2026-06-08,19:07:54
6a26f6ec832c9a57883634a5,eensidh,[NAME] looks queasy already I like where this is going,admiration,joy,positive,85%,,2026-06-08,19:07:34,excitement,joy,85%,,2026-06-08,19:07:45,excitement,joy,85%,,2026-06-08,19:07:56
6a26f6ed832c9a57883634a6,eetaljv,Bold of you to assume I have anyone that I would want to date in the first place,neutral,neutral,negative,85%,,2026-06-08,19:07:35,disapproval,anger,85%,,2026-06-08,19:07:46,disappointment,sadness,85%,,2026-06-08,19:07:57
6a26f6ee832c9a57883634a7,ef8tkbj,What? That's exactly what I got from it. Obviously red-haired people are just defective and need to be cured/corrected. /sssssssssssssssssssssssssssss,neutral,neutral,negative,95%,,2026-06-08,19:07:36,disgust,disgust,95%,,2026-06-08,19:07:48,disgust,disgust,95%,,2026-06-08,19:07:58
6a26f705832c9a57883634a8,edjs9fy,I know I don't know the Spanish alphabet but I can't believe I didn't catch that before,realization,surprise,negative,85%,,2026-06-08,19:08:00,disappointment,sadness,85%,,2026-06-08,19:08:10,disappointment,sadness,85%,,2026-06-08,19:08:21
6a26f707832c9a57883634a9,ed38fe4,"The same reason that the two on the left look dead inside  They know what they are, and are wishing for the sweet release of death. ",neutral,neutral,negative,95%,,2026-06-08,19:08:01,sadness,sadness,90%,,2026-06-08,19:08:12,sadness,sadness,95%,,2026-06-08,19:08:23
6a26f708832c9a57883634aa,edzs1kt,Maybe if [NAME] is still playing,neutral,neutral,neutral,70%,,2026-06-08,19:08:02,curiosity,neutral,70%,,2026-06-08,19:08:13,curiosity,neutral,70%,,2026-06-08,19:08:24
6a26f709832c9a57883634ab,edpom9u,The good kind,admiration,joy,positive,85%,,2026-06-08,19:08:03,joy,joy,90%,,2026-06-08,19:08:14,joy,joy,95%,,2026-06-08,19:08:25
6a26f70b832c9a57883634ac,eexa1cp,"I don't know what you're talking about, but that sounds just as racist as it is sexist.",confusion,neutral,negative,95%,,2026-06-08,19:08:05,disapproval,anger,95%,,2026-06-08,19:08:16,disapproval,anger,95%,,2026-06-08,19:08:27
6a26f70c832c9a57883634ad,edpldme,I want to go back in time and hug you as a child (after you got the lice treated tho).,desire,neutral,positive,95%,,2026-06-08,19:08:06,love,love,95%,,2026-06-08,19:08:17,love,love,95%,,2026-06-08,19:08:28
6a26f70e832c9a57883634ae,edr5f2c,I've been there. It's one of the most diverse places on Earth.,admiration,joy,positive,95%,,2026-06-08,19:08:08,admiration,joy,85%,,2026-06-08,19:08:19,admiration,joy,95%,,2026-06-08,19:08:30
6a26f70f832c9a57883634af,effpm3r,I would say. âgoodâ but itâs all fucking tragic.,annoyance,anger,negative,95%,,2026-06-08,19:08:09,sadness,sadness,85%,,2026-06-08,19:08:20,disappointment,sadness,95%,,2026-06-08,19:08:31
6a26f726832c9a57883634b0,eer5b28,Insecurities exist even for people that are attractive. Even hot people are just like everyone else.,neutral,neutral,neutral,95%,,2026-06-08,19:08:32,neutral,neutral,90%,,2026-06-08,19:08:43,neutral,neutral,100%,,2026-06-08,19:08:54
6a26f727832c9a57883634b1,eermytl,Me too. I love it!,love,love,positive,95%,,2026-06-08,19:08:34,joy,joy,95%,,2026-06-08,19:08:44,joy,joy,95%,,2026-06-08,19:08:55
6a26f729832c9a57883634b2,ed6j00a,That uncle was awesome.,admiration,joy,positive,95%,,2026-06-08,19:08:35,admiration,joy,90%,,2026-06-08,19:08:46,joy,joy,95%,,2026-06-08,19:08:57
6a26f72a832c9a57883634b3,eenras1,Also available on Spotify and Apple Music. Any feedback would be hugely appreciated!,gratitude,joy,neutral,85%,,2026-06-08,19:08:36,curiosity,neutral,70%,,2026-06-08,19:08:47,curiosity,neutral,70%,,2026-06-08,19:08:58
6a26f72b832c9a57883634b4,edj5c76,Fiddish baby [NAME]!!,neutral,neutral,positive,95%,,2026-06-08,19:08:38,joy,joy,95%,,2026-06-08,19:08:49,joy,joy,95%,,2026-06-08,19:08:59
6a26f72d832c9a57883634b5,ef4uh4f,[NAME] was bottom 3 just last split...,neutral,neutral,negative,85%,,2026-06-08,19:08:39,disappointment,sadness,85%,,2026-06-08,19:08:50,disappointment,sadness,85%,,2026-06-08,19:09:01
6a26f72e832c9a57883634b6,edobf82,Yup [NAME] got cucked,neutral,neutral,negative,85%,,2026-06-08,19:08:40,amusement,joy,70%,,2026-06-08,19:08:51,disapproval,anger,85%,,2026-06-08,19:09:02
6a26f72f832c9a57883634b7,ef7mzob,"she disrespected [NAME], i dont like her",annoyance,anger,negative,95%,,2026-06-08,19:08:42,anger,anger,90%,,2026-06-08,19:08:53,anger,anger,95%,,2026-06-08,19:09:03
6a26f748832c9a57883634b8,edlvsnk,Fuck isn't it nice to have a [NAME] on the team?,annoyance,anger,negative,95%,,2026-06-08,19:09:05,anger,anger,85%,,2026-06-08,19:09:17,anger,anger,95%,,2026-06-08,19:09:28
6a26f749832c9a57883634b9,eda49ey,Brave soul.,admiration,joy,positive,95%,,2026-06-08,19:09:06,admiration,joy,95%,,2026-06-08,19:09:19,admiration,joy,95%,,2026-06-08,19:09:29
6a26f74b832c9a57883634ba,edi5d2u,He sunk their house into the ground and blamed the architect and every episoode after that his beard gets a little less washed ð¤,realization,surprise,negative,95%,,2026-06-08,19:09:07,disapproval,anger,85%,,2026-06-08,19:09:20,disapproval,anger,90%,,2026-06-08,19:09:31
6a26f74c832c9a57883634bb,edxrdep,"[NAME], [NAME] is the most underrated [NAME]. I love that guy. ",love,love,positive,95%,,2026-06-08,19:09:09,love,love,95%,,2026-06-08,19:09:21,love,love,95%,,2026-06-08,19:09:32
6a26f74d832c9a57883634bc,eduacbp,I was actually a little lost here and there for an episode or two because I didn't remember everything from season 1. It came back to me though,neutral,neutral,neutral,85%,,2026-06-08,19:09:10,confusion,neutral,80%,,2026-06-08,19:09:22,confusion,neutral,80%,,2026-06-08,19:09:33
6a26f74f832c9a57883634bd,eed44sm,Oh my god. Don't you know it's illegal to share memes if you don't have an IQ of 16 trillion?,surprise,surprise,negative,85%,,2026-06-08,19:09:11,amusement,joy,85%,,2026-06-08,19:09:24,disapproval,anger,85%,,2026-06-08,19:09:35
6a26f750832c9a57883634be,edu4ett,[NAME] and [NAME] should be there too E  Damn didn't think this would be unpopular lol,disapproval,anger,negative,85%,,2026-06-08,19:09:14,disappointment,sadness,85%,,2026-06-08,19:09:25,disappointment,sadness,85%,,2026-06-08,19:09:36
6a26f751832c9a57883634bf,eeft9i1,I think [NAME] could've been a long term quality backup. We really should have hung onto him and ejected [NAME] like a bad habit.,optimism,joy,negative,85%,,2026-06-08,19:09:16,disappointment,sadness,95%,,2026-06-08,19:09:27,disappointment,sadness,85%,,2026-06-08,19:09:37
6a26f768832c9a57883634c0,ee4ehtj,Lol I love this flair,amusement,joy,positive,95%,,2026-06-08,19:09:39,joy,joy,90%,,2026-06-08,19:09:50,joy,joy,95%,,2026-06-08,19:10:00
6a26f76a832c9a57883634c1,edo1prv,Finally gonna get together with [NAME]. Love is beautiful.,love,love,positive,95%,,2026-06-08,19:09:40,love,love,95%,,2026-06-08,19:09:51,love,love,95%,,2026-06-08,19:10:02
6a26f76b832c9a57883634c2,eejt58r,Ask him if he wants to a warm glass of shut the hell up.,annoyance,anger,negative,95%,,2026-06-08,19:09:42,anger,anger,95%,,2026-06-08,19:09:52,anger,anger,95%,,2026-06-08,19:10:03
6a26f76d832c9a57883634c3,edlh407,"I just dropped out of my science class without being at school, hot damn",disappointment,sadness,negative,85%,,2026-06-08,19:09:43,annoyance,anger,70%,,2026-06-08,19:09:54,disappointment,sadness,70%,,2026-06-08,19:10:05
6a26f76e832c9a57883634c4,ed5y6t4,The only time this movie should encourage blindfolds is when watching it. Then hopefully you wonât witness the giant plot holes and terrible ending.,optimism,joy,negative,95%,,2026-06-08,19:09:44,disapproval,anger,95%,,2026-06-08,19:09:55,disappointment,sadness,95%,,2026-06-08,19:10:06
6a26f76f832c9a57883634c5,eeweozy,The real joke is your grades dude,neutral,neutral,negative,95%,,2026-06-08,19:09:46,anger,anger,85%,,2026-06-08,19:09:56,anger,anger,85%,,2026-06-08,19:10:07
6a26f771832c9a57883634c6,eetlakl,If only. Heâs signing with the red wings 100%.,neutral,neutral,neutral,70%,,2026-06-08,19:09:47,admiration,joy,85%,,2026-06-08,19:09:58,admiration,joy,70%,,2026-06-08,19:10:09
6a26f772832c9a57883634c7,edlff90,No steel toe boots either. Amateurs. If the owner made his cooks do this instead of proper contractors he deserves a workers comp claim.,annoyance,anger,negative,95%,,2026-06-08,19:09:48,anger,anger,90%,,2026-06-08,19:09:59,anger,anger,95%,,2026-06-08,19:10:10
6a26f789832c9a57883634c8,efbigd2,I like that idea!,admiration,joy,positive,95%,,2026-06-08,19:10:11,approval,joy,90%,,2026-06-08,19:10:22,approval,joy,95%,,2026-06-08,19:10:33
6a26f78a832c9a57883634c9,eerylaj,"Other nations still have gangs/organized crime, but yet guns arenât as easily to obtain.",neutral,neutral,neutral,85%,,2026-06-08,19:10:13,curiosity,neutral,80%,,2026-06-08,19:10:23,confusion,neutral,70%,,2026-06-08,19:10:34
6a26f78c832c9a57883634ca,ee78a0x,My coffee burned its way through my nostrils. Thank you!,gratitude,joy,negative,95%,,2026-06-08,19:10:14,disgust,disgust,95%,,2026-06-08,19:10:25,disgust,disgust,95%,,2026-06-08,19:10:36
6a26f78d832c9a57883634cb,een2os9,Good luck [NAME],caring,love,positive,95%,,2026-06-08,19:10:15,neutral,neutral,90%,,2026-06-08,19:10:26,excitement,joy,85%,,2026-06-08,19:10:37
6a26f78e832c9a57883634cc,eee9x1k,In shock and was more concerned about my kid tbh. Now off course I wish I'd sued the arse off her for emotional distress.,surprise,surprise,negative,95%,,2026-06-08,19:10:17,anger,anger,85%,,2026-06-08,19:10:27,anger,anger,85%,,2026-06-08,19:10:38
6a26f790832c9a57883634cd,eeartrb,Are you promoting sex outside of marriage?,curiosity,neutral,negative,85%,,2026-06-08,19:10:18,disapproval,anger,95%,,2026-06-08,19:10:29,disapproval,anger,95%,,2026-06-08,19:10:40
6a26f791832c9a57883634ce,ed2mhte,"Oh, I thought it was about the audio glitch at the end, lol Now I see ",amusement,joy,neutral,70%,,2026-06-08,19:10:19,amusement,joy,90%,,2026-06-08,19:10:30,amusement,joy,85%,,2026-06-08,19:10:41
6a26f794832c9a57883634cf,ediyzgi,"That's pretty good all things considered, if they want to maintain that, they really need to get a patch out ASAP",admiration,joy,positive,85%,,2026-06-08,19:10:21,approval,joy,85%,,2026-06-08,19:10:32,approval,joy,90%,,2026-06-08,19:10:44
6a26f7ab832c9a57883634d0,eey3ban,"Uh, you do know there's another hole right next door, right?",confusion,neutral,negative,85%,,2026-06-08,19:10:45,confusion,neutral,80%,,2026-06-08,19:10:56,disappointment,sadness,85%,,2026-06-08,19:11:07
6a26f7ac832c9a57883634d1,ee0bbx4,That guy is being intentionally obtuse. Down vote trolls are a waste of everyone's time.,annoyance,anger,negative,95%,,2026-06-08,19:10:47,anger,anger,90%,,2026-06-08,19:10:58,disapproval,anger,95%,,2026-06-08,19:11:08
6a26f7ae832c9a57883634d2,efdnn9c,".5x speed. Every moment I enjoy would last longer and any time I find myself in a pickle, I'll have more time to react appropriately.",joy,joy,positive,95%,,2026-06-08,19:10:48,optimism,joy,85%,,2026-06-08,19:10:59,joy,joy,90%,,2026-06-08,19:11:10
6a26f7af832c9a57883634d3,ee7mjjt,"The sad thing is, relatively speaking these are actually pretty good living conditions. Check out Harris Ranch.",admiration,joy,negative,85%,,2026-06-08,19:10:49,sadness,sadness,90%,,2026-06-08,19:11:00,sadness,sadness,85%,,2026-06-08,19:11:11
6a26f7b0832c9a57883634d4,ef55x08,GG. We played as best as we could. Utah just a better team.,admiration,joy,neutral,90%,,2026-06-08,19:10:51,disappointment,sadness,90%,,2026-06-08,19:11:02,disappointment,sadness,85%,,2026-06-08,19:11:12
6a26f7b2832c9a57883634d5,eeu144c,Youâre not being used but she has no right to tell you what to do with your money.,disapproval,anger,negative,85%,,2026-06-08,19:10:52,anger,anger,85%,,2026-06-08,19:11:03,anger,anger,85%,,2026-06-08,19:11:14
6a26f7b3832c9a57883634d6,edofqya,Aww yesss assalamu âalaykum akhi i love when i see a reflective post by you in here,love,love,positive,95%,,2026-06-08,19:10:54,love,love,95%,,2026-06-08,19:11:04,love,love,95%,,2026-06-08,19:11:15
6a26f7b5832c9a57883634d7,eeqw71e,A machine would literally do a worse job than him.,annoyance,anger,negative,95%,,2026-06-08,19:10:55,pride,joy,90%,,2026-06-08,19:11:06,disapproval,anger,90%,,2026-06-08,19:11:17
6a26f7cc832c9a57883634d8,edumf9e,same but with panic at the disco,nervousness,fear,neutral,70%,,2026-06-08,19:11:18,amusement,joy,85%,,2026-06-08,19:11:29,excitement,joy,70%,,2026-06-08,19:11:40
6a26f7cd832c9a57883634d9,edvf9jj,Came for the murderino and stayed to say I drive like [NAME] a lot and itâs bad lol,amusement,joy,negative,85%,,2026-06-08,19:11:19,amusement,joy,85%,,2026-06-08,19:11:30,disapproval,anger,85%,,2026-06-08,19:11:41
6a26f7ce832c9a57883634da,eepedeh,"Got one, it's still bad dude",disappointment,sadness,negative,90%,,2026-06-08,19:11:21,disappointment,sadness,85%,,2026-06-08,19:11:31,disappointment,sadness,95%,,2026-06-08,19:11:42
6a26f7d0832c9a57883634db,eegqte6,Wow.,surprise,surprise,positive,95%,,2026-06-08,19:11:22,surprise,surprise,95%,,2026-06-08,19:11:33,surprise,surprise,90%,,2026-06-08,19:11:44
6a26f7d1832c9a57883634dc,edni63g,old school from back when we won the cup,joy,joy,positive,85%,,2026-06-08,19:11:23,nostalgia,neutral,85%,,2026-06-08,19:11:34,joy,joy,95%,,2026-06-08,19:11:45
6a26f7d2832c9a57883634dd,eeb60ly,Noooo not the booze,neutral,neutral,negative,95%,,2026-06-08,19:11:25,disappointment,sadness,85%,,2026-06-08,19:11:36,disappointment,sadness,95%,,2026-06-08,19:11:46
6a26f7d4832c9a57883634de,ee5441u,"On BBC Parliament  ""Brussels will be watching this as well."" Will they? Do they have a TV Licence?!",neutral,neutral,negative,85%,,2026-06-08,19:11:26,amusement,joy,90%,,2026-06-08,19:11:37,confusion,neutral,85%,,2026-06-08,19:11:48
6a26f7d5832c9a57883634df,effkvna,"don't know any [NAME], sorry",remorse,sadness,neutral,80%,,2026-06-08,19:11:27,neutral,neutral,90%,,2026-06-08,19:11:38,neutral,neutral,95%,,2026-06-08,19:11:49
6a26f7ed832c9a57883634e0,efgwbs8,And yet â50 Shadesâ got a major release...hmmm,neutral,neutral,neutral,70%,,2026-06-08,19:11:50,curiosity,neutral,70%,,2026-06-08,19:12:02,confusion,neutral,70%,,2026-06-08,19:12:13
6a26f7ef832c9a57883634e1,eerzfe2,Thank you for that ! Iâm glad itâs just not me !,gratitude,joy,positive,95%,,2026-06-08,19:11:52,joy,joy,85%,,2026-06-08,19:12:04,gratitude,joy,95%,,2026-06-08,19:12:15
6a26f7f0832c9a57883634e2,efe4ueg,This is badass. I'd love to see it placed over war pigs. Amazing work OP,admiration,joy,positive,95%,,2026-06-08,19:11:53,admiration,joy,90%,,2026-06-08,19:12:05,admiration,joy,95%,,2026-06-08,19:12:16
6a26f7f1832c9a57883634e3,ed34pnl,I love this. Now I'm craving tacos in the morning.,love,love,positive,95%,,2026-06-08,19:11:55,joy,joy,95%,,2026-06-08,19:12:07,joy,joy,95%,,2026-06-08,19:12:17
6a26f7f3832c9a57883634e4,eew838h,You should tell the bison in Yellowstone they aren't really wild animals.,neutral,neutral,negative,85%,,2026-06-08,19:11:56,disapproval,anger,95%,,2026-06-08,19:12:08,disapproval,anger,90%,,2026-06-08,19:12:19
6a26f7f4832c9a57883634e5,edq2z1l,"What do you mean by ""free game""? Are you under the assumption that the Executive branch can dictate appropriations?",curiosity,neutral,negative,85%,,2026-06-08,19:11:57,confusion,neutral,85%,,2026-06-08,19:12:09,anger,anger,85%,,2026-06-08,19:12:20
6a26f7f6832c9a57883634e6,efavqq3,yeah dude I love my 9(???) with the welded bump stock,love,love,positive,85%,,2026-06-08,19:11:59,amusement,joy,70%,,2026-06-08,19:12:11,joy,joy,85%,,2026-06-08,19:12:22
6a26f7f7832c9a57883634e7,ee0qxpy,"Sounds like a true basket case. People that actually obsess over conspiracies, oh my....",curiosity,neutral,negative,95%,,2026-06-08,19:12:00,disapproval,anger,95%,,2026-06-08,19:12:12,disapproval,anger,95%,,2026-06-08,19:12:23
6a26f80e832c9a57883634e8,ee1i0tw,This chicks stealing his pubes off the toilets seat,neutral,neutral,negative,85%,,2026-06-08,19:12:24,disgust,disgust,95%,,2026-06-08,19:12:35,disgust,disgust,95%,,2026-06-08,19:12:46
6a26f80f832c9a57883634e9,edce8jt,Thank you I hate it,anger,anger,negative,95%,,2026-06-08,19:12:26,annoyance,anger,95%,,2026-06-08,19:12:36,anger,anger,95%,,2026-06-08,19:12:47
6a26f810832c9a57883634ea,efewgiu,Wouldnât be surprised,neutral,neutral,neutral,80%,,2026-06-08,19:12:27,neutral,neutral,90%,,2026-06-08,19:12:38,neutral,neutral,80%,,2026-06-08,19:12:48
6a26f812832c9a57883634eb,efh1hit,Stuff like this makes me worry a little less about the future generations.,nervousness,fear,positive,85%,,2026-06-08,19:12:28,optimism,joy,85%,,2026-06-08,19:12:39,optimism,joy,85%,,2026-06-08,19:12:50
6a26f813832c9a57883634ec,ed6y2t8,I was wondering that as well....,surprise,surprise,neutral,70%,,2026-06-08,19:12:30,curiosity,neutral,85%,,2026-06-08,19:12:40,curiosity,neutral,70%,,2026-06-08,19:12:51
6a26f815832c9a57883634ed,edc93d8,Mate you're talking to a Remainer who wants to Remain... I just want a Labour Government that's all.,desire,neutral,neutral,85%,,2026-06-08,19:12:31,disapproval,anger,85%,,2026-06-08,19:12:42,approval,joy,70%,,2026-06-08,19:12:53
6a26f816832c9a57883634ee,eei2rdp,Is that [NAME],neutral,neutral,neutral,90%,,2026-06-08,19:12:32,curiosity,neutral,85%,,2026-06-08,19:12:43,curiosity,neutral,70%,,2026-06-08,19:12:54
6a26f817832c9a57883634ef,edgflab,"this is a truly remarkable and informative documentary, and well worth setting aside an evening to watch. ",admiration,joy,positive,95%,,2026-06-08,19:12:34,admiration,joy,95%,,2026-06-08,19:12:44,admiration,joy,95%,,2026-06-08,19:12:55
6a26f837832c9a57883634f0,eeex3e6,B plug? What the hell. Use an A plug or you're never going to become doctor some day.,disapproval,anger,negative,95%,,2026-06-08,19:12:57,annoyance,anger,90%,,2026-06-08,19:13:08,disapproval,anger,95%,,2026-06-08,19:13:27
6a26f838832c9a57883634f1,efagv9k,"Whenever you get a smelly one, don't you feel ashamed? Like what disgusting thing did I do wrong?",embarrassment,sadness,negative,85%,,2026-06-08,19:12:58,disgust,disgust,85%,,2026-06-08,19:13:09,disgust,disgust,90%,,2026-06-08,19:13:28
6a26f83a832c9a57883634f2,eegu2k6,I would of taken a shit in the woods real quick,disgust,disgust,negative,85%,,2026-06-08,19:12:59,disgust,disgust,85%,,2026-06-08,19:13:11,disgust,disgust,85%,,2026-06-08,19:13:30
6a26f83c832c9a57883634f3,edht34p,Or they saved their mom from a lifetime of fixing him... ð¤,neutral,neutral,negative,85%,,2026-06-08,19:13:01,confusion,neutral,70%,,2026-06-08,19:13:12,disappointment,sadness,80%,,2026-06-08,19:13:32
6a26f83e832c9a57883634f4,eeflygr,"I don't know how that works, but it's definitive that it will happen on that date.",optimism,joy,neutral,70%,,2026-06-08,19:13:02,confusion,neutral,80%,,2026-06-08,19:13:13,confusion,neutral,70%,,2026-06-08,19:13:34
6a26f83f832c9a57883634f5,edxtq57,"But all-Korean teams don't always do the best in OWL/Contenders, look at Outlaws v. Seoul, etc... ",disapproval,anger,negative,85%,,2026-06-08,19:13:04,disapproval,anger,85%,,2026-06-08,19:13:15,disappointment,sadness,85%,,2026-06-08,19:13:35
6a26f840832c9a57883634f6,ef01qwo,Everyday for the last year and a half has been very hard and I should be glad she's gone. I'm almost there.,joy,joy,negative,95%,,2026-06-08,19:13:05,relief,joy,85%,,2026-06-08,19:13:24,sadness,sadness,95%,,2026-06-08,19:13:36
6a26f842832c9a57883634f7,ef5qco7,Understandable. Thank you for your opinion. Ill move towards due action soon.,approval,joy,neutral,85%,,2026-06-08,19:13:06,approval,joy,85%,,2026-06-08,19:13:26,approval,joy,85%,,2026-06-08,19:13:38
6a26f859832c9a57883634f8,eeh8n09,Yea having children will always solve the problem,approval,joy,negative,60%,,2026-06-08,19:13:39,approval,joy,70%,,2026-06-08,19:13:50,disappointment,sadness,80%,,2026-06-08,19:14:01
6a26f85a832c9a57883634f9,eeu7tri,True true. I concede.,neutral,neutral,neutral,80%,,2026-06-08,19:13:41,approval,joy,85%,,2026-06-08,19:13:52,approval,joy,70%,,2026-06-08,19:14:02
6a26f85c832c9a57883634fa,eey2vl0,[NAME] and his supporters are the dumbest humans in the fucking galaxy. They should be locked up for their own safety.,anger,anger,negative,95%,,2026-06-08,19:13:42,anger,anger,95%,,2026-06-08,19:13:53,disgust,disgust,85%,,2026-06-08,19:14:04
6a26f85d832c9a57883634fb,edmtors,Itâs fun until youâre looking back,joy,joy,neutral,70%,,2026-06-08,19:13:43,amusement,joy,80%,,2026-06-08,19:13:54,nostalgia,neutral,70%,,2026-06-08,19:14:05
6a26f85e832c9a57883634fc,ed5mq58,The contempt from [NAME] in these threads lately is seriously disappointing.,disappointment,sadness,negative,95%,,2026-06-08,19:13:45,disappointment,sadness,90%,,2026-06-08,19:13:56,disappointment,sadness,90%,,2026-06-08,19:14:06
6a26f860832c9a57883634fd,edz05mk,"Hey Singapore, youâre in luck!",admiration,joy,positive,95%,,2026-06-08,19:13:46,amusement,joy,70%,,2026-06-08,19:13:57,amusement,joy,85%,,2026-06-08,19:14:08
6a26f861832c9a57883634fe,edt7bq5,I concur ,neutral,neutral,positive,95%,,2026-06-08,19:13:47,approval,joy,90%,,2026-06-08,19:13:58,approval,joy,90%,,2026-06-08,19:14:09
6a26f862832c9a57883634ff,eexwjwo,Nooooo r/trollGC is for memes Check out r/goodnewsforwomen if you want happy news,neutral,neutral,negative,85%,,2026-06-08,19:13:49,annoyance,anger,85%,,2026-06-08,19:14:00,disappointment,sadness,85%,,2026-06-08,19:14:10
6a26f87a832c9a5788363500,ef8rej2,Friends from college is like that.,neutral,neutral,neutral,70%,,2026-06-08,19:14:11,nostalgia,neutral,85%,,2026-06-08,19:14:23,nostalgia,neutral,85%,,2026-06-08,19:14:34
6a26f87c832c9a5788363501,edbwqxk,"Lost my kid to the system, wanna see wha the wee lassie has tae say",sadness,sadness,negative,95%,,2026-06-08,19:14:13,sadness,sadness,90%,,2026-06-08,19:14:24,sadness,sadness,95%,,2026-06-08,19:14:36
6a26f87d832c9a5788363502,ef75kb9,...? /u/iBiteYou I think he's finally gone crazy,neutral,neutral,negative,85%,,2026-06-08,19:14:14,confusion,neutral,80%,,2026-06-08,19:14:25,disapproval,anger,85%,,2026-06-08,19:14:37
6a26f87f832c9a5788363503,ef1034r,Damn hippies.,annoyance,anger,negative,95%,,2026-06-08,19:14:15,anger,anger,85%,,2026-06-08,19:14:27,anger,anger,85%,,2026-06-08,19:14:39
6a26f880832c9a5788363504,ee5xxx8,I kill them all and THEN overwrite my only save. I'm bonkers.,grief,sadness,negative,95%,,2026-06-08,19:14:17,remorse,sadness,85%,,2026-06-08,19:14:28,disappointment,sadness,85%,,2026-06-08,19:14:40
6a26f881832c9a5788363505,edfoexi,Son of a bitch... here we go. Can't just stand there guys....,anger,anger,negative,95%,,2026-06-08,19:14:18,annoyance,anger,85%,,2026-06-08,19:14:30,anger,anger,95%,,2026-06-08,19:14:41
6a26f883832c9a5788363506,edfs78q,QUARANTINE! QUARANTINE!,neutral,neutral,negative,95%,,2026-06-08,19:14:20,anger,anger,90%,,2026-06-08,19:14:31,anger,anger,95%,,2026-06-08,19:14:43
6a26f884832c9a5788363507,ee2ul2w,hehe cheeky little guy,amusement,joy,positive,85%,,2026-06-08,19:14:21,amusement,joy,85%,,2026-06-08,19:14:33,amusement,joy,90%,,2026-06-08,19:14:44
6a26f89b832c9a5788363508,edd33xq,I am sure the protection was from other males. How does hat change things?,curiosity,neutral,neutral,80%,,2026-06-08,19:14:45,curiosity,neutral,85%,,2026-06-08,19:14:56,curiosity,neutral,80%,,2026-06-08,19:15:07
6a26f89c832c9a5788363509,ed1zjia,"Being someone who has severe anxiety and in this predicament before, you need to do whatâs best for YOU",caring,love,positive,85%,,2026-06-08,19:14:47,caring,love,95%,,2026-06-08,19:14:57,caring,love,95%,,2026-06-08,19:15:08
6a26f89e832c9a578836350a,eepaowh,Happy Cake Day!  ),amusement,joy,positive,95%,,2026-06-08,19:14:48,joy,joy,95%,,2026-06-08,19:14:59,joy,joy,95%,,2026-06-08,19:15:10
6a26f89f832c9a578836350b,edg198b,We can only hope that they will appreciate our sacrifices once they get older!,optimism,joy,neutral,70%,,2026-06-08,19:14:49,disappointment,sadness,85%,,2026-06-08,19:15:00,disappointment,sadness,70%,,2026-06-08,19:15:11
6a26f8a0832c9a578836350c,eed6jhn,[NAME] - OT3 in my team without me... [NAME] - Sometimes bad things just happen...,disappointment,sadness,negative,95%,,2026-06-08,19:14:51,sadness,sadness,85%,,2026-06-08,19:15:01,sadness,sadness,85%,,2026-06-08,19:15:12
6a26f8a1832c9a578836350d,ef8fdtx,I laughed so hard.,amusement,joy,positive,95%,,2026-06-08,19:14:52,amusement,joy,95%,,2026-06-08,19:15:03,joy,joy,95%,,2026-06-08,19:15:13
6a26f8a3832c9a578836350e,eeygt5v,Lol i control your life gooferton btw open your chatbox,amusement,joy,negative,85%,,2026-06-08,19:14:53,annoyance,anger,85%,,2026-06-08,19:15:04,annoyance,anger,85%,,2026-06-08,19:15:15
6a26f8a4832c9a578836350f,efcbhr2,">""fun"" is what you say when you can't give an objective reason something is good. -r/movies FilmÃ© connoisseur",amusement,joy,negative,85%,,2026-06-08,19:14:55,disapproval,anger,85%,,2026-06-08,19:15:05,disapproval,anger,85%,,2026-06-08,19:15:16
6a26f8bc832c9a5788363510,ees0t3a,"Oh yeah, I meant it ""doesn't work as an explanation for [NAME]"". Not that the concept is bunk.",neutral,neutral,neutral,95%,,2026-06-08,19:15:18,disapproval,anger,85%,,2026-06-08,19:15:28,disapproval,anger,85%,,2026-06-08,19:15:40
6a26f8bd832c9a5788363511,ef2mdsc,Iâm rather surprised that these books are STILL being made. Like I thought they died off around 2014.,surprise,surprise,negative,85%,,2026-06-08,19:15:19,surprise,surprise,95%,,2026-06-08,19:15:30,disappointment,sadness,85%,,2026-06-08,19:15:41
6a26f8c0832c9a5788363512,eda379g,"Even if you were, all good my dude! Shouldn't comment on something too quickly lol",approval,joy,positive,85%,,2026-06-08,19:15:20,amusement,joy,85%,,2026-06-08,19:15:31,amusement,joy,85%,,2026-06-08,19:15:44
6a26f8c2832c9a5788363513,eff3qik,"it's simple, it's stupid, and I can't stop laughing. 10/10",amusement,joy,positive,85%,,2026-06-08,19:15:22,amusement,joy,95%,,2026-06-08,19:15:32,amusement,joy,95%,,2026-06-08,19:15:46
6a26f8c3832c9a5788363514,ed32dm2,>complain that government can't do anything right >get elected and prove it,neutral,neutral,negative,95%,,2026-06-08,19:15:23,anger,anger,90%,,2026-06-08,19:15:34,anger,anger,90%,,2026-06-08,19:15:47
6a26f8c5832c9a5788363515,eertbsn,Right? Seems like a nit of a reach imo.,neutral,neutral,negative,85%,,2026-06-08,19:15:24,disapproval,anger,85%,,2026-06-08,19:15:35,disapproval,anger,85%,,2026-06-08,19:15:49
6a26f8c6832c9a5788363516,efbr0nk,Nice try with your 1/3 pan and t rex arms there buckaroo /s,admiration,joy,negative,85%,,2026-06-08,19:15:26,amusement,joy,85%,,2026-06-08,19:15:36,disapproval,anger,85%,,2026-06-08,19:15:50
6a26f8c7832c9a5788363517,edhxb3a,Either of those scenarios make sense. I'm getting antsy I need some positive Steelers news haha.,amusement,joy,positive,85%,,2026-06-08,19:15:27,excitement,joy,85%,,2026-06-08,19:15:38,excitement,joy,85%,,2026-06-08,19:15:51
6a26f8de832c9a5788363518,edfyqn0,At least we know they have good taste,admiration,joy,positive,80%,,2026-06-08,19:15:52,approval,joy,80%,,2026-06-08,19:16:03,approval,joy,95%,,2026-06-08,19:16:14
6a26f8e0832c9a5788363519,eeatvza,radical would be good. Poverty has to be erased before society is allowed to maximize individual wealth as it is doing now.,admiration,joy,negative,85%,,2026-06-08,19:15:54,disapproval,anger,85%,,2026-06-08,19:16:05,disapproval,anger,85%,,2026-06-08,19:16:16
6a26f8e1832c9a578836351a,eezm715,"I've felt number 2 so hard. ""Working hard for what you don't want"" is a thing.  (",neutral,neutral,negative,95%,,2026-06-08,19:15:55,disappointment,sadness,95%,,2026-06-08,19:16:06,disappointment,sadness,95%,,2026-06-08,19:16:17
6a26f8e3832c9a578836351b,edb1ivv,Growing up there were people in our church who hated the Smurfs because they were magic using communists.,disapproval,anger,negative,85%,,2026-06-08,19:15:56,disapproval,anger,85%,,2026-06-08,19:16:07,disapproval,anger,90%,,2026-06-08,19:16:19
6a26f8e4832c9a578836351c,eczb527,So much time saved. Not.,curiosity,neutral,negative,95%,,2026-06-08,19:15:58,disappointment,sadness,95%,,2026-06-08,19:16:09,disappointment,sadness,95%,,2026-06-08,19:16:20
6a26f8e6832c9a578836351d,ef9lmu1,I don't get what you mean,confusion,neutral,negative,70%,,2026-06-08,19:15:59,confusion,neutral,95%,,2026-06-08,19:16:10,confusion,neutral,95%,,2026-06-08,19:16:22
6a26f8e7832c9a578836351e,eeq8c51,now if only there was some sort of *shock them through the phone* button....,neutral,neutral,negative,85%,,2026-06-08,19:16:00,amusement,joy,85%,,2026-06-08,19:16:12,anger,anger,85%,,2026-06-08,19:16:23
6a26f8e8832c9a578836351f,ef7vccb,Democrips and Rebloodicans was my favorite.,approval,joy,negative,85%,,2026-06-08,19:16:02,nostalgia,neutral,85%,,2026-06-08,19:16:13,nostalgia,neutral,85%,,2026-06-08,19:16:24
6a26f8ff832c9a5788363520,ee4pi6j,We aren't a bunch of Republican puppets like you believe.,annoyance,anger,negative,85%,,2026-06-08,19:16:26,anger,anger,70%,,2026-06-08,19:16:36,anger,anger,85%,,2026-06-08,19:16:47
6a26f900832c9a5788363521,edv1012,I like [NAME] so far but making shots that you missed in the first half aren't coaching adjustments,love,love,neutral,70%,,2026-06-08,19:16:27,disapproval,anger,85%,,2026-06-08,19:16:38,disapproval,anger,80%,,2026-06-08,19:16:48
6a26f902832c9a5788363522,eeu6ya4,"Big man going round the world asking for protection money. And all that time the Pentagon cringes, as they would lose a key base around China.",neutral,neutral,negative,95%,,2026-06-08,19:16:28,anger,anger,85%,,2026-06-08,19:16:39,anger,anger,90%,,2026-06-08,19:16:50
6a26f903832c9a5788363523,edbvycr,oh my [NAME],surprise,surprise,neutral,70%,,2026-06-08,19:16:30,surprise,surprise,85%,,2026-06-08,19:16:40,surprise,surprise,70%,,2026-06-08,19:16:51
6a26f904832c9a5788363524,efeis4u,Okay I can see this looking really cool for a festival or photos though ð,joy,joy,positive,95%,,2026-06-08,19:16:31,joy,joy,90%,,2026-06-08,19:16:42,joy,joy,95%,,2026-06-08,19:16:52
6a26f906832c9a5788363525,effouzj,"I became a member in the summer and have still not gotten my packet, your post just gave me hope it still might come",optimism,joy,positive,70%,,2026-06-08,19:16:32,hope,neutral,90%,,2026-06-08,19:16:43,hope,neutral,85%,,2026-06-08,19:16:54
6a26f907832c9a5788363526,ee2wd74,Are you here to solve my catsup problem?,curiosity,neutral,neutral,70%,,2026-06-08,19:16:34,confusion,neutral,85%,,2026-06-08,19:16:44,confusion,neutral,70%,,2026-06-08,19:16:55
6a26f908832c9a5788363527,ee4kuur,Its ok we all know you suck scrub.,anger,anger,negative,95%,,2026-06-08,19:16:35,anger,anger,95%,,2026-06-08,19:16:46,disgust,disgust,85%,,2026-06-08,19:16:56
6a26f91f832c9a5788363528,eejzqh8,I can say when I was 16 I never did anything even remotely as hateful as what these kids did. It's really easy.,approval,joy,negative,85%,,2026-06-08,19:16:58,disapproval,anger,90%,,2026-06-08,19:17:08,disapproval,anger,95%,,2026-06-08,19:17:19
6a26f920832c9a5788363529,edxqdnj,"I get ghosted all the time after I open pics. I don't like it, so would not do it to someone else.",disapproval,anger,negative,95%,,2026-06-08,19:16:59,disappointment,sadness,90%,,2026-06-08,19:17:10,disappointment,sadness,95%,,2026-06-08,19:17:20
6a26f922832c9a578836352a,ee53udw,This is my favorite game of all time. Thanks for bringing back some good memories!,gratitude,joy,positive,95%,,2026-06-08,19:17:00,joy,joy,95%,,2026-06-08,19:17:11,joy,joy,95%,,2026-06-08,19:17:22
6a26f923832c9a578836352b,ed90zsj,What are ferals and what's wrong with them? (I'm relatively new to the furry community and don't know a lot about it yet.),neutral,neutral,neutral,95%,,2026-06-08,19:17:02,curiosity,neutral,95%,,2026-06-08,19:17:12,curiosity,neutral,85%,,2026-06-08,19:17:23
6a26f925832c9a578836352c,ef5tna3,"I dont know, she seems pretty gangster to me.",annoyance,anger,neutral,70%,,2026-06-08,19:17:03,confusion,neutral,70%,,2026-06-08,19:17:14,confusion,neutral,70%,,2026-06-08,19:17:25
6a26f926832c9a578836352d,ed1rede,"If the blindness ever comes back for whatever reason, try doing this ",caring,love,neutral,80%,,2026-06-08,19:17:04,fear,fear,80%,,2026-06-08,19:17:15,fear,fear,70%,,2026-06-08,19:17:26
6a26f927832c9a578836352e,efffkue,You shouldn't force someone to come out you know. Now look at what you did! You killed [NAME]! You bastard!,anger,anger,negative,95%,,2026-06-08,19:17:06,anger,anger,95%,,2026-06-08,19:17:16,anger,anger,95%,,2026-06-08,19:17:27
6a26f929832c9a578836352f,eevqc27,"The article says an emergency declaration let's them skip some regulations on contractors... Overpriced no bid contacts to his cronies are on the menu, boys!",neutral,neutral,negative,95%,,2026-06-08,19:17:07,anger,anger,95%,,2026-06-08,19:17:18,anger,anger,95%,,2026-06-08,19:17:29
6a26f940832c9a5788363530,edg9c4n,"Yeah dude, that's illegal in so many ways.",disapproval,anger,negative,95%,,2026-06-08,19:17:30,disapproval,anger,95%,,2026-06-08,19:17:41,disapproval,anger,95%,,2026-06-08,19:17:52
6a26f942832c9a5788363531,ed01w5c,I agree. That is a fight better left for later.,approval,joy,neutral,85%,,2026-06-08,19:17:32,approval,joy,90%,,2026-06-08,19:17:43,approval,joy,85%,,2026-06-08,19:17:54
6a26f943832c9a5788363532,edjlwpx,I know how you feel and Iâm sorry youâre going through that. But Iâm glad you are still here,gratitude,joy,positive,85%,,2026-06-08,19:17:33,caring,love,95%,,2026-06-08,19:17:44,caring,love,95%,,2026-06-08,19:17:55
6a26f945832c9a5788363533,eds051b,And then everyone clapped and cheered.,admiration,joy,positive,95%,,2026-06-08,19:17:34,joy,joy,90%,,2026-06-08,19:17:46,joy,joy,95%,,2026-06-08,19:17:57
6a26f946832c9a5788363534,edwxogj,I enjoyed this TED talk.,joy,joy,positive,95%,,2026-06-08,19:17:36,joy,joy,90%,,2026-06-08,19:17:47,joy,joy,95%,,2026-06-08,19:17:58
6a26f947832c9a5788363535,edrmlsx,He's trying!,approval,joy,positive,80%,,2026-06-08,19:17:37,approval,joy,90%,,2026-06-08,19:17:48,approval,joy,95%,,2026-06-08,19:17:59
6a26f949832c9a5788363536,ed6sa19,Is [NAME] dating the woman she lives with? Not my business but enquiring minds want to know,neutral,neutral,neutral,95%,,2026-06-08,19:17:38,curiosity,neutral,80%,,2026-06-08,19:17:50,curiosity,neutral,85%,,2026-06-08,19:18:01
6a26f94a832c9a5788363537,ee691bd,I think they are leaving it up because they know they can't delete it.,neutral,neutral,negative,85%,,2026-06-08,19:17:40,disapproval,anger,85%,,2026-06-08,19:17:51,anger,anger,75%,,2026-06-08,19:18:02
6a26f961832c9a5788363538,edx3b1v,So juicy i'm surprised the man from Del Monte isn't knocking at his door.,surprise,surprise,positive,95%,,2026-06-08,19:18:03,amusement,joy,85%,,2026-06-08,19:18:14,amusement,joy,95%,,2026-06-08,19:18:25
6a26f963832c9a5788363539,ef6igxx,"Oh I remember that final , I just dont want to involve my team in the conversation because we share a rivalry",annoyance,anger,negative,85%,,2026-06-08,19:18:05,annoyance,anger,85%,,2026-06-08,19:18:16,annoyance,anger,85%,,2026-06-08,19:18:27
6a26f964832c9a578836353a,ed8c58h,Ya i hate to talk bad about donât but they should get the sticks out of their butts and make smarter decisions for their community,anger,anger,negative,95%,,2026-06-08,19:18:06,anger,anger,95%,,2026-06-08,19:18:17,anger,anger,95%,,2026-06-08,19:18:28
6a26f965832c9a578836353b,edoo167,"Comments like these are the biggest reason I get so pissed off about fucking centrists crying about the ""both sides"" argument. ",anger,anger,negative,95%,,2026-06-08,19:18:07,anger,anger,95%,,2026-06-08,19:18:18,anger,anger,95%,,2026-06-08,19:18:29
6a26f967832c9a578836353c,edavrol,I know! I would absolutely do this as well. Iâd love to to a AMA with him to find out more.,love,love,positive,95%,,2026-06-08,19:18:09,admiration,joy,85%,,2026-06-08,19:18:20,excitement,joy,90%,,2026-06-08,19:18:31
6a26f968832c9a578836353d,ed9ccm3,Im sure shell last 5 min,approval,joy,neutral,70%,,2026-06-08,19:18:10,optimism,joy,80%,,2026-06-08,19:18:21,optimism,joy,70%,,2026-06-08,19:18:32
6a26f969832c9a578836353e,ed1qbx1,fuck atheist countries,anger,anger,negative,95%,,2026-06-08,19:18:12,anger,anger,95%,,2026-06-08,19:18:23,anger,anger,95%,,2026-06-08,19:18:33
6a26f96b832c9a578836353f,eecx0gi,"Sorry, but getting shot at causes an almost instinctive natural reflexive reaction to shoot back. I guess I'm just weird like that. ",remorse,sadness,neutral,95%,,2026-06-08,19:18:13,anger,anger,85%,,2026-06-08,19:18:24,neutral,neutral,95%,,2026-06-08,19:18:35
6a26f982832c9a5788363540,efeyzta,"the NT-242 is my favorite battlefront weapon, by far.",admiration,joy,positive,95%,,2026-06-08,19:18:36,love,love,95%,,2026-06-08,19:18:47,love,love,95%,,2026-06-08,19:18:58
6a26f983832c9a5788363541,ee3nsx1,Actually [NAME] had the #1 PP who bazooka [NAME] fired lol,amusement,joy,negative,85%,,2026-06-08,19:18:37,amusement,joy,90%,,2026-06-08,19:18:48,disapproval,anger,85%,,2026-06-08,19:18:59
6a26f984832c9a5788363542,ed73nyc,Oh yeah. That character could have had potential if they let him develop properly,approval,joy,negative,85%,,2026-06-08,19:18:39,disappointment,sadness,90%,,2026-06-08,19:18:49,disappointment,sadness,95%,,2026-06-08,19:19:00
6a26f986832c9a5788363543,ed1xvsq,Just tried and I was able to register it. I got the first Juul from the same place too and that charger worked fine,neutral,neutral,positive,95%,,2026-06-08,19:18:40,relief,joy,85%,,2026-06-08,19:18:51,joy,joy,90%,,2026-06-08,19:19:02
6a26f987832c9a5788363544,eeb72kj,The hooters waitress I hooked up with became a stripper. Now sheâs engaged to her dui attorney who is 60,neutral,neutral,negative,95%,,2026-06-08,19:18:42,disapproval,anger,85%,,2026-06-08,19:18:52,disappointment,sadness,95%,,2026-06-08,19:19:03
6a26f988832c9a5788363545,eehwzkv,Is your job my job? Because I don't know what it is about hardware stores that make Ppl stupid but hell are they stupid...,anger,anger,negative,95%,,2026-06-08,19:18:43,annoyance,anger,95%,,2026-06-08,19:18:54,anger,anger,95%,,2026-06-08,19:19:04
6a26f98a832c9a5788363546,ef00c7a,"Yeah, sorry, I was on the mobile site, and wasn't able to delete it.",remorse,sadness,neutral,85%,,2026-06-08,19:18:44,remorse,sadness,85%,,2026-06-08,19:18:55,remorse,sadness,70%,,2026-06-08,19:19:06
6a26f98b832c9a5788363547,ee5eq4t,"I mean, one has to do the research. Buying a lemon doesn't mean that having a car is ""worthless"".",neutral,neutral,neutral,85%,,2026-06-08,19:18:46,disapproval,anger,70%,,2026-06-08,19:18:56,neutral,neutral,85%,,2026-06-08,19:19:07
6a26f9a2832c9a5788363548,eee5f9i,I loved this place but I would only go for the big Blockbusters. It was the best IMAX theater in Minnesota hands down RIP,admiration,joy,positive,85%,,2026-06-08,19:19:09,sadness,sadness,85%,,2026-06-08,19:19:20,love,love,90%,,2026-06-08,19:19:30
6a26f9a4832c9a5788363549,eeb866h,[NAME] mom is Puerto Rican,neutral,neutral,neutral,80%,,2026-06-08,19:19:10,pride,joy,70%,,2026-06-08,19:19:21,neutral,neutral,100%,,2026-06-08,19:19:32
6a26f9a5832c9a578836354a,ee9tr7b,Kinda reminds me of the 11 foot 8 videos. Sooo,neutral,neutral,neutral,70%,,2026-06-08,19:19:11,amusement,joy,85%,,2026-06-08,19:19:22,amusement,joy,80%,,2026-06-08,19:19:33
6a26f9a6832c9a578836354b,ee5oii9,Didnât the chinook end? How are her legs not freezing off?!,confusion,neutral,negative,85%,,2026-06-08,19:19:13,confusion,neutral,85%,,2026-06-08,19:19:24,anger,anger,85%,,2026-06-08,19:19:34
6a26f9a8832c9a578836354c,edtzjr5,"In the short term, yes. ",approval,joy,neutral,70%,,2026-06-08,19:19:14,neutral,neutral,90%,,2026-06-08,19:19:25,neutral,neutral,100%,,2026-06-08,19:19:36
6a26f9a9832c9a578836354d,edahyhk,Company car? Oh boy heâs in trouble now.,surprise,surprise,negative,85%,,2026-06-08,19:19:16,amusement,joy,80%,,2026-06-08,19:19:26,disapproval,anger,85%,,2026-06-08,19:19:37
6a26f9aa832c9a578836354e,edkujtd,(It was a joke),amusement,joy,neutral,95%,,2026-06-08,19:19:17,confusion,neutral,80%,,2026-06-08,19:19:28,neutral,neutral,100%,,2026-06-08,19:19:38
6a26f9ac832c9a578836354f,eds05h2,"Wow this was an eye-opening response, and youâre right it helped us learn more, be compassionate and focus on a better well-being.",admiration,joy,positive,95%,,2026-06-08,19:19:18,admiration,joy,90%,,2026-06-08,19:19:29,gratitude,joy,95%,,2026-06-08,19:19:40
6a26f9c4832c9a5788363550,ef6tx23,Look we are starving but we still have some honor. We don't need any help from your people. Especially not 50 cents a day,disapproval,anger,negative,95%,,2026-06-08,19:19:41,pride,joy,85%,,2026-06-08,19:19:52,disapproval,anger,95%,,2026-06-08,19:20:04
6a26f9c6832c9a5788363551,eeqtx13,Oh right I forgot [NAME] was on the show,realization,surprise,neutral,85%,,2026-06-08,19:19:43,surprise,surprise,85%,,2026-06-08,19:19:54,realization,surprise,85%,,2026-06-08,19:20:06
6a26f9c7832c9a5788363552,eesabaf,This draft is one man deep tbh. Not getting Zion would be devastating and a waste of a whole year.,anger,anger,negative,90%,,2026-06-08,19:19:44,disappointment,sadness,90%,,2026-06-08,19:19:55,disappointment,sadness,95%,,2026-06-08,19:20:07
6a26f9c8832c9a5788363553,ef1u0m8,Weird flex but okay,neutral,neutral,neutral,70%,,2026-06-08,19:19:45,amusement,joy,85%,,2026-06-08,19:19:56,confusion,neutral,85%,,2026-06-08,19:20:08
6a26f9ca832c9a5788363554,eff0hzb,"Ding Ding Ding, exactly where I called BS",annoyance,anger,negative,95%,,2026-06-08,19:19:47,anger,anger,95%,,2026-06-08,19:19:58,anger,anger,95%,,2026-06-08,19:20:10
6a26f9cb832c9a5788363555,edoutzs,I put cheese on everythingggggg and I ain't even mad about it,neutral,neutral,positive,95%,,2026-06-08,19:19:48,joy,joy,95%,,2026-06-08,19:19:59,joy,joy,95%,,2026-06-08,19:20:11
6a26f9cc832c9a5788363556,edfrt0v,"Easy money, thank you [NAME]",gratitude,joy,positive,95%,,2026-06-08,19:19:49,gratitude,joy,95%,,2026-06-08,19:20:00,gratitude,joy,95%,,2026-06-08,19:20:12
6a26f9ce832c9a5788363557,eeutxsu,Ahem....Repost Alert!,neutral,neutral,negative,70%,,2026-06-08,19:19:51,annoyance,anger,85%,,2026-06-08,19:20:02,annoyance,anger,85%,,2026-06-08,19:20:14
6a26f9e5832c9a5788363558,ef62y15,That's not a thing,neutral,neutral,negative,95%,,2026-06-08,19:20:15,disapproval,anger,85%,,2026-06-08,19:20:26,disapproval,anger,90%,,2026-06-08,19:20:37
6a26f9e6832c9a5788363559,eeontj6,"I mean, two times zero is zero and that can be a guarantee  D",approval,joy,neutral,70%,,2026-06-08,19:20:16,neutral,neutral,95%,,2026-06-08,19:20:27,neutral,neutral,80%,,2026-06-08,19:20:38
6a26f9e7832c9a578836355a,edu6nvg,hmmmmm I still love [NAME] and a lot of OR candidates but thank you,gratitude,joy,positive,85%,,2026-06-08,19:20:18,love,love,85%,,2026-06-08,19:20:29,love,love,90%,,2026-06-08,19:20:39
6a26f9e9832c9a578836355b,efell3t,Itâs an 05 and we donât know when the battery was last repacked lol,amusement,joy,neutral,70%,,2026-06-08,19:20:19,amusement,joy,80%,,2026-06-08,19:20:30,confusion,neutral,70%,,2026-06-08,19:20:41
6a26f9ea832c9a578836355c,ed6fdgf,they could be extinct. plenty of creatures no longer exist anymore.,neutral,neutral,negative,90%,,2026-06-08,19:20:20,sadness,sadness,85%,,2026-06-08,19:20:31,sadness,sadness,95%,,2026-06-08,19:20:42
6a26f9eb832c9a578836355d,ed17svl,Polarizing filter needed??,confusion,neutral,neutral,70%,,2026-06-08,19:20:22,curiosity,neutral,70%,,2026-06-08,19:20:32,confusion,neutral,70%,,2026-06-08,19:20:43
6a26f9ed832c9a578836355e,ed84rvw,Well the house is burnt out so there's not a lot happening with it expect probably insurance folks need to investigate the damage.,neutral,neutral,negative,95%,,2026-06-08,19:20:23,sadness,sadness,70%,,2026-06-08,19:20:34,sadness,sadness,85%,,2026-06-08,19:20:45
6a26f9ee832c9a578836355f,eelu9eg,I desperately want to believe you but then,confusion,neutral,negative,80%,,2026-06-08,19:20:24,desire,neutral,90%,,2026-06-08,19:20:35,disappointment,sadness,85%,,2026-06-08,19:20:46
6a26fa05832c9a5788363560,ef4mktw,I miss being practically jello as a kid,sadness,sadness,positive,85%,,2026-06-08,19:20:47,nostalgia,neutral,85%,,2026-06-08,19:20:58,nostalgia,neutral,85%,,2026-06-08,19:21:09
6a26fa07832c9a5788363561,edop8ji,A year ago I said that this continuous ISO by Houston is disgusting to watch. It s still disgusting.,anger,anger,negative,95%,,2026-06-08,19:20:49,disgust,disgust,95%,,2026-06-08,19:21:00,disgust,disgust,95%,,2026-06-08,19:21:11
6a26fa08832c9a5788363562,ed5t2xv,Poeling is looking like a fkn stud. Imagine our C depth next season... [NAME]... holy fuck,annoyance,anger,positive,85%,,2026-06-08,19:20:50,amusement,joy,85%,,2026-06-08,19:21:01,amusement,joy,85%,,2026-06-08,19:21:12
6a26fa09832c9a5788363563,ee0sk10,He looks especially cute in the glasses.,admiration,joy,positive,95%,,2026-06-08,19:20:51,admiration,joy,95%,,2026-06-08,19:21:02,love,love,90%,,2026-06-08,19:21:13
6a26fa0b832c9a5788363564,edclfo6,Didn't find it believable even from the start,disapproval,anger,negative,95%,,2026-06-08,19:20:53,disapproval,anger,85%,,2026-06-08,19:21:04,disapproval,anger,90%,,2026-06-08,19:21:15
6a26fa0c832c9a5788363565,edzhwn6,Maybe write your own music and it wonât get taken down.,neutral,neutral,neutral,70%,,2026-06-08,19:20:54,optimism,joy,70%,,2026-06-08,19:21:05,curiosity,neutral,70%,,2026-06-08,19:21:16
6a26fa0d832c9a5788363566,ed8tqe0,There is no god. *[NAME] is content in own company. .  If there was a god it is definitely not an [NAME].,neutral,neutral,negative,85%,,2026-06-08,19:20:55,disapproval,anger,95%,,2026-06-08,19:21:07,disapproval,anger,95%,,2026-06-08,19:21:17
6a26fa0f832c9a5788363567,efdehiv,"> ""But I'm their father. They have to,"" he kept saying. And there is delusion colliding with reality.",realization,surprise,negative,85%,,2026-06-08,19:20:57,disappointment,sadness,85%,,2026-06-08,19:21:08,disappointment,sadness,85%,,2026-06-08,19:21:19
6a26fa26832c9a5788363568,edjcxqt,Would need the #1 overall in 2 years... should try to get a first in next years draft for AB and hope that team tanks,optimism,joy,neutral,70%,,2026-06-08,19:21:20,desire,neutral,85%,,2026-06-08,19:21:31,desire,neutral,70%,,2026-06-08,19:21:42
6a26fa28832c9a5788363569,ee1jgnz,He looks so disappointed in him,neutral,neutral,negative,90%,,2026-06-08,19:21:21,disappointment,sadness,90%,,2026-06-08,19:21:33,disappointment,sadness,90%,,2026-06-08,19:21:44
6a26fa29832c9a578836356a,edekyaj,Why would you assume he wasnât in on the decision?,neutral,neutral,negative,85%,,2026-06-08,19:21:23,confusion,neutral,85%,,2026-06-08,19:21:34,disapproval,anger,85%,,2026-06-08,19:21:45
6a26fa2a832c9a578836356b,eerpdf9,Which doesn't excuse the fact that he wanted to see sexy pictures of a 16 year old. Gross.,neutral,neutral,negative,95%,,2026-06-08,19:21:24,disgust,disgust,95%,,2026-06-08,19:21:35,disgust,disgust,95%,,2026-06-08,19:21:46
6a26fa2c832c9a578836356c,eec1a7n,"He probably does, but people donât speak Godlish very well.",admiration,joy,neutral,80%,,2026-06-08,19:21:25,confusion,neutral,80%,,2026-06-08,19:21:37,confusion,neutral,70%,,2026-06-08,19:21:48
6a26fa2d832c9a578836356d,ed75vdx,Haha I meant [NAME]. I was a very chatty fast bowler/no.6 pinch hitter.,amusement,joy,positive,85%,,2026-06-08,19:21:27,amusement,joy,85%,,2026-06-08,19:21:38,amusement,joy,90%,,2026-06-08,19:21:49
6a26fa2e832c9a578836356e,eegh2um,No matter what you choose (if you even have a choice) you can rest assured it will be fairly slow and very overpriced.,neutral,neutral,negative,95%,,2026-06-08,19:21:28,annoyance,anger,85%,,2026-06-08,19:21:39,disappointment,sadness,85%,,2026-06-08,19:21:50
6a26fa30832c9a578836356f,edmujf7,I once looked at the I-95 and was hospitalised for weeks.,sadness,sadness,negative,95%,,2026-06-08,19:21:30,sadness,sadness,85%,,2026-06-08,19:21:41,sadness,sadness,85%,,2026-06-08,19:21:52
6a26fa47832c9a5788363570,eezdd32,I hope his pants fell down from the extra weight lmao,amusement,joy,negative,80%,,2026-06-08,19:21:53,amusement,joy,90%,,2026-06-08,19:22:04,amusement,joy,85%,,2026-06-08,19:22:15
6a26fa48832c9a5788363571,ef2bj7q,Its to bad he doesnât give Tomlin this treatment.,disapproval,anger,negative,85%,,2026-06-08,19:21:54,disappointment,sadness,85%,,2026-06-08,19:22:06,disappointment,sadness,85%,,2026-06-08,19:22:16
6a26fa4a832c9a5788363572,ed52bfo,What evidence are you basing this on? What evidence would you accept as convincing you're wrong?,curiosity,neutral,neutral,70%,,2026-06-08,19:21:56,confusion,neutral,80%,,2026-06-08,19:22:07,curiosity,neutral,80%,,2026-06-08,19:22:18
6a26fa4b832c9a5788363573,eedwml4,I would not say just one ... It took both [NAME] AND [NAME] to screw this one up!,neutral,neutral,negative,95%,,2026-06-08,19:21:57,anger,anger,95%,,2026-06-08,19:22:08,anger,anger,95%,,2026-06-08,19:22:19
6a26fa4d832c9a5788363574,eczzc3j,"Thank you for your concern, fellow conservative",gratitude,joy,positive,95%,,2026-06-08,19:21:58,gratitude,joy,85%,,2026-06-08,19:22:10,gratitude,joy,90%,,2026-06-08,19:22:21
6a26fa4e832c9a5788363575,ee9a8li,Always great to see a fellow [NAME] give proper advice,admiration,joy,positive,95%,,2026-06-08,19:22:00,approval,joy,90%,,2026-06-08,19:22:11,approval,joy,95%,,2026-06-08,19:22:22
6a26fa4f832c9a5788363576,eerkhn5,genuinely funny - downvoted,amusement,joy,positive,85%,,2026-06-08,19:22:02,disapproval,anger,80%,,2026-06-08,19:22:12,amusement,joy,85%,,2026-06-08,19:22:23
6a26fa51832c9a5788363577,efebkkx,Thank you for phrasing it in a way where I picture [NAME] leaning over a school bus seat to tell me that.,gratitude,joy,positive,85%,,2026-06-08,19:22:03,amusement,joy,85%,,2026-06-08,19:22:14,gratitude,joy,95%,,2026-06-08,19:22:25
6a26fa67832c9a5788363578,ee4abh0,If you plan on doing more then do leo next. Hitting /r/Tekken with the gender mixup.,neutral,neutral,negative,85%,,2026-06-08,19:22:26,amusement,joy,85%,,2026-06-08,19:22:37,annoyance,anger,85%,,2026-06-08,19:22:47
6a26fa69832c9a5788363579,eecz317,"Tbh, 2020 he would give us another amazing album. This year could still be rushed, but itâs great to see him out and shit",admiration,joy,positive,85%,,2026-06-08,19:22:27,optimism,joy,80%,,2026-06-08,19:22:38,optimism,joy,85%,,2026-06-08,19:22:49
6a26fa6a832c9a578836357a,ef58l4l,"To each according to their needs... Except entitled parents, who need everything.",neutral,neutral,negative,85%,,2026-06-08,19:22:28,annoyance,anger,85%,,2026-06-08,19:22:39,disapproval,anger,85%,,2026-06-08,19:22:50
6a26fa6b832c9a578836357b,eem3bce,Thatâs my favorite way to introduce myself tbh,approval,joy,positive,95%,,2026-06-08,19:22:30,joy,joy,95%,,2026-06-08,19:22:41,joy,joy,95%,,2026-06-08,19:22:51
6a26fa6d832c9a578836357c,ef2tzdc,It's also the only title that doesn't have to be defended. Convenient that.,neutral,neutral,positive,85%,,2026-06-08,19:22:31,amusement,joy,85%,,2026-06-08,19:22:42,amusement,joy,85%,,2026-06-08,19:22:53
6a26fa6e832c9a578836357d,edbrl45,"Again nothing, you are the one obsessing over that term, he literally says he puts girls on a pedestal. ",annoyance,anger,negative,85%,,2026-06-08,19:22:33,annoyance,anger,85%,,2026-06-08,19:22:43,disapproval,anger,85%,,2026-06-08,19:22:54
6a26fa6f832c9a578836357e,eetcmd6,Because majority of moves have stupidly long names. GO INTO ANGEL PUNISHER INTO DIVE BOMB RADIANCE AND FINISH THE JOB WITH PUNISHING LIGHT BLADE,anger,anger,negative,95%,,2026-06-08,19:22:34,annoyance,anger,90%,,2026-06-08,19:22:45,annoyance,anger,95%,,2026-06-08,19:22:55
6a26fa71832c9a578836357f,ee53bkq,This is a great thread for catching up on my block list. 10/10 would block again,admiration,joy,positive,95%,,2026-06-08,19:22:35,approval,joy,95%,,2026-06-08,19:22:46,amusement,joy,85%,,2026-06-08,19:22:57
6a26fa87832c9a5788363580,ee09lk9,I didnât rely on them necessarily. I just dislike chiefs and [NAME] lol,amusement,joy,negative,85%,,2026-06-08,19:22:58,disapproval,anger,85%,,2026-06-08,19:23:09,disapproval,anger,90%,,2026-06-08,19:23:19
6a26fa89832c9a5788363581,edgt2z0,"Oh, [NAME]... [INSERT SITCOM LAUGH TRACK HERE]",neutral,neutral,neutral,70%,,2026-06-08,19:22:59,amusement,joy,95%,,2026-06-08,19:23:10,amusement,joy,85%,,2026-06-08,19:23:21
6a26fa8b832c9a5788363582,eekop7y,What? Who said I hated him? I dont give a damn about him either way.,anger,anger,neutral,95%,,2026-06-08,19:23:01,anger,anger,85%,,2026-06-08,19:23:11,disapproval,anger,85%,,2026-06-08,19:23:23
6a26fa8c832c9a5788363583,eesd7fl,"Well I mean OP said this was a year ago, I meant that they could STILL press charges.",neutral,neutral,neutral,85%,,2026-06-08,19:23:02,disappointment,sadness,70%,,2026-06-08,19:23:13,confusion,neutral,70%,,2026-06-08,19:23:24
6a26fa8d832c9a5788363584,edn6y20,Lol he said it was the driver's fault and everyone called him out.,amusement,joy,negative,90%,,2026-06-08,19:23:03,amusement,joy,85%,,2026-06-08,19:23:14,disapproval,anger,90%,,2026-06-08,19:23:25
6a26fa8f832c9a5788363585,ed1dp2v,Thatâs the most badass joke Iâve heard,amusement,joy,positive,95%,,2026-06-08,19:23:05,amusement,joy,95%,,2026-06-08,19:23:15,amusement,joy,95%,,2026-06-08,19:23:27
6a26fa90832c9a5788363586,eeuvxcv,I love this ð,love,love,positive,95%,,2026-06-08,19:23:06,joy,joy,90%,,2026-06-08,19:23:17,joy,joy,95%,,2026-06-08,19:23:28
6a26fa91832c9a5788363587,ee55nm5,"Nobody got time for that, Dont even like twitter",disapproval,anger,negative,95%,,2026-06-08,19:23:07,annoyance,anger,95%,,2026-06-08,19:23:18,disapproval,anger,95%,,2026-06-08,19:23:29
6a26faa9832c9a5788363588,eerb1cy,"Your pro controller tho, tops.",admiration,joy,positive,95%,,2026-06-08,19:23:31,admiration,joy,95%,,2026-06-08,19:23:42,admiration,joy,95%,,2026-06-08,19:23:53
6a26faaa832c9a5788363589,ee8s0mc,[NAME] it'd be funny if it weren't so pathetic.,amusement,joy,negative,95%,,2026-06-08,19:23:32,disapproval,anger,85%,,2026-06-08,19:23:43,disappointment,sadness,85%,,2026-06-08,19:23:54
6a26faab832c9a578836358a,ef6v2z2,"When the law says that being penetrated is required to be called rape, it's not just peoples' belief, it's literally systematic.",neutral,neutral,negative,95%,,2026-06-08,19:23:34,anger,anger,95%,,2026-06-08,19:23:44,disapproval,anger,95%,,2026-06-08,19:23:55
6a26faad832c9a578836358b,eeqdye4,"""I'm not the one constantly talking about getting laid, YOU are!"" ",annoyance,anger,negative,85%,,2026-06-08,19:23:35,anger,anger,85%,,2026-06-08,19:23:46,anger,anger,95%,,2026-06-08,19:23:57
6a26faae832c9a578836358c,edoredy,"Plot twist, she's accepted [NAME] as her Lord and Savior.",approval,joy,positive,95%,,2026-06-08,19:23:36,surprise,surprise,95%,,2026-06-08,19:23:47,joy,joy,95%,,2026-06-08,19:23:58
6a26faaf832c9a578836358d,eelbhkd,Wow!!!,excitement,joy,positive,95%,,2026-06-08,19:23:38,excitement,joy,90%,,2026-06-08,19:23:48,excitement,joy,95%,,2026-06-08,19:23:59
6a26fab1832c9a578836358e,edrcsxd,"Yeah but that post is a day old so OP won't have any chance of getting karma off it, cmmon now",optimism,joy,negative,85%,,2026-06-08,19:23:39,annoyance,anger,85%,,2026-06-08,19:23:50,disappointment,sadness,85%,,2026-06-08,19:24:01
6a26fab2832c9a578836358f,efb6i9m,"Apologies, got a little carried away. ",sadness,sadness,neutral,85%,,2026-06-08,19:23:40,remorse,sadness,80%,,2026-06-08,19:23:51,remorse,sadness,70%,,2026-06-08,19:24:02
6a26fac9832c9a5788363590,eeexo6j,Whoops. Didnât know that was a thing. Thanks!,gratitude,joy,neutral,80%,,2026-06-08,19:24:03,gratitude,joy,85%,,2026-06-08,19:24:14,gratitude,joy,70%,,2026-06-08,19:24:25
6a26faca832c9a5788363591,ed4chqb,I didn't mean for that to sound racist I just mean those [NAME] in the article,disapproval,anger,negative,85%,,2026-06-08,19:24:05,remorse,sadness,95%,,2026-06-08,19:24:16,remorse,sadness,85%,,2026-06-08,19:24:26
6a26facc832c9a5788363592,eecsz67,Thatâs how I read it in the sentence but my brain reads it as âyeahnoâ. Lol,amusement,joy,neutral,70%,,2026-06-08,19:24:06,amusement,joy,85%,,2026-06-08,19:24:17,amusement,joy,85%,,2026-06-08,19:24:28
6a26facd832c9a5788363593,edn7eua,"Oh, wow. Hope nothing happens to his arms on the way!",optimism,joy,negative,85%,,2026-06-08,19:24:07,fear,fear,70%,,2026-06-08,19:24:18,fear,fear,85%,,2026-06-08,19:24:29
6a26face832c9a5788363594,edxzrwk,[NAME] looking like [NAME] out there,admiration,joy,neutral,70%,,2026-06-08,19:24:09,amusement,joy,80%,,2026-06-08,19:24:20,neutral,neutral,90%,,2026-06-08,19:24:30
6a26fad0832c9a5788363595,ed68elf,"well, i mean, he served his sentence and repaid his debt. is his punishment over, or is it forever?",curiosity,neutral,neutral,80%,,2026-06-08,19:24:10,confusion,neutral,85%,,2026-06-08,19:24:21,confusion,neutral,85%,,2026-06-08,19:24:32
6a26fad1832c9a5788363596,eezfpa7,"I also posted about this a few days ago. Maybe they have different designers but none of them has follow-up or approval from a single person, unfortunate",disappointment,sadness,negative,95%,,2026-06-08,19:24:11,disappointment,sadness,85%,,2026-06-08,19:24:22,disappointment,sadness,95%,,2026-06-08,19:24:33
6a26fad3832c9a5788363597,edm6d8n,"[NAME] was my favorite. And I liked [NAME] her first season. They both suck now, so damn hard.",disapproval,anger,negative,95%,,2026-06-08,19:24:13,disappointment,sadness,95%,,2026-06-08,19:24:24,disappointment,sadness,95%,,2026-06-08,19:24:35
6a26fae9832c9a5788363598,eeaqvdw,This is your moment!,neutral,neutral,positive,95%,,2026-06-08,19:24:36,excitement,joy,90%,,2026-06-08,19:24:47,excitement,joy,95%,,2026-06-08,19:24:57
6a26faeb832c9a5788363599,ed39ya5,"No offense, but your parents are assholes.",anger,anger,negative,95%,,2026-06-08,19:24:37,anger,anger,85%,,2026-06-08,19:24:48,anger,anger,95%,,2026-06-08,19:24:59
6a26faec832c9a578836359a,edth8ry,Whatever mental condition he has is far worse than autism.,neutral,neutral,negative,95%,,2026-06-08,19:24:39,disapproval,anger,95%,,2026-06-08,19:24:49,disapproval,anger,95%,,2026-06-08,19:25:00
6a26faed832c9a578836359b,eesnn4a,As much as I hate [NAME] I love the guy a lot,love,love,positive,70%,,2026-06-08,19:24:40,love,love,90%,,2026-06-08,19:24:51,love,love,95%,,2026-06-08,19:25:01
6a26faef832c9a578836359c,edw961n,That doesn't make the kid stupid though. That makes him a baby.,neutral,neutral,neutral,85%,,2026-06-08,19:24:41,disapproval,anger,85%,,2026-06-08,19:24:52,amusement,joy,70%,,2026-06-08,19:25:03
6a26faf0832c9a578836359d,ef1fsgf,8 hour old spam account of the forum incel buttcoin troll.,neutral,neutral,negative,95%,,2026-06-08,19:24:43,disgust,disgust,95%,,2026-06-08,19:24:53,disgust,disgust,95%,,2026-06-08,19:25:04
6a26faf2832c9a578836359e,edbi8ri,Fine as long as the experience is not frustrating. Problem is not balance problem is itâs not fun,annoyance,anger,neutral,85%,,2026-06-08,19:24:44,annoyance,anger,85%,,2026-06-08,19:24:55,disappointment,sadness,85%,,2026-06-08,19:25:06
6a26faf3832c9a578836359f,edd5jzy,#WHERE ARE THE TURTLES,curiosity,neutral,negative,85%,,2026-06-08,19:24:45,confusion,neutral,85%,,2026-06-08,19:24:56,anger,anger,85%,,2026-06-08,19:25:07
6a26fb0a832c9a57883635a0,ed51tnp,"Oh I can feel the burn all the way from Australia, even a few months later. Doesn't anyone have a direct source to this post? Thanks",gratitude,joy,neutral,70%,,2026-06-08,19:25:08,curiosity,neutral,80%,,2026-06-08,19:25:19,curiosity,neutral,70%,,2026-06-08,19:25:30
6a26fb0b832c9a57883635a1,eemqrsa,"Instagram literally fueles my eating disorder, I can't have it. It is all fake though",disappointment,sadness,negative,95%,,2026-06-08,19:25:10,disgust,disgust,95%,,2026-06-08,19:25:20,disgust,disgust,85%,,2026-06-08,19:25:31
6a26fb0d832c9a57883635a2,edpms8p,The age of consent is 16. It's the indecent nature of the photo that has gotten him in trouble.,embarrassment,sadness,neutral,95%,,2026-06-08,19:25:11,disapproval,anger,85%,,2026-06-08,19:25:22,disapproval,anger,80%,,2026-06-08,19:25:33
6a26fb0e832c9a57883635a3,edlqyto,I think this isn't allowed on /r/cringe and I think that's why they hid that sub.,neutral,neutral,negative,85%,,2026-06-08,19:25:12,disapproval,anger,85%,,2026-06-08,19:25:23,disapproval,anger,95%,,2026-06-08,19:25:34
6a26fb0f832c9a57883635a4,ef9yhnp,>Allow insurance to not pay for treatment of diseases with known vaccinations and to raise rates on antivaxxers *Genius!*,admiration,joy,negative,85%,,2026-06-08,19:25:14,approval,joy,85%,,2026-06-08,19:25:24,disapproval,anger,95%,,2026-06-08,19:25:35
6a26fb11832c9a57883635a5,eeewpou,I'm fucking starving here.,anger,anger,negative,95%,,2026-06-08,19:25:15,annoyance,anger,85%,,2026-06-08,19:25:26,disappointment,sadness,85%,,2026-06-08,19:25:37
6a26fb12832c9a57883635a6,efa717k,She just needs to kiss [NAME],love,love,neutral,70%,,2026-06-08,19:25:16,desire,neutral,80%,,2026-06-08,19:25:27,desire,neutral,70%,,2026-06-08,19:25:38
6a26fb13832c9a57883635a7,eetljfs,i saw that before. what does that have to do with this?,neutral,neutral,neutral,85%,,2026-06-08,19:25:18,confusion,neutral,85%,,2026-06-08,19:25:28,confusion,neutral,85%,,2026-06-08,19:25:39
6a26fb2a832c9a57883635a8,ef1whxw,"Because all they care about is themselves, and maybe their immediate family. Its the libertarian ethos - gimme gimme and fuck everybody else.",neutral,neutral,negative,95%,,2026-06-08,19:25:41,disapproval,anger,95%,,2026-06-08,19:25:51,disapproval,anger,95%,,2026-06-08,19:26:02
6a26fb2b832c9a57883635a9,eev1cut,You're right... But look at that badass black leather jacket.,admiration,joy,positive,85%,,2026-06-08,19:25:42,amusement,joy,85%,,2026-06-08,19:25:53,amusement,joy,85%,,2026-06-08,19:26:03
6a26fb2d832c9a57883635aa,ef5m9gf,i mean yeah but people need to understand when someone needs something other than just sexual comments and maybe some actual support,approval,joy,negative,85%,,2026-06-08,19:25:43,disapproval,anger,85%,,2026-06-08,19:25:54,disappointment,sadness,85%,,2026-06-08,19:26:05
6a26fb2e832c9a57883635ab,eewb7sg,money always talk. i want more to learn from this lesson.,desire,neutral,neutral,85%,,2026-06-08,19:25:45,desire,neutral,85%,,2026-06-08,19:25:55,desire,neutral,85%,,2026-06-08,19:26:06
6a26fb2f832c9a57883635ac,ed0vclk,"This is the sort of chucklefuck who finds himself saying ""and there was nothing I could do"" after a mishap... often.",realization,surprise,negative,95%,,2026-06-08,19:25:46,annoyance,anger,85%,,2026-06-08,19:25:57,disapproval,anger,95%,,2026-06-08,19:26:07
6a26fb31832c9a57883635ad,ed2z9xi,My brother fell asleep on the beach once and his whole back turned purple from sunburn and yours is still worse than his! My [NAME]!!,disappointment,sadness,negative,85%,,2026-06-08,19:25:47,amusement,joy,85%,,2026-06-08,19:25:58,disapproval,anger,85%,,2026-06-08,19:26:09
6a26fb32832c9a57883635ae,ee6rgjx,Big big hold from the [NAME],neutral,neutral,neutral,70%,,2026-06-08,19:25:49,excitement,joy,85%,,2026-06-08,19:25:59,neutral,neutral,80%,,2026-06-08,19:26:10
6a26fb34832c9a57883635af,efgic1j,"Or the Lady Killers, except it's a bank and not a Casino. Set in the south too.",neutral,neutral,neutral,70%,,2026-06-08,19:25:50,amusement,joy,85%,,2026-06-08,19:26:01,amusement,joy,85%,,2026-06-08,19:26:12
6a26fb4a832c9a57883635b0,ef9o2m9,"Love [NAME], but he is really dumb when it comes to politics and economics.",disappointment,sadness,negative,85%,,2026-06-08,19:26:13,love,love,70%,,2026-06-08,19:26:24,disappointment,sadness,90%,,2026-06-08,19:26:34
6a26fb4c832c9a57883635b1,efa5sez,Thanks for explaining the point he was making.,gratitude,joy,positive,95%,,2026-06-08,19:26:14,gratitude,joy,90%,,2026-06-08,19:26:25,gratitude,joy,95%,,2026-06-08,19:26:36
6a26fb4d832c9a57883635b2,efcvff2,"Land near those coastal hotspots is running out. If you want to live in the Midwest, it's still cheap. ",neutral,neutral,neutral,85%,,2026-06-08,19:26:16,neutral,neutral,90%,,2026-06-08,19:26:26,neutral,neutral,85%,,2026-06-08,19:26:37
6a26fb4e832c9a57883635b3,eew4ljm,I have the same issue with a new co-worker and it drives me insane.,annoyance,anger,negative,95%,,2026-06-08,19:26:17,anger,anger,85%,,2026-06-08,19:26:28,anger,anger,95%,,2026-06-08,19:26:38
6a26fb50832c9a57883635b4,ef0tov4,oh thats rather weak then. kmt thought they would know better. its a reactable headbutt.,neutral,neutral,negative,95%,,2026-06-08,19:26:18,disapproval,anger,85%,,2026-06-08,19:26:29,disappointment,sadness,85%,,2026-06-08,19:26:40
6a26fb51832c9a57883635b5,edibxny,"Go twice a day, every day. Only way the bleeding stops. It blows.",neutral,neutral,negative,90%,,2026-06-08,19:26:20,disapproval,anger,85%,,2026-06-08,19:26:30,disappointment,sadness,85%,,2026-06-08,19:26:41
6a26fb52832c9a57883635b6,eevqz63,"""brush my back again, I dare you, I double dare you.""",neutral,neutral,negative,85%,,2026-06-08,19:26:21,anger,anger,95%,,2026-06-08,19:26:32,anger,anger,95%,,2026-06-08,19:26:42
6a26fb54832c9a57883635b7,efdn61e,r/uk hates nationalism but likes the SNP. Not sure if hypocrisy or itâs different people,confusion,neutral,neutral,70%,,2026-06-08,19:26:22,confusion,neutral,85%,,2026-06-08,19:26:33,confusion,neutral,85%,,2026-06-08,19:26:44
6a26fb6b832c9a57883635b8,eeh2yys,No! That's horrible news!..for Galaxy fans lol,amusement,joy,negative,95%,,2026-06-08,19:26:45,disappointment,sadness,90%,,2026-06-08,19:26:56,disappointment,sadness,90%,,2026-06-08,19:27:07
6a26fb6d832c9a57883635b9,edxjnyg,What a coincidence. I also had a Bort.,surprise,surprise,neutral,70%,,2026-06-08,19:26:47,surprise,surprise,85%,,2026-06-08,19:26:57,surprise,surprise,70%,,2026-06-08,19:27:09
6a26fb6e832c9a57883635ba,eewt7b3,This actually made me laugh out loud,amusement,joy,positive,95%,,2026-06-08,19:26:48,joy,joy,95%,,2026-06-08,19:26:59,amusement,joy,95%,,2026-06-08,19:27:10
6a26fb6f832c9a57883635bb,efgub10,Eat my fuck- [NAME],anger,anger,negative,95%,,2026-06-08,19:26:49,anger,anger,95%,,2026-06-08,19:27:00,anger,anger,95%,,2026-06-08,19:27:11
6a26fb71832c9a57883635bc,eeioagj,The secret and walk away endings are not cannon.,disapproval,anger,negative,95%,,2026-06-08,19:26:51,disapproval,anger,80%,,2026-06-08,19:27:02,disapproval,anger,90%,,2026-06-08,19:27:13
6a26fb72832c9a57883635bd,edlobjf,[NAME] IS SMILING EVERYONE,neutral,neutral,positive,95%,,2026-06-08,19:26:52,joy,joy,85%,,2026-06-08,19:27:03,joy,joy,95%,,2026-06-08,19:27:14
6a26fb73832c9a57883635be,edx0crh,Fcuk you.,anger,anger,negative,95%,,2026-06-08,19:26:53,anger,anger,95%,,2026-06-08,19:27:05,anger,anger,95%,,2026-06-08,19:27:15
6a26fb75832c9a57883635bf,ee2cxdq,"To me, the best smell a person can have is just a clean smell. ",admiration,joy,positive,95%,,2026-06-08,19:26:55,approval,joy,85%,,2026-06-08,19:27:06,approval,joy,95%,,2026-06-08,19:27:17
6a26fb8c832c9a57883635c0,edruvzw,Ha! I like that one.,love,love,positive,95%,,2026-06-08,19:27:18,amusement,joy,85%,,2026-06-08,19:27:29,amusement,joy,90%,,2026-06-08,19:27:40
6a26fb8d832c9a57883635c1,edo96e8,Plus corporations are universally unethical,disapproval,anger,negative,95%,,2026-06-08,19:27:20,disapproval,anger,90%,,2026-06-08,19:27:30,disapproval,anger,95%,,2026-06-08,19:27:41
6a26fb8f832c9a57883635c2,ed4qssq,I like this kid,love,love,positive,95%,,2026-06-08,19:27:21,love,love,80%,,2026-06-08,19:27:32,joy,joy,95%,,2026-06-08,19:27:43
6a26fb90832c9a57883635c3,ee766vv,Is that the dude from spiderman?,curiosity,neutral,neutral,70%,,2026-06-08,19:27:22,curiosity,neutral,90%,,2026-06-08,19:27:33,curiosity,neutral,85%,,2026-06-08,19:27:44
6a26fb91832c9a57883635c4,ed41f9o,Sorry. This happens to too many good people.,sadness,sadness,negative,95%,,2026-06-08,19:27:24,sadness,sadness,85%,,2026-06-08,19:27:34,sadness,sadness,85%,,2026-06-08,19:27:45
6a26fb93832c9a57883635c5,ed0hqrq,Hahaha damn.,amusement,joy,negative,70%,,2026-06-08,19:27:25,amusement,joy,90%,,2026-06-08,19:27:36,disappointment,sadness,70%,,2026-06-08,19:27:47
6a26fb94832c9a57883635c6,eetjbwc,[NAME] has a fun instagram,joy,joy,positive,85%,,2026-06-08,19:27:26,amusement,joy,85%,,2026-06-08,19:27:37,amusement,joy,85%,,2026-06-08,19:27:48
6a26fb95832c9a57883635c7,edshxfn,I guess when it's a decision they agree with the other Tamaki stuff I've read so far (granted I don't read much anything else.,neutral,neutral,positive,70%,,2026-06-08,19:27:28,approval,joy,85%,,2026-06-08,19:27:38,approval,joy,85%,,2026-06-08,19:27:49
6a26fbac832c9a57883635c8,efge60x,Pretty sure their subreddit makes one of these for every game. They're pretty legit.,admiration,joy,positive,95%,,2026-06-08,19:27:51,approval,joy,90%,,2026-06-08,19:28:01,admiration,joy,85%,,2026-06-08,19:28:12
6a26fbad832c9a57883635c9,ee2aujj,"Funny, coming from the tool circle jerk reddit.",joy,joy,negative,85%,,2026-06-08,19:27:52,amusement,joy,85%,,2026-06-08,19:28:03,disapproval,anger,85%,,2026-06-08,19:28:13
6a26fbaf832c9a57883635ca,eewcwl1,Doesnât change the fact that youâre still wrong....,neutral,neutral,negative,85%,,2026-06-08,19:27:53,anger,anger,85%,,2026-06-08,19:28:04,anger,anger,85%,,2026-06-08,19:28:15
6a26fbb0832c9a57883635cb,ef1l1bj,Easy on the Granville Island gatekeeping amigo. Its absolutely a tourist destination.,admiration,joy,neutral,85%,,2026-06-08,19:27:54,annoyance,anger,85%,,2026-06-08,19:28:05,annoyance,anger,85%,,2026-06-08,19:28:16
6a26fbb1832c9a57883635cc,edsl41z,"I wouldnât worry, most United fans have never even been to Manchester. ",disapproval,anger,negative,70%,,2026-06-08,19:27:56,disapproval,anger,85%,,2026-06-08,19:28:07,disapproval,anger,85%,,2026-06-08,19:28:17
6a26fbb3832c9a57883635cd,ef9wcdv,Holy shit was that the one guy that supported remain? I didn't know we had a celebrity on this board.,confusion,neutral,positive,85%,,2026-06-08,19:27:57,surprise,surprise,90%,,2026-06-08,19:28:08,amusement,joy,85%,,2026-06-08,19:28:19
6a26fbb4832c9a57883635ce,ef1bh4t,So... For me it changed earlier yesterday... Maybe it's a location/language thing,confusion,neutral,neutral,70%,,2026-06-08,19:27:58,confusion,neutral,85%,,2026-06-08,19:28:09,confusion,neutral,70%,,2026-06-08,19:28:20
6a26fbb6832c9a57883635cf,eddc30g,"No, they arenât. ",neutral,neutral,negative,95%,,2026-06-08,19:28:00,disapproval,anger,90%,,2026-06-08,19:28:11,disapproval,anger,90%,,2026-06-08,19:28:22
6a26fbcd832c9a57883635d0,ed70crq,"If I'm enjoying some fresh produce, and I hear you say >app-uh-LAY-sha Rest assured im throwing this apple at'cha.",neutral,neutral,negative,85%,,2026-06-08,19:28:23,amusement,joy,85%,,2026-06-08,19:28:34,anger,anger,95%,,2026-06-08,19:28:45
6a26fbcf832c9a57883635d1,eezdmnb,"That comment about ""kill him with kindness"" was kinda unnecessary. How about just kindness for kindness sake? lol",amusement,joy,negative,85%,,2026-06-08,19:28:25,annoyance,anger,85%,,2026-06-08,19:28:35,annoyance,anger,85%,,2026-06-08,19:28:47
6a26fbd0832c9a57883635d2,eeyg7qy,Looks deliriously boring.,annoyance,anger,negative,95%,,2026-06-08,19:28:26,disapproval,anger,90%,,2026-06-08,19:28:37,disappointment,sadness,85%,,2026-06-08,19:28:48
6a26fbd2832c9a57883635d3,edg03k8,"I forgot context and thought you meant the band was republican, please donât worry me like this again ",sadness,sadness,negative,85%,,2026-06-08,19:28:27,annoyance,anger,85%,,2026-06-08,19:28:39,relief,joy,85%,,2026-06-08,19:28:50
6a26fbd3832c9a57883635d4,edwthsb,also anxious that people will be angry or surprised or upset at me for me never telling people about this before,nervousness,fear,negative,85%,,2026-06-08,19:28:29,anxiety,neutral,90%,,2026-06-08,19:28:40,fear,fear,85%,,2026-06-08,19:28:51
6a26fbd4832c9a57883635d5,edhus21,"You came at me with attacks, so no, you get NOTHING!",disapproval,anger,negative,95%,,2026-06-08,19:28:30,anger,anger,95%,,2026-06-08,19:28:41,anger,anger,95%,,2026-06-08,19:28:52
6a26fbd6832c9a57883635d6,eeucmjt,That was the initial spin. They said the Covington kids were harassing the four young black men that were discussing the bible and oppression.,neutral,neutral,negative,85%,,2026-06-08,19:28:31,disapproval,anger,85%,,2026-06-08,19:28:43,disapproval,anger,85%,,2026-06-08,19:28:54
6a26fbd7832c9a57883635d7,ed2mjv4,It's holiday time here in Europe. Today is my first day in work for 2 weeks.,excitement,joy,positive,95%,,2026-06-08,19:28:33,joy,joy,85%,,2026-06-08,19:28:44,joy,joy,95%,,2026-06-08,19:28:55
6a26fbee832c9a57883635d8,edh1ren,"No no no, the ball was tipped. Heâs a great kicker",admiration,joy,negative,80%,,2026-06-08,19:28:56,disappointment,sadness,85%,,2026-06-08,19:29:07,disappointment,sadness,85%,,2026-06-08,19:29:18
6a26fbef832c9a57883635d9,eee9f8y,Spending the day with family in beautiful Bowral ð¿,admiration,joy,positive,95%,,2026-06-08,19:28:57,joy,joy,95%,,2026-06-08,19:29:08,joy,joy,95%,,2026-06-08,19:29:19
6a26fbf0832c9a57883635da,edd8tfj,Sounds like you are dealing with some difficult mental health issues. Parents generally love their children. maybe try to talk to them??,caring,love,neutral,85%,,2026-06-08,19:28:59,caring,love,95%,,2026-06-08,19:29:10,caring,love,80%,,2026-06-08,19:29:20
6a26fbf2832c9a57883635db,edph8z2,Hungover lil chicken,neutral,neutral,negative,85%,,2026-06-08,19:29:00,disappointment,sadness,80%,,2026-06-08,19:29:11,disappointment,sadness,85%,,2026-06-08,19:29:22
6a26fbf3832c9a57883635dc,ed9myim,The guest judges these last two episodes are so gorgeousss like really,admiration,joy,positive,90%,,2026-06-08,19:29:01,admiration,joy,95%,,2026-06-08,19:29:12,admiration,joy,95%,,2026-06-08,19:29:23
6a26fbf5832c9a57883635dd,ees8v7k,Why do you use your valuable time to hate? We only got time to love each other and ourselves.,love,love,positive,95%,,2026-06-08,19:29:03,disapproval,anger,90%,,2026-06-08,19:29:14,love,love,95%,,2026-06-08,19:29:25
6a26fbf7832c9a57883635de,eeshts5,Thank [NAME] for your mother and her googling skills! Now if you have kids you know who allowed and welcome to be around them and who not.,gratitude,joy,positive,85%,,2026-06-08,19:29:04,amusement,joy,85%,,2026-06-08,19:29:15,gratitude,joy,95%,,2026-06-08,19:29:27
6a26fbf9832c9a57883635df,efaz9hx,Technically they did not. Technically we were forced ti give 1b to 10 Irish constituencies to put them in charge after failing to vite them.,neutral,neutral,negative,95%,,2026-06-08,19:29:06,disappointment,sadness,85%,,2026-06-08,19:29:16,disappointment,sadness,85%,,2026-06-08,19:29:29
6a26fc13832c9a57883635e0,ef2zb93,"Pretend you are the lead in a movie. You will probably get laid, confidence is everything. Bingo bango, great night!",admiration,joy,positive,95%,,2026-06-08,19:29:30,excitement,joy,90%,,2026-06-08,19:29:44,excitement,joy,95%,,2026-06-08,19:29:55
6a26fc14832c9a57883635e1,eerlg4d,Lmao I'm sorry!,remorse,sadness,positive,85%,,2026-06-08,19:29:31,amusement,joy,90%,,2026-06-08,19:29:45,amusement,joy,90%,,2026-06-08,19:29:56
6a26fc16832c9a57883635e2,eeyxkb8,> He's finished. What does 'finished' mean specifically here? I think most of the previous times I've heard this phrase it's been sarcastic.,confusion,neutral,negative,80%,,2026-06-08,19:29:33,confusion,neutral,85%,,2026-06-08,19:29:46,confusion,neutral,85%,,2026-06-08,19:29:58
6a26fc17832c9a57883635e3,eeonvnk,Maybe itâs just too early but I canât figure out what thatâs supposed to be.,confusion,neutral,neutral,70%,,2026-06-08,19:29:34,confusion,neutral,90%,,2026-06-08,19:29:47,confusion,neutral,80%,,2026-06-08,19:29:59
6a26fc19832c9a57883635e4,edlrijc,Sadly my boyfriend's family is the direct opposite but we'll still make it work  3,disappointment,sadness,negative,85%,,2026-06-08,19:29:35,sadness,sadness,80%,,2026-06-08,19:29:50,sadness,sadness,85%,,2026-06-08,19:30:01
6a26fc1a832c9a57883635e5,edxzjyk,I mean if you hidden the initial hit you can punish anything he does after,approval,joy,negative,75%,,2026-06-08,19:29:39,anger,anger,85%,,2026-06-08,19:29:51,anger,anger,85%,,2026-06-08,19:30:02
6a26fc1b832c9a57883635e6,eetil5z,"I read this place obsessively and didn't see it, so I'm enjoying it and upvoting it anyway",joy,joy,positive,95%,,2026-06-08,19:29:41,joy,joy,90%,,2026-06-08,19:29:52,joy,joy,90%,,2026-06-08,19:30:03
6a26fc1d832c9a57883635e7,ef1cn9z,Of all the injustices in the world!,annoyance,anger,negative,95%,,2026-06-08,19:29:42,anger,anger,95%,,2026-06-08,19:29:54,anger,anger,95%,,2026-06-08,19:30:05
6a26fc34832c9a57883635e8,ee9dyza,We should stop there... the inception will sink the titanic.,neutral,neutral,negative,95%,,2026-06-08,19:30:06,fear,fear,85%,,2026-06-08,19:30:17,disappointment,sadness,85%,,2026-06-08,19:30:28
6a26fc35832c9a57883635e9,ef6iece,Are you looking for clear blocks of ice or just plain blocks?,neutral,neutral,neutral,95%,,2026-06-08,19:30:07,confusion,neutral,85%,,2026-06-08,19:30:18,confusion,neutral,70%,,2026-06-08,19:30:29
6a26fc37832c9a57883635ea,edkgnpn,Man I love listening to [NAME] talk and Iâd love to have a chat with him but he does talk some bollocks sometimes.,love,love,neutral,80%,,2026-06-08,19:30:09,love,love,85%,,2026-06-08,19:30:20,love,love,70%,,2026-06-08,19:30:31
6a26fc38832c9a57883635eb,ed9cu5k,The worst part is the character in the image behind it is great and this just hurts to read in his voice.,disappointment,sadness,negative,85%,,2026-06-08,19:30:10,disappointment,sadness,90%,,2026-06-08,19:30:21,disappointment,sadness,95%,,2026-06-08,19:30:32
6a26fc39832c9a57883635ec,edqj9dd,Great reply as usual,admiration,joy,positive,95%,,2026-06-08,19:30:11,approval,joy,95%,,2026-06-08,19:30:22,approval,joy,95%,,2026-06-08,19:30:33
6a26fc3b832c9a57883635ed,edzacs2,If you think he's working 2400 times harder than an average minimum wage worker then there's something severely wrong with your world view.,disapproval,anger,negative,95%,,2026-06-08,19:30:13,disapproval,anger,95%,,2026-06-08,19:30:24,disapproval,anger,95%,,2026-06-08,19:30:35
6a26fc3c832c9a57883635ee,ee4t3ef,[NAME] is a queen and y'all better treat her like one.,neutral,neutral,positive,95%,,2026-06-08,19:30:14,anger,anger,85%,,2026-06-08,19:30:25,admiration,joy,95%,,2026-06-08,19:30:36
6a26fc3d832c9a57883635ef,eczf05d,Definitely. I find if I don't exercise for a few weeks I'll gain a few pounds quick..,approval,joy,neutral,85%,,2026-06-08,19:30:15,disappointment,sadness,85%,,2026-06-08,19:30:26,disappointment,sadness,70%,,2026-06-08,19:30:37
6a26fc58832c9a57883635f0,eetcj8q,"Itâs a fast food restaurant, what do you expect?",curiosity,neutral,negative,85%,,2026-06-08,19:30:39,disapproval,anger,85%,,2026-06-08,19:30:53,disappointment,sadness,85%,,2026-06-08,19:31:04
6a26fc59832c9a57883635f1,ee0epq5,Let's do this shit. Michigan first half?,neutral,neutral,positive,85%,,2026-06-08,19:30:40,excitement,joy,85%,,2026-06-08,19:30:54,excitement,joy,90%,,2026-06-08,19:31:05
6a26fc5a832c9a57883635f2,ee51ieg,"Thank you for doing these, i wanna learn our prospects more and this helps",gratitude,joy,positive,95%,,2026-06-08,19:30:41,gratitude,joy,90%,,2026-06-08,19:30:55,gratitude,joy,95%,,2026-06-08,19:31:06
6a26fc5c832c9a57883635f3,eely36d,Just make sure you don't go too far and get a 17hmr!,neutral,neutral,negative,85%,,2026-06-08,19:30:43,fear,fear,80%,,2026-06-08,19:30:57,fear,fear,85%,,2026-06-08,19:31:08
6a26fc5d832c9a57883635f4,ed1udad,This is almost worse than Santa Con. Can we get millenials to destroy this please.,anger,anger,negative,95%,,2026-06-08,19:30:44,annoyance,anger,90%,,2026-06-08,19:30:58,anger,anger,85%,,2026-06-08,19:31:09
6a26fc5e832c9a57883635f5,ee1wl49,IIRC those who made those statements while it occurred were lambasted as conspiracy theorists by the conforming majority. Life is full of surprise.,neutral,neutral,neutral,85%,,2026-06-08,19:30:48,surprise,surprise,90%,,2026-06-08,19:31:00,surprise,surprise,70%,,2026-06-08,19:31:10
6a26fc60832c9a57883635f6,edx1uo8,Source???!,neutral,neutral,neutral,70%,,2026-06-08,19:30:50,confusion,neutral,90%,,2026-06-08,19:31:01,confusion,neutral,85%,,2026-06-08,19:31:12
6a26fc61832c9a57883635f7,eewa3nb,"Ah, the ol' [NAME] strategy.",neutral,neutral,neutral,70%,,2026-06-08,19:30:51,amusement,joy,85%,,2026-06-08,19:31:02,amusement,joy,70%,,2026-06-08,19:31:13
6a26fc7a832c9a57883635f8,edxzvxp,ð thanks bew bew,gratitude,joy,positive,85%,,2026-06-08,19:31:14,amusement,joy,85%,,2026-06-08,19:31:26,amusement,joy,90%,,2026-06-08,19:31:38
6a26fc7b832c9a57883635f9,eey50dw,... or so the Germans would have us believe.,neutral,neutral,negative,85%,,2026-06-08,19:31:16,disapproval,anger,70%,,2026-06-08,19:31:28,disapproval,anger,85%,,2026-06-08,19:31:39
6a26fc7d832c9a57883635fa,eee1dea,FIRE THE MEDICAL TEAM.,anger,anger,negative,95%,,2026-06-08,19:31:17,anger,anger,95%,,2026-06-08,19:31:30,anger,anger,95%,,2026-06-08,19:31:41
6a26fc7e832c9a57883635fb,efatmyr,At least she can't use the old thyroid problems excuse for her fatness,neutral,neutral,negative,95%,,2026-06-08,19:31:19,disapproval,anger,85%,,2026-06-08,19:31:31,disapproval,anger,85%,,2026-06-08,19:31:42
6a26fc7f832c9a57883635fc,ef8d2g7,Also the fishing has been terrible for a month now. I am about to take the 5 story jump my friends.,disgust,disgust,negative,95%,,2026-06-08,19:31:20,disappointment,sadness,90%,,2026-06-08,19:31:33,disappointment,sadness,95%,,2026-06-08,19:31:43
6a26fc81832c9a57883635fd,edo5das,I never said it was irrelevant. I am trying to add on to what the OP had said for potential savings.,disapproval,anger,neutral,85%,,2026-06-08,19:31:22,approval,joy,85%,,2026-06-08,19:31:34,neutral,neutral,90%,,2026-06-08,19:31:45
6a26fc82832c9a57883635fe,eevz328,"Just a minute, don't hang up!",neutral,neutral,neutral,70%,,2026-06-08,19:31:23,annoyance,anger,85%,,2026-06-08,19:31:35,confusion,neutral,70%,,2026-06-08,19:31:46
6a26fc84832c9a57883635ff,eerrvsq,"if he ended up with that chef, damn that will break my heart for sure.",anger,anger,negative,95%,,2026-06-08,19:31:24,sadness,sadness,90%,,2026-06-08,19:31:37,sadness,sadness,90%,,2026-06-08,19:31:48
6a26fc9a832c9a5788363600,edg4w6f,"Unleash your RAGE, my chosen children! Unleash your rage upon the [NAME], and bring forth the age of the YELLOW ",neutral,neutral,negative,85%,,2026-06-08,19:31:49,anger,anger,95%,,2026-06-08,19:32:00,anger,anger,95%,,2026-06-08,19:32:10
6a26fc9c832c9a5788363601,ed5hig8,"Ugh, he sounds like a slob and you should leave him.",anger,anger,negative,95%,,2026-06-08,19:31:50,disapproval,anger,95%,,2026-06-08,19:32:01,disapproval,anger,95%,,2026-06-08,19:32:12
6a26fc9d832c9a5788363602,eecpqvn,I'm so sorry about your friend. What was he like?,grief,sadness,negative,95%,,2026-06-08,19:31:52,caring,love,95%,,2026-06-08,19:32:02,sadness,sadness,95%,,2026-06-08,19:32:13
6a26fc9e832c9a5788363603,ef7amjn,The spouse sponsors them to guarantee that they are not a burden to the state. Nothing about this is related to committing a crime.,neutral,neutral,neutral,95%,,2026-06-08,19:31:53,approval,joy,95%,,2026-06-08,19:32:04,approval,joy,85%,,2026-06-08,19:32:14
6a26fca0832c9a5788363604,eeubrle,"Scrambled eggs, chevre, sweet potato chips, and a side of I should probably go shopping. A confusing flex",confusion,neutral,negative,85%,,2026-06-08,19:31:54,confusion,neutral,90%,,2026-06-08,19:32:05,confusion,neutral,90%,,2026-06-08,19:32:16
6a26fca1832c9a5788363605,ed3ius1,For me it's more about making my personal appearance a hobby more than just buying expensive stuff to have it,approval,joy,positive,85%,,2026-06-08,19:31:56,pride,joy,85%,,2026-06-08,19:32:06,joy,joy,85%,,2026-06-08,19:32:17
6a26fca2832c9a5788363606,ee9wu3p,"Will see,still better for Chelsea then [NAME] who looked completely lost and devoid of any confidence lately",sadness,sadness,negative,85%,,2026-06-08,19:31:57,disapproval,anger,85%,,2026-06-08,19:32:08,disappointment,sadness,85%,,2026-06-08,19:32:18
6a26fca4832c9a5788363607,ede959x,That sounds intelligent. Wonder why you donât have a job you have to interview for.,surprise,surprise,positive,85%,,2026-06-08,19:31:58,confusion,neutral,85%,,2026-06-08,19:32:09,amusement,joy,85%,,2026-06-08,19:32:20
6a26fcbb832c9a5788363608,eeeq1qw,TL DR leave. Deal with the consequences later.,neutral,neutral,negative,95%,,2026-06-08,19:32:21,annoyance,anger,85%,,2026-06-08,19:32:32,disapproval,anger,85%,,2026-06-08,19:32:43
6a26fcbc832c9a5788363609,eektj2t,"I agree, it would be a bore if everybody agreed with everyone else. ",approval,joy,neutral,85%,,2026-06-08,19:32:22,approval,joy,90%,,2026-06-08,19:32:33,approval,joy,85%,,2026-06-08,19:32:44
6a26fcbd832c9a578836360a,eetc0x4,Defense that's why,neutral,neutral,neutral,70%,,2026-06-08,19:32:24,neutral,neutral,90%,,2026-06-08,19:32:34,neutral,neutral,90%,,2026-06-08,19:32:45
6a26fcbf832c9a578836360b,efgwr66,My type of cheerleader. Those are some good looking guys,admiration,joy,positive,85%,,2026-06-08,19:32:25,admiration,joy,85%,,2026-06-08,19:32:36,admiration,joy,85%,,2026-06-08,19:32:47
6a26fcc0832c9a578836360c,ef6jwnb,"Damn I got a notif from a (very cute) friend saying ""no u"" on Discord right before I saw this",disapproval,anger,positive,85%,,2026-06-08,19:32:26,amusement,joy,85%,,2026-06-08,19:32:37,amusement,joy,85%,,2026-06-08,19:32:48
6a26fcc1832c9a578836360d,ed3rl09,That solves it. Thank you!,gratitude,joy,positive,95%,,2026-06-08,19:32:28,gratitude,joy,95%,,2026-06-08,19:32:39,gratitude,joy,95%,,2026-06-08,19:32:49
6a26fcc3832c9a578836360e,ef4n0st,Try to keep yourself busy with other things to forget the thoughts.,caring,love,negative,85%,,2026-06-08,19:32:29,sadness,sadness,70%,,2026-06-08,19:32:40,sadness,sadness,85%,,2026-06-08,19:32:51
6a26fcc4832c9a578836360f,edg5kex,My first thought.. Girl your eye makeup!,neutral,neutral,positive,85%,,2026-06-08,19:32:30,admiration,joy,85%,,2026-06-08,19:32:41,admiration,joy,85%,,2026-06-08,19:32:52
6a26fcdc832c9a5788363610,ed4vs6p,[NAME] is gorgeous and so are you.,admiration,joy,positive,95%,,2026-06-08,19:32:54,admiration,joy,95%,,2026-06-08,19:33:05,love,love,95%,,2026-06-08,19:33:16
6a26fcdd832c9a5788363611,eeem8p8,"Looks nice, thanks ) ",admiration,joy,positive,95%,,2026-06-08,19:32:55,gratitude,joy,95%,,2026-06-08,19:33:07,gratitude,joy,95%,,2026-06-08,19:33:17
6a26fcdf832c9a5788363612,ef1u8dh,"4 lives essentially, its insane",annoyance,anger,negative,85%,,2026-06-08,19:32:56,amusement,joy,70%,,2026-06-08,19:33:08,anger,anger,75%,,2026-06-08,19:33:19
6a26fce0832c9a5788363613,edg940v,Did you read the post?,neutral,neutral,neutral,70%,,2026-06-08,19:32:58,curiosity,neutral,85%,,2026-06-08,19:33:09,curiosity,neutral,70%,,2026-06-08,19:33:20
6a26fce1832c9a5788363614,eewzikq,"Unfortunately, I don't. Sorry. ð",disappointment,sadness,negative,95%,,2026-06-08,19:32:59,sadness,sadness,85%,,2026-06-08,19:33:11,sadness,sadness,85%,,2026-06-08,19:33:21
6a26fce3832c9a5788363615,ee5jrmw,All good ð,approval,joy,positive,95%,,2026-06-08,19:33:00,approval,joy,90%,,2026-06-08,19:33:12,joy,joy,95%,,2026-06-08,19:33:23
6a26fce4832c9a5788363616,ef8rs9h,so painful to watch,sadness,sadness,negative,95%,,2026-06-08,19:33:02,sadness,sadness,90%,,2026-06-08,19:33:13,sadness,sadness,95%,,2026-06-08,19:33:24
6a26fce5832c9a5788363617,edqh2ev,"Heâs a coward, but no need to ruin his life. You should feel sorry for him. ",caring,love,negative,85%,,2026-06-08,19:33:04,disapproval,anger,90%,,2026-06-08,19:33:15,disappointment,sadness,85%,,2026-06-08,19:33:25
6a26fcfd832c9a5788363618,ee2zbzy,Very succinct and accurate,neutral,neutral,positive,90%,,2026-06-08,19:33:27,neutral,neutral,90%,,2026-06-08,19:33:38,approval,joy,95%,,2026-06-08,19:33:49
6a26fcfe832c9a5788363619,eex9e31,"Where I live this standard, however they would of only been together just three weeks. Great news for you guys thou.",admiration,joy,positive,70%,,2026-06-08,19:33:28,amusement,joy,80%,,2026-06-08,19:33:39,amusement,joy,70%,,2026-06-08,19:33:50
6a26fcff832c9a578836361a,eda15et,They look the same way fighting as I do dancing,neutral,neutral,neutral,70%,,2026-06-08,19:33:30,confusion,neutral,85%,,2026-06-08,19:33:41,confusion,neutral,70%,,2026-06-08,19:33:51
6a26fd01832c9a578836361b,ee4hk5b,"Really glad the US just passed transparent pricing for healthcare providers, but it's just a first step.",excitement,joy,positive,85%,,2026-06-08,19:33:31,joy,joy,85%,,2026-06-08,19:33:42,joy,joy,85%,,2026-06-08,19:33:53
6a26fd03832c9a578836361c,edaawpu,"Youâre right, I was thinking of AiG or the Discovery Institute. ",approval,joy,neutral,85%,,2026-06-08,19:33:32,realization,surprise,90%,,2026-06-08,19:33:43,realization,surprise,85%,,2026-06-08,19:33:55
6a26fd04832c9a578836361d,ef039i5,Wow! I've never heard of a celebrity doing something so nice,admiration,joy,positive,95%,,2026-06-08,19:33:33,admiration,joy,95%,,2026-06-08,19:33:45,admiration,joy,95%,,2026-06-08,19:33:56
6a26fd05832c9a578836361e,ee55l0n,"Ooohhh shit, they did *not* just say men should be decent human beings, they've finally taken it too far! Gather the troops! /s",disapproval,anger,negative,95%,,2026-06-08,19:33:35,amusement,joy,95%,,2026-06-08,19:33:46,annoyance,anger,85%,,2026-06-08,19:33:57
6a26fd07832c9a578836361f,ed1gfcr,I made friend with one of these scammers. After speaking to me he quit his job at that company. We still speak regularly over whatapp and facetime!,neutral,neutral,positive,85%,,2026-06-08,19:33:36,disapproval,anger,85%,,2026-06-08,19:33:48,joy,joy,95%,,2026-06-08,19:33:59
6a26fd1f832c9a5788363620,eek4z2d,I know you're trying to play devil's advocate but [NAME] doesn't hit close to as well as [NAME],neutral,neutral,negative,85%,,2026-06-08,19:34:00,annoyance,anger,85%,,2026-06-08,19:34:11,annoyance,anger,90%,,2026-06-08,19:34:23
6a26fd20832c9a5788363621,edlv5vz,Thanks! That was an interesting read. Seems there really is a city where they built more homes than there were people to live there!,gratitude,joy,neutral,95%,,2026-06-08,19:34:01,amusement,joy,85%,,2026-06-08,19:34:12,amusement,joy,85%,,2026-06-08,19:34:24
6a26fd21832c9a5788363622,eep9dgf,I know I haven't been myself lately but listen! I can do better and I can change!,approval,joy,positive,95%,,2026-06-08,19:34:03,optimism,joy,85%,,2026-06-08,19:34:13,optimism,joy,90%,,2026-06-08,19:34:25
6a26fd23832c9a5788363623,ef64o7c,So glad to hear that! you go girl<3,joy,joy,positive,95%,,2026-06-08,19:34:04,joy,joy,95%,,2026-06-08,19:34:16,joy,joy,95%,,2026-06-08,19:34:27
6a26fd24832c9a5788363624,ef55ljq,I left her off because I tried to keep the list to people who were in a little earlier than her.,neutral,neutral,neutral,95%,,2026-06-08,19:34:05,neutral,neutral,95%,,2026-06-08,19:34:17,neutral,neutral,85%,,2026-06-08,19:34:28
6a26fd25832c9a5788363625,eexz1am,Sorry I dropped mine can I have another?,confusion,neutral,negative,80%,,2026-06-08,19:34:07,remorse,sadness,85%,,2026-06-08,19:34:18,disappointment,sadness,85%,,2026-06-08,19:34:29
6a26fd27832c9a5788363626,ee18phd,And? That still doesnât debate the fact that heâs all about the money?,curiosity,neutral,negative,85%,,2026-06-08,19:34:08,annoyance,anger,85%,,2026-06-08,19:34:20,disapproval,anger,90%,,2026-06-08,19:34:31
6a26fd28832c9a5788363627,ee30wlo,I wanna give [NAME] a mosquito bite,desire,neutral,negative,85%,,2026-06-08,19:34:09,desire,neutral,85%,,2026-06-08,19:34:21,annoyance,anger,85%,,2026-06-08,19:34:32
6a26fd40832c9a5788363628,eeru0t2,It sounds like you'd have a great time with Final Fantasy XIV.,optimism,joy,positive,85%,,2026-06-08,19:34:33,excitement,joy,85%,,2026-06-08,19:34:44,joy,joy,90%,,2026-06-08,19:34:56
6a26fd41832c9a5788363629,ed6sntb,"As [NAME] says,""Just put your emotions over there and eventually you will die""",neutral,neutral,negative,95%,,2026-06-08,19:34:35,neutral,neutral,80%,,2026-06-08,19:34:45,disappointment,sadness,85%,,2026-06-08,19:34:57
6a26fd43832c9a578836362a,eei6f4q,"What are you even talking about? I'm sorry you don't like [NAME], get over it.",remorse,sadness,negative,95%,,2026-06-08,19:34:36,anger,anger,95%,,2026-06-08,19:34:47,anger,anger,95%,,2026-06-08,19:34:59
6a26fd44832c9a578836362b,eeybe8r,"Their faces tho, LOL",amusement,joy,positive,85%,,2026-06-08,19:34:37,amusement,joy,95%,,2026-06-08,19:34:48,amusement,joy,95%,,2026-06-08,19:35:00
6a26fd45832c9a578836362c,ee9ic2i,"Fake news. This video has been thoroughly debunked, here ",neutral,neutral,negative,95%,,2026-06-08,19:34:39,disapproval,anger,95%,,2026-06-08,19:34:49,disapproval,anger,95%,,2026-06-08,19:35:01
6a26fd47832c9a578836362d,ee84gp2,Haha! I was right  D.,amusement,joy,positive,95%,,2026-06-08,19:34:40,joy,joy,90%,,2026-06-08,19:34:51,joy,joy,90%,,2026-06-08,19:35:03
6a26fd48832c9a578836362e,eezudsb,Omg!! They are kinda turning [NAME] into new [NAME].,surprise,surprise,positive,80%,,2026-06-08,19:34:41,excitement,joy,85%,,2026-06-08,19:34:52,excitement,joy,85%,,2026-06-08,19:35:04
6a26fd4a832c9a578836362f,ef7v8fv,"Just from observing and polling people around me, they don't care.",neutral,neutral,negative,85%,,2026-06-08,19:34:43,disappointment,sadness,85%,,2026-06-08,19:34:55,disappointment,sadness,90%,,2026-06-08,19:35:06
6a26fd61832c9a5788363630,eeh46jh,Fruit is byfar the worst of all flavors,disapproval,anger,negative,95%,,2026-06-08,19:35:07,disapproval,anger,95%,,2026-06-08,19:35:18,disgust,disgust,85%,,2026-06-08,19:35:29
6a26fd62832c9a5788363631,edi7fz7,Disagree wholeheartedly. I'm actually amazed anyone can think this way.,disapproval,anger,negative,95%,,2026-06-08,19:35:08,disapproval,anger,95%,,2026-06-08,19:35:20,disapproval,anger,95%,,2026-06-08,19:35:30
6a26fd64832c9a5788363632,ed583gn,He's the reason why they unable to win it in the first place.,neutral,neutral,negative,85%,,2026-06-08,19:35:10,disapproval,anger,90%,,2026-06-08,19:35:21,disappointment,sadness,85%,,2026-06-08,19:35:32
6a26fd65832c9a5788363633,edow1lp,Who the heck cant,neutral,neutral,negative,95%,,2026-06-08,19:35:11,annoyance,anger,95%,,2026-06-08,19:35:22,anger,anger,95%,,2026-06-08,19:35:33
6a26fd66832c9a5788363634,ednfoyd,"Okay. Then what does ""anti-imperialism"" mean to you? ",curiosity,neutral,neutral,85%,,2026-06-08,19:35:12,confusion,neutral,85%,,2026-06-08,19:35:24,confusion,neutral,85%,,2026-06-08,19:35:34
6a26fd68832c9a5788363635,ef8kjbs,I like that he keeps with the Cardinalsâ colors. This needs to be an alternative uniform,love,love,neutral,70%,,2026-06-08,19:35:14,approval,joy,90%,,2026-06-08,19:35:25,approval,joy,80%,,2026-06-08,19:35:36
6a26fd69832c9a5788363636,eebt875,Your just killing time now.,anger,anger,negative,95%,,2026-06-08,19:35:15,annoyance,anger,85%,,2026-06-08,19:35:26,disappointment,sadness,85%,,2026-06-08,19:35:37
6a26fd6a832c9a5788363637,ee147f5,"Laugh all you want, it's pretty much indestructible now!",amusement,joy,positive,95%,,2026-06-08,19:35:17,amusement,joy,85%,,2026-06-08,19:35:28,amusement,joy,90%,,2026-06-08,19:35:38
6a26fd81832c9a5788363638,ee19i5f,I wish my mom was catgirl savvy.,desire,neutral,neutral,80%,,2026-06-08,19:35:40,desire,neutral,80%,,2026-06-08,19:35:50,desire,neutral,85%,,2026-06-08,19:36:01
6a26fd83832c9a5788363639,ef7fhg7,"The smile on these guys face, the will and passion to explore all gone in a second. Rest in peace explorers!",disappointment,sadness,negative,95%,,2026-06-08,19:35:41,sadness,sadness,95%,,2026-06-08,19:35:51,sadness,sadness,95%,,2026-06-08,19:36:03
6a26fd84832c9a578836363a,edx25h3,Just cooked me some chorizo and an omelette with tortillas at half time. The tortilla gods are now pleased.,neutral,neutral,positive,95%,,2026-06-08,19:35:42,joy,joy,95%,,2026-06-08,19:35:53,joy,joy,95%,,2026-06-08,19:36:04
6a26fd85832c9a578836363b,edu40m7,Let's see what [NAME] thought about it...,neutral,neutral,neutral,80%,,2026-06-08,19:35:44,curiosity,neutral,80%,,2026-06-08,19:35:54,curiosity,neutral,70%,,2026-06-08,19:36:05
6a26fd87832c9a578836363c,edzpf1m,Ugh this moment really had me crying lol just hearing him remember all the good I was like WHY,amusement,joy,positive,85%,,2026-06-08,19:35:45,sadness,sadness,80%,,2026-06-08,19:35:55,joy,joy,85%,,2026-06-08,19:36:07
6a26fd88832c9a578836363d,eejtepu,[NAME] is having a great start to the game. Very gritty and I love it. Plz keep him.,love,love,positive,95%,,2026-06-08,19:35:46,admiration,joy,90%,,2026-06-08,19:35:57,love,love,95%,,2026-06-08,19:36:08
6a26fd89832c9a578836363e,eefw4oh,"Alright, thanks",gratitude,joy,neutral,85%,,2026-06-08,19:35:48,gratitude,joy,80%,,2026-06-08,19:35:58,neutral,neutral,90%,,2026-06-08,19:36:09
6a26fd8b832c9a578836363f,ee6bajb,The QB said they loved it,love,love,positive,85%,,2026-06-08,19:35:49,joy,joy,85%,,2026-06-08,19:36:00,joy,joy,95%,,2026-06-08,19:36:11
6a26fda2832c9a5788363640,edmg1x8,I'm glad  ),joy,joy,positive,85%,,2026-06-08,19:36:12,joy,joy,90%,,2026-06-08,19:36:23,joy,joy,95%,,2026-06-08,19:36:34
6a26fda4832c9a5788363641,eesuqi6,I've used tofu and nutritional yeast before. It works well for ricotta! Recipe here!,approval,joy,positive,95%,,2026-06-08,19:36:14,joy,joy,85%,,2026-06-08,19:36:25,joy,joy,90%,,2026-06-08,19:36:36
6a26fda5832c9a5788363642,ee3l1vl,Fucking and being a boy,anger,anger,negative,95%,,2026-06-08,19:36:15,anger,anger,85%,,2026-06-08,19:36:26,anger,anger,95%,,2026-06-08,19:36:37
6a26fda6832c9a5788363643,eelce7s,Anytime  ),neutral,neutral,neutral,70%,,2026-06-08,19:36:16,neutral,neutral,90%,,2026-06-08,19:36:28,neutral,neutral,90%,,2026-06-08,19:36:38
6a26fda8832c9a5788363644,ef2siex,Got any examples?,curiosity,neutral,neutral,70%,,2026-06-08,19:36:18,curiosity,neutral,85%,,2026-06-08,19:36:29,curiosity,neutral,70%,,2026-06-08,19:36:40
6a26fda9832c9a5788363645,edydhli,Rare just announced they plan to fix it but don't hold your breath it could be a month or more,neutral,neutral,negative,90%,,2026-06-08,19:36:19,skepticism,neutral,80%,,2026-06-08,19:36:30,disappointment,sadness,95%,,2026-06-08,19:36:41
6a26fdaa832c9a5788363646,eeat907,"Congrats! That could not have been an easy step to take, so I'm so happy it's been a positive experience.",admiration,joy,positive,95%,,2026-06-08,19:36:21,joy,joy,95%,,2026-06-08,19:36:32,joy,joy,95%,,2026-06-08,19:36:42
6a26fdac832c9a5788363647,ed3edou,"I really hope more queer couples have kids. It needs to become more normalized. I definitely want at least 2, probably through surrogacy.",optimism,joy,positive,95%,,2026-06-08,19:36:22,desire,neutral,90%,,2026-06-08,19:36:33,joy,joy,95%,,2026-06-08,19:36:44
6a26fdc3832c9a5788363648,ef6pyfi,food pranks really irk me ð,anger,anger,negative,95%,,2026-06-08,19:36:45,annoyance,anger,95%,,2026-06-08,19:36:56,annoyance,anger,95%,,2026-06-08,19:37:07
6a26fdc5832c9a5788363649,eczy616,Because then if the wife gets pregnant it becomes difficult to find out which husband she is pregnant with,confusion,neutral,negative,85%,,2026-06-08,19:36:47,confusion,neutral,95%,,2026-06-08,19:36:58,confusion,neutral,85%,,2026-06-08,19:37:09
6a26fdc6832c9a578836364a,eec90av,Agreed. Sometimes you just have to move forward and let those determined to be left behind have their wish.,approval,joy,neutral,85%,,2026-06-08,19:36:48,approval,joy,90%,,2026-06-08,19:36:59,approval,joy,85%,,2026-06-08,19:37:10
6a26fdc7832c9a578836364b,eek4vzb,the oj netti pot challenge!,neutral,neutral,positive,85%,,2026-06-08,19:36:49,amusement,joy,95%,,2026-06-08,19:37:01,joy,joy,95%,,2026-06-08,19:37:11
6a26fdc9832c9a578836364c,ee2q0kf,"What a transition...from ""Ab-Fab"" to ""Au-Bo""  p (don't forget the vodka, it's cold up there)",neutral,neutral,neutral,70%,,2026-06-08,19:36:51,amusement,joy,85%,,2026-06-08,19:37:02,amusement,joy,70%,,2026-06-08,19:37:13
6a26fdca832c9a578836364d,ed0u13s,"It's hard to not love guys like [NAME], [NAME] and [NAME] though. ",neutral,neutral,positive,95%,,2026-06-08,19:36:52,love,love,95%,,2026-06-08,19:37:03,love,love,95%,,2026-06-08,19:37:14
6a26fdcb832c9a578836364e,eewcf54,"Block the number, avoid your parents, and cut the toxic people out of your life.",caring,love,negative,95%,,2026-06-08,19:36:53,disapproval,anger,90%,,2026-06-08,19:37:05,disapproval,anger,90%,,2026-06-08,19:37:15
6a26fdcd832c9a578836364f,eewbwo7,That's ironic.,neutral,neutral,neutral,70%,,2026-06-08,19:36:55,confusion,neutral,70%,,2026-06-08,19:37:06,confusion,neutral,70%,,2026-06-08,19:37:17
6a26fde4832c9a5788363650,edke45v,>And I could be wrong about my [RELIGION] faith but again thatâs the point of faith. The point of faith is to be wrong?,confusion,neutral,neutral,85%,,2026-06-08,19:37:18,confusion,neutral,85%,,2026-06-08,19:37:29,confusion,neutral,85%,,2026-06-08,19:37:40
6a26fde5832c9a5788363651,edop5hl,VOLCEL POLICE!,neutral,neutral,negative,95%,,2026-06-08,19:37:19,anger,anger,95%,,2026-06-08,19:37:30,anger,anger,95%,,2026-06-08,19:37:41
6a26fde6832c9a5788363652,efaltu5,You shouldn't be using hydrocortisone on your face ,disapproval,anger,negative,95%,,2026-06-08,19:37:21,disapproval,anger,90%,,2026-06-08,19:37:31,disapproval,anger,95%,,2026-06-08,19:37:42
6a26fde8832c9a5788363653,ed66hs2,"Ahhh, the ol' Samsung Special. ",neutral,neutral,positive,85%,,2026-06-08,19:37:22,annoyance,anger,70%,,2026-06-08,19:37:33,amusement,joy,85%,,2026-06-08,19:37:44
6a26fde9832c9a5788363654,eer3fcr,I LOVE THE HIGHS TOO. At least I know tomorrow I will hate them. Is the good worth the bad? Sometimes...,love,love,neutral,70%,,2026-06-08,19:37:23,sadness,sadness,70%,,2026-06-08,19:37:34,sadness,sadness,70%,,2026-06-08,19:37:45
6a26fdea832c9a5788363655,ed4ucl9,That... That makes a lot more sense than what I thought they were chanting.,approval,joy,positive,85%,,2026-06-08,19:37:25,relief,joy,85%,,2026-06-08,19:37:36,relief,joy,85%,,2026-06-08,19:37:46
6a26fdec832c9a5788363656,eebip52,[NAME] breaks to love early in the third.,neutral,neutral,positive,85%,,2026-06-08,19:37:26,excitement,joy,85%,,2026-06-08,19:37:37,excitement,joy,85%,,2026-06-08,19:37:48
6a26fded832c9a5788363657,eeaolvj,Greetings fellow human,admiration,joy,neutral,70%,,2026-06-08,19:37:27,neutral,neutral,90%,,2026-06-08,19:37:38,neutral,neutral,100%,,2026-06-08,19:37:49
6a26fe04832c9a5788363658,ee9vz6s,â« Your love for me Won't be quite the same When you take a whiff Of my hershey stains. â«,love,love,negative,85%,,2026-06-08,19:37:51,amusement,joy,85%,,2026-06-08,19:38:01,disgust,disgust,85%,,2026-06-08,19:38:12
6a26fe05832c9a5788363659,efcsmiw,"Damn, hoped i had missed some fan translations or something...",neutral,neutral,negative,95%,,2026-06-08,19:37:52,disappointment,sadness,90%,,2026-06-08,19:38:03,disappointment,sadness,90%,,2026-06-08,19:38:13
6a26fe07832c9a578836365a,eep8qpu,"People do realize that getting an ad declined for the Super Bowl is an actual advertising strategy, right?",neutral,neutral,neutral,70%,,2026-06-08,19:37:53,amusement,joy,85%,,2026-06-08,19:38:04,confusion,neutral,70%,,2026-06-08,19:38:15
6a26fe09832c9a578836365b,efaplb1,Can confirm. I've been trying to get out of bed for an hour and 15 minutes,neutral,neutral,negative,95%,,2026-06-08,19:37:55,frustration,neutral,90%,,2026-06-08,19:38:05,disappointment,sadness,85%,,2026-06-08,19:38:17
6a26fe0b832c9a578836365c,eff0tq5,"Iâve always loved the art style of the author/illustrator as a kid, so I could see where youâre coming from.",admiration,joy,positive,95%,,2026-06-08,19:37:56,love,love,90%,,2026-06-08,19:38:07,love,love,95%,,2026-06-08,19:38:19
6a26fe0c832c9a578836365d,edhltfu,Thanks for sharing your thought. You have a fair and reasonable perspective. Happy New Year!,admiration,joy,positive,95%,,2026-06-08,19:37:57,gratitude,joy,95%,,2026-06-08,19:38:08,gratitude,joy,95%,,2026-06-08,19:38:20
6a26fe0d832c9a578836365e,edyaeyi,I found all mutual nut destruction games to be ridiculous and I never played them. My friends all loved them though.,amusement,joy,negative,85%,,2026-06-08,19:37:59,disapproval,anger,90%,,2026-06-08,19:38:09,disapproval,anger,95%,,2026-06-08,19:38:21
6a26fe0f832c9a578836365f,eezz1zn,hes doing it for his kid,approval,joy,neutral,70%,,2026-06-08,19:38:00,love,love,90%,,2026-06-08,19:38:10,caring,love,85%,,2026-06-08,19:38:23
6a26fe28832c9a5788363660,ef0uffn,"Wow, impressive... And how long until it breaks and they decide it's not worth repairing?",admiration,joy,negative,85%,,2026-06-08,19:38:25,disapproval,anger,85%,,2026-06-08,19:38:36,disappointment,sadness,90%,,2026-06-08,19:38:48
6a26fe29832c9a5788363661,efbc5hy,Do you not commute to work? It's still like that during rush hour traffic.,approval,joy,negative,85%,,2026-06-08,19:38:26,annoyance,anger,85%,,2026-06-08,19:38:37,annoyance,anger,85%,,2026-06-08,19:38:49
6a26fe2b832c9a5788363662,ee5qdj5,"Fuck the White House, fuck McDonaldâs and fuck this post.",anger,anger,negative,100%,,2026-06-08,19:38:27,anger,anger,95%,,2026-06-08,19:38:38,anger,anger,95%,,2026-06-08,19:38:51
6a26fe2c832c9a5788363663,eepsg2g,everyone does it.,neutral,neutral,neutral,85%,,2026-06-08,19:38:29,disapproval,anger,70%,,2026-06-08,19:38:40,neutral,neutral,100%,,2026-06-08,19:38:52
6a26fe2d832c9a5788363664,ed58r0k,"If thereâs a pattern, yes.",approval,joy,neutral,70%,,2026-06-08,19:38:30,curiosity,neutral,70%,,2026-06-08,19:38:42,curiosity,neutral,70%,,2026-06-08,19:38:53
6a26fe2f832c9a5788363665,edkw3wr,"Wow, Michelin star for $25. That's nuts. Thanks for the heads up. ",gratitude,joy,positive,95%,,2026-06-08,19:38:31,surprise,surprise,90%,,2026-06-08,19:38:43,amusement,joy,95%,,2026-06-08,19:38:55
6a26fe30832c9a5788363666,efg7y7j,Heâs a brave man.,admiration,joy,positive,95%,,2026-06-08,19:38:33,admiration,joy,95%,,2026-06-08,19:38:45,admiration,joy,95%,,2026-06-08,19:38:56
6a26fe31832c9a5788363667,edkfy6v,I definitely get that vibe from this post. Or [NAME] was friends with them and didnât get invited to the party lmao,disappointment,sadness,negative,70%,,2026-06-08,19:38:34,amusement,joy,80%,,2026-06-08,19:38:47,amusement,joy,85%,,2026-06-08,19:38:57
6a26fe48832c9a5788363668,ef1gsjr,2016 was also the worst year of my life,annoyance,anger,negative,95%,,2026-06-08,19:38:59,sadness,sadness,95%,,2026-06-08,19:39:09,sadness,sadness,95%,,2026-06-08,19:39:20
6a26fe4a832c9a5788363669,edoulof,Can't play defence when everything is call and on the other end the Bulls haven't gotten a call since early in the quarter ...,realization,surprise,negative,85%,,2026-06-08,19:39:00,anger,anger,85%,,2026-06-08,19:39:11,anger,anger,85%,,2026-06-08,19:39:22
6a26fe4b832c9a578836366a,ee41b55,Then watch the American remake and weep,neutral,neutral,negative,85%,,2026-06-08,19:39:01,sadness,sadness,90%,,2026-06-08,19:39:12,sadness,sadness,90%,,2026-06-08,19:39:23
6a26fe4c832c9a578836366b,edx9567,Bitch yes!,anger,anger,positive,95%,,2026-06-08,19:39:03,anger,anger,85%,,2026-06-08,19:39:13,amusement,joy,85%,,2026-06-08,19:39:24
6a26fe4e832c9a578836366c,ef4ia59,âStill wearing ATMâ this bit has me crying! Thanks for the mental image.,gratitude,joy,positive,95%,,2026-06-08,19:39:04,amusement,joy,95%,,2026-06-08,19:39:15,amusement,joy,90%,,2026-06-08,19:39:26
6a26fe4f832c9a578836366d,efg5nur,"Theyâre speaking Spanish and the character is racist, making the experience terrifying",neutral,neutral,negative,95%,,2026-06-08,19:39:05,fear,fear,85%,,2026-06-08,19:39:16,disgust,disgust,95%,,2026-06-08,19:39:27
6a26fe51832c9a578836366e,efe0ro5,Rumor says he failed the medical. Probably false but this is Arsenal anything can happen.,optimism,joy,neutral,70%,,2026-06-08,19:39:07,amusement,joy,85%,,2026-06-08,19:39:17,surprise,surprise,70%,,2026-06-08,19:39:29
6a26fe52832c9a578836366f,edo18w1,Haha haha! Excellent,joy,joy,positive,95%,,2026-06-08,19:39:08,amusement,joy,95%,,2026-06-08,19:39:19,amusement,joy,95%,,2026-06-08,19:39:30
6a26fe69832c9a5788363670,ef2wbqs,That's what *you* want you to think!,neutral,neutral,negative,85%,,2026-06-08,19:39:32,anger,anger,85%,,2026-06-08,19:39:42,anger,anger,85%,,2026-06-08,19:39:53
6a26fe6b832c9a5788363671,edlasz2,"Get big, whatever it takes.",neutral,neutral,positive,85%,,2026-06-08,19:39:33,determination,neutral,85%,,2026-06-08,19:39:44,desire,neutral,85%,,2026-06-08,19:39:55
6a26fe6d832c9a5788363672,edlt0fq,Those charts seem to indicate approximately a net 4000 advantage for [NAME] over the period considered.,neutral,neutral,neutral,80%,,2026-06-08,19:39:34,curiosity,neutral,85%,,2026-06-08,19:39:45,neutral,neutral,90%,,2026-06-08,19:39:57
6a26fe6e832c9a5788363673,ee6hc41,That has to be the saddest nba account ever. Like 4 likes every post  (,sadness,sadness,negative,95%,,2026-06-08,19:39:36,sadness,sadness,90%,,2026-06-08,19:39:46,sadness,sadness,95%,,2026-06-08,19:39:58
6a26fe70832c9a5788363674,eefr0rq,No he didn't lol every ref gives that. He was looking for it but it's still a foul,amusement,joy,negative,85%,,2026-06-08,19:39:37,amusement,joy,85%,,2026-06-08,19:39:48,disapproval,anger,90%,,2026-06-08,19:40:00
6a26fe71832c9a5788363675,eelw9rh,It'll still be beautiful! They'll just have to be prepared to get a bit damp!,admiration,joy,positive,85%,,2026-06-08,19:39:38,excitement,joy,85%,,2026-06-08,19:39:49,joy,joy,95%,,2026-06-08,19:40:01
6a26fe73832c9a5788363676,eeohwnd,I got the exact same message from tati yesterday ! She said on her twitter that it's definitely a scam,approval,joy,negative,85%,,2026-06-08,19:39:40,amusement,joy,70%,,2026-06-08,19:39:51,anger,anger,85%,,2026-06-08,19:40:03
6a26fe74832c9a5788363677,ef5scbb,Totally Actually I've been talking with my friend about how a unique tag team 2 kombatants that play as one would work out,neutral,neutral,neutral,70%,,2026-06-08,19:39:41,curiosity,neutral,85%,,2026-06-08,19:39:52,curiosity,neutral,85%,,2026-06-08,19:40:04
6a26fe8b832c9a5788363678,eep9arv,"I have, and what I get is hundreds. I just wanted some advice on ones people would recommend ",neutral,neutral,neutral,80%,,2026-06-08,19:40:05,disappointment,sadness,85%,,2026-06-08,19:40:16,disappointment,sadness,85%,,2026-06-08,19:40:27
6a26fe8c832c9a5788363679,eejtb6i,"God damn, [NAME] gets 2 Mikans? Lucky.",surprise,surprise,negative,85%,,2026-06-08,19:40:07,annoyance,anger,85%,,2026-06-08,19:40:18,annoyance,anger,85%,,2026-06-08,19:40:28
6a26fe8e832c9a578836367a,ee4nvja,"Yeah strong man makes me nervous, imagine if he dropped it on his foot? ð¬",neutral,neutral,negative,85%,,2026-06-08,19:40:08,nervousness,fear,85%,,2026-06-08,19:40:19,nervousness,fear,85%,,2026-06-08,19:40:30
6a26fe8f832c9a578836367b,efbmcu4,"I'm not telling them, I was just saying that the person who knew them irl said they were a she. That is all",annoyance,anger,neutral,85%,,2026-06-08,19:40:09,neutral,neutral,90%,,2026-06-08,19:40:20,neutral,neutral,90%,,2026-06-08,19:40:31
6a26fe91832c9a578836367c,ecztcu6,Unless the government steps in and does something stupid,annoyance,anger,negative,80%,,2026-06-08,19:40:11,annoyance,anger,85%,,2026-06-08,19:40:22,anger,anger,85%,,2026-06-08,19:40:33
6a26fe92832c9a578836367d,edjakws,Everyone has a right to fetish. Does not mean I cannot say âyou deserve to be nailed to a crossâ for it,neutral,neutral,negative,85%,,2026-06-08,19:40:12,disapproval,anger,85%,,2026-06-08,19:40:23,anger,anger,85%,,2026-06-08,19:40:34
6a26fe93832c9a578836367e,edz0bkc,Haha yeah. But still very nice of Ben I hope that the people who got it will use it 24/7,admiration,joy,positive,95%,,2026-06-08,19:40:13,gratitude,joy,85%,,2026-06-08,19:40:24,gratitude,joy,85%,,2026-06-08,19:40:35
6a26fe95832c9a578836367f,efa770d,Spent time with them. Argue with them. Laugh with them. Cry with them. We all get lonely when we are old.,sadness,sadness,neutral,85%,,2026-06-08,19:40:15,sadness,sadness,85%,,2026-06-08,19:40:26,sadness,sadness,85%,,2026-06-08,19:40:37
6a26fead832c9a5788363680,ee3vw3c,"I also remember the scripts stating [NAME] look was one of jealousy, which disappoints me.",disappointment,sadness,negative,95%,,2026-06-08,19:40:38,disappointment,sadness,90%,,2026-06-08,19:40:49,disappointment,sadness,95%,,2026-06-08,19:41:01
6a26feae832c9a5788363681,eezjv9z,[NAME] in the highest!,neutral,neutral,positive,95%,,2026-06-08,19:40:39,excitement,joy,95%,,2026-06-08,19:40:50,excitement,joy,95%,,2026-06-08,19:41:02
6a26feb0832c9a5788363682,eehe8c1,"Stop breaking the rules, you're still posting in that comment section after making this post. ",neutral,neutral,negative,95%,,2026-06-08,19:40:41,anger,anger,95%,,2026-06-08,19:40:52,anger,anger,95%,,2026-06-08,19:41:04
6a26feb1832c9a5788363683,edv8gdd,So nothing. Nothing happened.,neutral,neutral,neutral,95%,,2026-06-08,19:40:42,sadness,sadness,70%,,2026-06-08,19:40:54,neutral,neutral,95%,,2026-06-08,19:41:05
6a26feb3832c9a5788363684,eelmvp1,She's aggressive in every TLJ fight. She even bullied that poor homeless man.,neutral,neutral,negative,95%,,2026-06-08,19:40:43,disapproval,anger,95%,,2026-06-08,19:40:56,disapproval,anger,95%,,2026-06-08,19:41:07
6a26feb4832c9a5788363685,ed4vptx,"Awesome, great to see people coming together for peer to peer cash!",admiration,joy,positive,95%,,2026-06-08,19:40:45,joy,joy,95%,,2026-06-08,19:40:57,joy,joy,95%,,2026-06-08,19:41:08
6a26feb5832c9a5788363686,ee6tsgl,No I thought that movie was really bad. I could relate to requiem for a dream.,disapproval,anger,negative,95%,,2026-06-08,19:40:46,disapproval,anger,90%,,2026-06-08,19:40:58,disappointment,sadness,95%,,2026-06-08,19:41:09
6a26feb7832c9a5788363687,eenyx91,> I want to feel peace and not have to wake up everyday anxious for what the day has in store. I can relate to this.,desire,neutral,negative,85%,,2026-06-08,19:40:47,sadness,sadness,85%,,2026-06-08,19:41:00,sadness,sadness,85%,,2026-06-08,19:41:11
6a26fecf832c9a5788363688,ef0hd4k,That is an exceedingly rare failure. I read an article about this guy. He was just stupid and stopped there.,anger,anger,negative,85%,,2026-06-08,19:41:12,disapproval,anger,90%,,2026-06-08,19:41:23,disapproval,anger,85%,,2026-06-08,19:41:35
6a26fed0832c9a5788363689,eez2ljm,I tried to send this to a friend but [NAME] knocked it away.,disappointment,sadness,negative,85%,,2026-06-08,19:41:13,disappointment,sadness,85%,,2026-06-08,19:41:24,disappointment,sadness,85%,,2026-06-08,19:41:36
6a26fed2832c9a578836368a,ef4tqi4,This is a symptom of the main reason I don't drink or do drugs. F,approval,joy,negative,95%,,2026-06-08,19:41:15,disgust,disgust,95%,,2026-06-08,19:41:27,disapproval,anger,95%,,2026-06-08,19:41:38
6a26fed3832c9a578836368b,edve6xh,"Now if you can teach her english, the real fun starts. ",joy,joy,positive,85%,,2026-06-08,19:41:16,excitement,joy,85%,,2026-06-08,19:41:28,excitement,joy,85%,,2026-06-08,19:41:39
6a26fed4832c9a578836368c,ed3n9hh,I'm glad we have a place we can come to when we have doubts. Thank you so much.,gratitude,joy,positive,95%,,2026-06-08,19:41:17,gratitude,joy,95%,,2026-06-08,19:41:30,gratitude,joy,95%,,2026-06-08,19:41:40
6a26fed6832c9a578836368d,efe9oq2,Great trade for us but we're losing some forward depth in [NAME]. Tbh though I would be willing to take the risk.,admiration,joy,positive,85%,,2026-06-08,19:41:19,approval,joy,85%,,2026-06-08,19:41:31,approval,joy,85%,,2026-06-08,19:41:42
6a26fed7832c9a578836368e,eeen98b,I was hoping they both were gonna hit the ground lol,optimism,joy,negative,70%,,2026-06-08,19:41:20,amusement,joy,85%,,2026-06-08,19:41:32,disappointment,sadness,85%,,2026-06-08,19:41:43
6a26fed9832c9a578836368f,efe21qa,"wow itâs literally disgusting that youâre getting downvoted for pointing out that she abuses her kids. this is the society we live in, eugh",disgust,disgust,negative,95%,,2026-06-08,19:41:22,anger,anger,95%,,2026-06-08,19:41:34,disgust,disgust,95%,,2026-06-08,19:41:45
6a26fef0832c9a5788363690,eejr5qf,deliberately getting in someone's face while they are in the middle of what would qualify as prayer is disrespect.,neutral,neutral,negative,95%,,2026-06-08,19:41:46,disapproval,anger,95%,,2026-06-08,19:41:57,disapproval,anger,95%,,2026-06-08,19:42:08
6a26fef1832c9a5788363691,edvjiaf,"Tbh, that sounds better than lithium",approval,joy,positive,85%,,2026-06-08,19:41:47,approval,joy,85%,,2026-06-08,19:41:58,approval,joy,95%,,2026-06-08,19:42:09
6a26fef2832c9a5788363692,ef7qad2,"Does that violate the NAP or not, hmmð¤",confusion,neutral,neutral,70%,,2026-06-08,19:41:49,curiosity,neutral,85%,,2026-06-08,19:42:00,confusion,neutral,85%,,2026-06-08,19:42:10
6a26fef4832c9a5788363693,ee5dy6r,"Hey, [NAME] nerf to basic damage and no damage mitigation in stealth! Thank [NAME]!",gratitude,joy,negative,95%,,2026-06-08,19:41:50,gratitude,joy,85%,,2026-06-08,19:42:01,anger,anger,90%,,2026-06-08,19:42:12
6a26fef5832c9a5788363694,ednakvb,My face is so round so I donât even know what male haircut to get  (,confusion,neutral,negative,85%,,2026-06-08,19:41:51,sadness,sadness,70%,,2026-06-08,19:42:02,disappointment,sadness,85%,,2026-06-08,19:42:13
6a26fef7832c9a5788363695,ee982cu,Now that I've gone solar I'll never go back,neutral,neutral,positive,95%,,2026-06-08,19:41:53,optimism,joy,90%,,2026-06-08,19:42:04,joy,joy,95%,,2026-06-08,19:42:15
6a26fef8832c9a5788363696,ef6vrh9,There are ways to work outside of employment.,neutral,neutral,neutral,80%,,2026-06-08,19:41:54,optimism,joy,80%,,2026-06-08,19:42:05,optimism,joy,70%,,2026-06-08,19:42:16
6a26fef9832c9a5788363697,eezx1i9,That was oddly specific,neutral,neutral,neutral,70%,,2026-06-08,19:41:55,confusion,neutral,85%,,2026-06-08,19:42:06,confusion,neutral,70%,,2026-06-08,19:42:17
6a26ff10832c9a5788363698,ef747g4,There's a difference between rights and law. Stop conflating the two.,disapproval,anger,negative,85%,,2026-06-08,19:42:18,disapproval,anger,95%,,2026-06-08,19:42:29,disapproval,anger,95%,,2026-06-08,19:42:40
6a26ff11832c9a5788363699,edf44w9,I'd say it's pretty uncommon now.,neutral,neutral,neutral,80%,,2026-06-08,19:42:20,neutral,neutral,80%,,2026-06-08,19:42:31,neutral,neutral,70%,,2026-06-08,19:42:41
6a26ff13832c9a578836369a,efekkpa,Omg is this that what older kids call s*x?1?1??1??,curiosity,neutral,neutral,70%,,2026-06-08,19:42:21,curiosity,neutral,90%,,2026-06-08,19:42:32,confusion,neutral,85%,,2026-06-08,19:42:43
6a26ff14832c9a578836369b,edhj6of,I watched the whole thing. I miss that style of cartoon. Simultaneously silly and understated.,disappointment,sadness,positive,95%,,2026-06-08,19:42:22,nostalgia,neutral,85%,,2026-06-08,19:42:33,nostalgia,neutral,90%,,2026-06-08,19:42:44
6a26ff16832c9a578836369c,ees5l2x,Imagine if we dont trade [NAME] and [NAME] fans just kill all of us.,fear,fear,negative,85%,,2026-06-08,19:42:24,fear,fear,85%,,2026-06-08,19:42:35,anger,anger,85%,,2026-06-08,19:42:46
6a26ff17832c9a578836369d,eevcym1,"Thatâs the way I interpreted it too, but i was laying in bed half asleep when I heard it, so I could be way off.",neutral,neutral,neutral,70%,,2026-06-08,19:42:25,confusion,neutral,70%,,2026-06-08,19:42:36,confusion,neutral,70%,,2026-06-08,19:42:47
6a26ff18832c9a578836369e,efb8nt8,But where?,curiosity,neutral,neutral,70%,,2026-06-08,19:42:27,confusion,neutral,90%,,2026-06-08,19:42:37,confusion,neutral,85%,,2026-06-08,19:42:48
6a26ff1a832c9a578836369f,ee0sak1,What a great photo and you two look so happy. ð,admiration,joy,positive,95%,,2026-06-08,19:42:28,love,love,95%,,2026-06-08,19:42:39,joy,joy,95%,,2026-06-08,19:42:50
6a26ff30832c9a57883636a0,edika91,Thank you. And I love your flair. My toddler is the same haha,gratitude,joy,positive,95%,,2026-06-08,19:42:51,love,love,85%,,2026-06-08,19:43:02,love,love,95%,,2026-06-08,19:43:12
6a26ff32832c9a57883636a1,ee3u66u,"Hi, [NAME]! I am stopping by to wish you the best day, and the best year! -HappyFriendlyBot",caring,love,positive,95%,,2026-06-08,19:42:52,joy,joy,95%,,2026-06-08,19:43:03,joy,joy,95%,,2026-06-08,19:43:14
6a26ff33832c9a57883636a2,ed1unvy,You are amazing,admiration,joy,positive,95%,,2026-06-08,19:42:54,admiration,joy,90%,,2026-06-08,19:43:04,joy,joy,95%,,2026-06-08,19:43:15
6a26ff34832c9a57883636a3,efglnt5,I canât believe only 3 people pet the cat. Not even the cameraman pet the cat!,surprise,surprise,negative,95%,,2026-06-08,19:42:55,disappointment,sadness,95%,,2026-06-08,19:43:06,disappointment,sadness,95%,,2026-06-08,19:43:16
6a26ff36832c9a57883636a4,edt9kyq,inertial frame of reference is the viewing party.,neutral,neutral,neutral,90%,,2026-06-08,19:42:56,neutral,neutral,90%,,2026-06-08,19:43:07,neutral,neutral,95%,,2026-06-08,19:43:18
6a26ff37832c9a57883636a5,ee9sf8k,"He's the only dignified politician, but it's still bizarre that people can be so enamoured of a literal [NAME]",admiration,joy,negative,85%,,2026-06-08,19:42:58,disapproval,anger,70%,,2026-06-08,19:43:08,disapproval,anger,70%,,2026-06-08,19:43:19
6a26ff39832c9a57883636a6,eexd4ae,This is the funniest shit I've seen all day.,amusement,joy,positive,95%,,2026-06-08,19:42:59,amusement,joy,95%,,2026-06-08,19:43:10,amusement,joy,95%,,2026-06-08,19:43:21
6a26ff3a832c9a57883636a7,ef3zlxo,What the hell,anger,anger,negative,95%,,2026-06-08,19:43:00,anger,anger,95%,,2026-06-08,19:43:11,anger,anger,95%,,2026-06-08,19:43:22
6a26ff51832c9a57883636a8,ee22k2y,Don't worry about it.,caring,love,positive,85%,,2026-06-08,19:43:23,neutral,neutral,90%,,2026-06-08,19:43:34,relief,joy,85%,,2026-06-08,19:43:45
6a26ff52832c9a57883636a9,eexldum,It burns...,neutral,neutral,negative,90%,,2026-06-08,19:43:25,pain,neutral,90%,,2026-06-08,19:43:35,disappointment,sadness,85%,,2026-06-08,19:43:46
6a26ff53832c9a57883636aa,ef5czn6,Ha! I can totally see him having these pictures on his dating profile. Heâs so cheesy lol.,amusement,joy,negative,85%,,2026-06-08,19:43:26,amusement,joy,95%,,2026-06-08,19:43:37,disapproval,anger,85%,,2026-06-08,19:43:47
6a26ff55832c9a57883636ab,eeivw4n,I love [NAME],love,love,positive,95%,,2026-06-08,19:43:27,love,love,90%,,2026-06-08,19:43:38,love,love,95%,,2026-06-08,19:43:49
6a26ff56832c9a57883636ac,eewgr71,Woman here - $50 per orgasm please! I could easily make $300 in a half hour wankfest...,optimism,joy,negative,95%,,2026-06-08,19:43:29,disapproval,anger,85%,,2026-06-08,19:43:39,disapproval,anger,95%,,2026-06-08,19:43:50
6a26ff57832c9a57883636ad,eeu85xq,A royal with creme,neutral,neutral,neutral,70%,,2026-06-08,19:43:30,neutral,neutral,80%,,2026-06-08,19:43:41,neutral,neutral,100%,,2026-06-08,19:43:51
6a26ff5a832c9a57883636ae,eemffjk,Oh god yes. Top quality cringe. Thank you for sharing,approval,joy,positive,70%,,2026-06-08,19:43:31,amusement,joy,85%,,2026-06-08,19:43:42,amusement,joy,95%,,2026-06-08,19:43:54
6a26ff5b832c9a57883636af,edb135z,My name is [NAME],neutral,neutral,neutral,100%,,2026-06-08,19:43:33,neutral,neutral,100%,,2026-06-08,19:43:43,neutral,neutral,100%,,2026-06-08,19:43:55
6a26ff72832c9a57883636b0,eetas5k,I changed from [NAME] to [NAME] last night because I panicked. I am very pleased with my decision.,approval,joy,positive,95%,,2026-06-08,19:43:56,relief,joy,90%,,2026-06-08,19:44:07,relief,joy,95%,,2026-06-08,19:44:18
6a26ff73832c9a57883636b1,ee2k7jn,Omg i hope this is about [NAME]. I would LOVE to see [NAME] and [NAME] go head to head,optimism,joy,positive,85%,,2026-06-08,19:43:58,excitement,joy,85%,,2026-06-08,19:44:08,excitement,joy,90%,,2026-06-08,19:44:19
6a26ff74832c9a57883636b2,ef637gp,Finale,neutral,neutral,neutral,70%,,2026-06-08,19:43:59,excitement,joy,85%,,2026-06-08,19:44:10,neutral,neutral,100%,,2026-06-08,19:44:20
6a26ff76832c9a57883636b3,ed6urto,Which suggests nothing in itself. The same mods you claim are abusive are probably as hyperbolic about the racism issue as you are.,anger,anger,negative,75%,,2026-06-08,19:44:00,disapproval,anger,85%,,2026-06-08,19:44:11,disapproval,anger,85%,,2026-06-08,19:44:22
6a26ff77832c9a57883636b4,ed4hvmx,I double dog dare him.,neutral,neutral,negative,70%,,2026-06-08,19:44:02,anger,anger,70%,,2026-06-08,19:44:12,anger,anger,85%,,2026-06-08,19:44:23
6a26ff78832c9a57883636b5,ee74ui2,"Believe you me. TLJ is much, much worse.",disappointment,sadness,negative,95%,,2026-06-08,19:44:03,disapproval,anger,90%,,2026-06-08,19:44:14,disapproval,anger,95%,,2026-06-08,19:44:24
6a26ff7a832c9a57883636b6,ednshbf,I don't really want to do anything.,disapproval,anger,negative,95%,,2026-06-08,19:44:04,sadness,sadness,85%,,2026-06-08,19:44:15,sadness,sadness,85%,,2026-06-08,19:44:26
6a26ff7b832c9a57883636b7,eesuzje,Iâd buy a cheap version of it.,approval,joy,positive,80%,,2026-06-08,19:44:06,desire,neutral,85%,,2026-06-08,19:44:16,desire,neutral,90%,,2026-06-08,19:44:27
6a26ff94832c9a57883636b8,eexo5ja,Not to mention that the full video is part of the kids PR campaign according to [NAME] idiot,disappointment,sadness,negative,95%,,2026-06-08,19:44:28,anger,anger,95%,,2026-06-08,19:44:41,anger,anger,90%,,2026-06-08,19:44:52
6a26ff96832c9a57883636b9,ed1u2wi,How did U quit being obsessed? Itâs my goal for 2019.,curiosity,neutral,positive,85%,,2026-06-08,19:44:30,curiosity,neutral,85%,,2026-06-08,19:44:43,curiosity,neutral,85%,,2026-06-08,19:44:54
6a26ff97832c9a57883636ba,ed0rmo9,"Most of them keep it on the down-low, but, yeah, they voted and support [NAME]. Only one of the brother-in-laws didn't vote for him. ",neutral,neutral,neutral,85%,,2026-06-08,19:44:31,approval,joy,85%,,2026-06-08,19:44:44,approval,joy,85%,,2026-06-08,19:44:55
6a26ff98832c9a57883636bb,ed1z0e1,Thatâs one of my favorite movies pans labyrinth.,admiration,joy,positive,95%,,2026-06-08,19:44:32,love,love,95%,,2026-06-08,19:44:46,love,love,95%,,2026-06-08,19:44:56
6a26ff9a832c9a57883636bc,eeydkdq,"I feel there will be a direct correlation between using expeditious retreat to charge, and the amount you fall to 0.",neutral,neutral,negative,70%,,2026-06-08,19:44:34,curiosity,neutral,85%,,2026-06-08,19:44:47,disappointment,sadness,85%,,2026-06-08,19:44:58
6a26ff9b832c9a57883636bd,eeh5itw,Go to class!,neutral,neutral,positive,90%,,2026-06-08,19:44:35,annoyance,anger,85%,,2026-06-08,19:44:48,excitement,joy,70%,,2026-06-08,19:44:59
6a26ff9d832c9a57883636be,ee888be,Because [NAME] doesn't have time to monitor what is going on in a couples bedroom.,realization,surprise,neutral,80%,,2026-06-08,19:44:39,annoyance,anger,85%,,2026-06-08,19:44:50,neutral,neutral,80%,,2026-06-08,19:45:01
6a26ff9e832c9a57883636bf,ee1oyhz,Wow this is amazing. LOVE THIS!!!,admiration,joy,positive,95%,,2026-06-08,19:44:40,joy,joy,95%,,2026-06-08,19:44:51,joy,joy,95%,,2026-06-08,19:45:02
6a26ffb5832c9a57883636c0,eemrrt5,"Huh, I'd missed this one when looking for new games a few months back. Might have to give it a try.",disappointment,sadness,positive,85%,,2026-06-08,19:45:03,curiosity,neutral,85%,,2026-06-08,19:45:14,curiosity,neutral,85%,,2026-06-08,19:45:25
6a26ffb7832c9a57883636c1,ef4krks,Since she ate other food I would guess it is a way of getting around a digestive disorder or carbs.,neutral,neutral,neutral,70%,,2026-06-08,19:45:05,curiosity,neutral,70%,,2026-06-08,19:45:16,curiosity,neutral,70%,,2026-06-08,19:45:27
6a26ffb8832c9a57883636c2,ee6c291,"Troo, troo....worse eban dan eat pizza wif aht a ferk. ",disgust,disgust,negative,95%,,2026-06-08,19:45:06,disgust,disgust,85%,,2026-06-08,19:45:17,disgust,disgust,85%,,2026-06-08,19:45:28
6a26ffb9832c9a57883636c3,eehj8cg,Heâs soft. No heart.,disappointment,sadness,negative,95%,,2026-06-08,19:45:08,disapproval,anger,85%,,2026-06-08,19:45:18,disapproval,anger,90%,,2026-06-08,19:45:29
6a26ffbb832c9a57883636c4,eeyqhm1,You were at a casino. Sounds like you won.,admiration,joy,positive,85%,,2026-06-08,19:45:09,joy,joy,85%,,2026-06-08,19:45:20,joy,joy,90%,,2026-06-08,19:45:31
6a26ffbc832c9a57883636c5,eed4jlv,I like [NAME] because she hates America,love,love,negative,95%,,2026-06-08,19:45:10,disapproval,anger,90%,,2026-06-08,19:45:21,disapproval,anger,85%,,2026-06-08,19:45:32
6a26ffbd832c9a57883636c6,ee3tqag,why are you the way that you are,neutral,neutral,negative,70%,,2026-06-08,19:45:12,confusion,neutral,80%,,2026-06-08,19:45:23,confusion,neutral,85%,,2026-06-08,19:45:33
6a26ffbf832c9a57883636c7,eeuv5tf,Hahaha I KNEW y'all were gonna post this,amusement,joy,positive,95%,,2026-06-08,19:45:13,amusement,joy,95%,,2026-06-08,19:45:24,amusement,joy,95%,,2026-06-08,19:45:35
6a26ffd8832c9a57883636c8,eeao04e,Yes! What the hell is it with ikea? My husband and I donât go together anymore.,anger,anger,negative,85%,,2026-06-08,19:45:36,annoyance,anger,85%,,2026-06-08,19:45:47,annoyance,anger,85%,,2026-06-08,19:46:00
6a26ffd9832c9a57883636c9,eeljtyr,Omg lala a housewife I canât even imagine!,surprise,surprise,negative,75%,,2026-06-08,19:45:37,amusement,joy,85%,,2026-06-08,19:45:48,disapproval,anger,85%,,2026-06-08,19:46:01
6a26ffdb832c9a57883636ca,ef3xjft,The great ancap argument lol,amusement,joy,negative,85%,,2026-06-08,19:45:39,amusement,joy,95%,,2026-06-08,19:45:50,amusement,joy,85%,,2026-06-08,19:46:02
6a26ffdc832c9a57883636cb,efh2r9f,I didn't come out [of my mother] drawing [goshdarn] [NAME],neutral,neutral,negative,85%,,2026-06-08,19:45:40,disappointment,sadness,85%,,2026-06-08,19:45:53,disappointment,sadness,85%,,2026-06-08,19:46:04
6a26ffdd832c9a57883636cc,ef6jtjd,What the hell are you talking about?,anger,anger,negative,95%,,2026-06-08,19:45:41,anger,anger,95%,,2026-06-08,19:45:54,anger,anger,95%,,2026-06-08,19:46:05
6a26ffdf832c9a57883636cd,eecrfg8,The sign doesn't have units! Maybe the speed limit is 45 light yrs per second!!!!,confusion,neutral,neutral,70%,,2026-06-08,19:45:43,amusement,joy,85%,,2026-06-08,19:45:56,amusement,joy,80%,,2026-06-08,19:46:07
6a26ffe0832c9a57883636ce,eeo9eeh,"A surprise to be sure, but a welcome one.",optimism,joy,positive,95%,,2026-06-08,19:45:44,surprise,surprise,90%,,2026-06-08,19:45:57,surprise,surprise,90%,,2026-06-08,19:46:08
6a26ffe1832c9a57883636cf,ef5uwc8,"Haha, yes.",amusement,joy,positive,95%,,2026-06-08,19:45:45,amusement,joy,90%,,2026-06-08,19:45:58,amusement,joy,90%,,2026-06-08,19:46:09
6a26fff8832c9a57883636d0,eetgrdd,that hunkish dunked his way into my butt if you catch my drift,neutral,neutral,negative,80%,,2026-06-08,19:46:11,disgust,disgust,85%,,2026-06-08,19:46:22,disgust,disgust,90%,,2026-06-08,19:46:32
6a26fffa832c9a57883636d1,ee678x6,If your host stand has a register that isnât locked securely you have bigger problems than this lady I think,neutral,neutral,negative,85%,,2026-06-08,19:46:12,disapproval,anger,90%,,2026-06-08,19:46:23,disapproval,anger,85%,,2026-06-08,19:46:34
6a26fffb832c9a57883636d2,edvx1rl,Let's go!,neutral,neutral,positive,95%,,2026-06-08,19:46:13,excitement,joy,90%,,2026-06-08,19:46:24,excitement,joy,95%,,2026-06-08,19:46:35
6a26fffc832c9a57883636d3,ee7furn,"He is looking for the one that is leaking information, he doesn't want to throw anyone under the bus on purpose",neutral,neutral,negative,85%,,2026-06-08,19:46:15,determination,neutral,85%,,2026-06-08,19:46:26,anger,anger,85%,,2026-06-08,19:46:36
6a26fffe832c9a57883636d4,ee0k91c,> I really hope QCX addresses that last point. Who knows [NAME] could've fled with the money or something. What the hell dude. lol,amusement,joy,negative,85%,,2026-06-08,19:46:16,annoyance,anger,85%,,2026-06-08,19:46:27,anger,anger,85%,,2026-06-08,19:46:38
6a26ffff832c9a57883636d5,eebs3dw,I am [NAME],neutral,neutral,neutral,100%,,2026-06-08,19:46:17,neutral,neutral,90%,,2026-06-08,19:46:28,neutral,neutral,100%,,2026-06-08,19:46:39
6a270000832c9a57883636d6,eebjrae,"LOL top right one says ""It's MY birthday""",joy,joy,positive,85%,,2026-06-08,19:46:19,amusement,joy,85%,,2026-06-08,19:46:30,joy,joy,90%,,2026-06-08,19:46:40
6a270002832c9a57883636d7,edcs5ky,"You started over at 46? Wow. You are badass. You give me hope that if I finally had to, I could do it.",admiration,joy,positive,95%,,2026-06-08,19:46:20,admiration,joy,95%,,2026-06-08,19:46:31,admiration,joy,95%,,2026-06-08,19:46:42
6a270019832c9a57883636d8,eel7aw2,That would be perfect! Wish I had that.,desire,neutral,positive,95%,,2026-06-08,19:46:43,desire,neutral,90%,,2026-06-08,19:46:54,desire,neutral,90%,,2026-06-08,19:47:05
6a27001a832c9a57883636d9,efdyi0p,That's true for every loss except for this one. He's being really petty and hasn't taken the [NAME] loss well.,disapproval,anger,negative,95%,,2026-06-08,19:46:44,anger,anger,85%,,2026-06-08,19:46:55,anger,anger,85%,,2026-06-08,19:47:06
6a27001b832c9a57883636da,ed8cnqt,This part. I donât know how so many people my age group have optimism. Itâs not just about your money either.,neutral,neutral,negative,80%,,2026-06-08,19:46:46,confusion,neutral,85%,,2026-06-08,19:46:57,disappointment,sadness,85%,,2026-06-08,19:47:07
6a27001d832c9a57883636db,ednqyw5,"I want to see [NAME] and [NAME], fresh blood is gonna do us only good at this point",neutral,neutral,positive,85%,,2026-06-08,19:46:47,desire,neutral,85%,,2026-06-08,19:46:58,excitement,joy,85%,,2026-06-08,19:47:09
6a27001e832c9a57883636dc,eefaf29,"Iâm telling ya, we really need to impose a basic hockey knowledge test to post here. Iâm sick of the mouth breathers.",annoyance,anger,negative,95%,,2026-06-08,19:46:48,anger,anger,95%,,2026-06-08,19:47:00,anger,anger,95%,,2026-06-08,19:47:10
6a27001f832c9a57883636dd,ee0zrmg,âRichtofen breaks the cycle!â,neutral,neutral,positive,95%,,2026-06-08,19:46:50,excitement,joy,90%,,2026-06-08,19:47:01,excitement,joy,95%,,2026-06-08,19:47:11
6a270021832c9a57883636de,eecogm3,That dude is Russian intelligence,admiration,joy,negative,85%,,2026-06-08,19:46:51,disapproval,anger,85%,,2026-06-08,19:47:02,anger,anger,85%,,2026-06-08,19:47:13
6a270022832c9a57883636df,eezderw,Ik these are great!,admiration,joy,positive,95%,,2026-06-08,19:46:52,approval,joy,90%,,2026-06-08,19:47:04,joy,joy,95%,,2026-06-08,19:47:14
6a270039832c9a57883636e0,eefcivw,He hatet [NAME],neutral,neutral,negative,95%,,2026-06-08,19:47:15,anger,anger,95%,,2026-06-08,19:47:26,anger,anger,95%,,2026-06-08,19:47:37
6a27003a832c9a57883636e1,een6l21,Uhhh... unfortunately I can't read the article due to some regulations...but pretty sure that post is just the article,disappointment,sadness,neutral,70%,,2026-06-08,19:47:17,disappointment,sadness,85%,,2026-06-08,19:47:27,confusion,neutral,70%,,2026-06-08,19:47:38
6a27003c832c9a57883636e2,ee0hz55,I see it this way also. I have never played Pokemon Go but I feel like DD creates the same excitement.,excitement,joy,neutral,80%,,2026-06-08,19:47:18,excitement,joy,85%,,2026-06-08,19:47:29,excitement,joy,70%,,2026-06-08,19:47:40
6a27003d832c9a57883636e3,ed4a0ot,That last panel tho.  ( Same dude.,neutral,neutral,neutral,70%,,2026-06-08,19:47:19,amusement,joy,85%,,2026-06-08,19:47:30,amusement,joy,70%,,2026-06-08,19:47:41
6a27003f832c9a57883636e4,edj8r34,Did someone turn u down? Is this revenge?,confusion,neutral,negative,80%,,2026-06-08,19:47:21,confusion,neutral,70%,,2026-06-08,19:47:32,anger,anger,85%,,2026-06-08,19:47:43
6a270040832c9a57883636e5,eeepopj,I get it. I hate that [NAME]. Taking advantage of sad people.,disapproval,anger,negative,95%,,2026-06-08,19:47:22,anger,anger,95%,,2026-06-08,19:47:33,anger,anger,95%,,2026-06-08,19:47:44
6a270041832c9a57883636e6,ede2c6b,"Hi, how are you doing? ",neutral,neutral,neutral,85%,,2026-06-08,19:47:23,neutral,neutral,90%,,2026-06-08,19:47:34,neutral,neutral,100%,,2026-06-08,19:47:45
6a270043832c9a57883636e7,edaqijq,His eyebrows are too precious,admiration,joy,positive,85%,,2026-06-08,19:47:25,amusement,joy,85%,,2026-06-08,19:47:36,admiration,joy,85%,,2026-06-08,19:47:47
6a27005a832c9a57883636e8,edtc1hx,Wow. Got a link?,curiosity,neutral,neutral,70%,,2026-06-08,19:47:49,curiosity,neutral,85%,,2026-06-08,19:47:59,curiosity,neutral,85%,,2026-06-08,19:48:10
6a27005c832c9a57883636e9,eegn5c9,Your son went to school in a treehouse?,curiosity,neutral,neutral,80%,,2026-06-08,19:47:50,confusion,neutral,85%,,2026-06-08,19:48:01,confusion,neutral,85%,,2026-06-08,19:48:12
6a27005d832c9a57883636ea,efeiyqj,"You elect [NAME], you get what you vote for, Utah. Congratulations, you got what you voted for. Vote smarter next time.",admiration,joy,negative,95%,,2026-06-08,19:47:51,anger,anger,85%,,2026-06-08,19:48:02,disappointment,sadness,85%,,2026-06-08,19:48:13
6a27005e832c9a57883636eb,ee0r3kn,"[NAME] gets his attitude from his mother. The ""I'm so thoughtful and empathetic"" crap but won't do anything for anyone in distress.",neutral,neutral,negative,95%,,2026-06-08,19:47:53,disapproval,anger,95%,,2026-06-08,19:48:03,disapproval,anger,95%,,2026-06-08,19:48:14
6a270060832c9a57883636ec,ef5ipm1,The likes of [NAME] utter genius cannot be fathomed by mere mortals,annoyance,anger,positive,85%,,2026-06-08,19:47:54,admiration,joy,85%,,2026-06-08,19:48:05,admiration,joy,95%,,2026-06-08,19:48:16
6a270061832c9a57883636ed,eew1xqr,"Donât rush it .... it will eventually all fall into place, Enjoy today ",joy,joy,positive,95%,,2026-06-08,19:47:55,optimism,joy,85%,,2026-06-08,19:48:06,optimism,joy,95%,,2026-06-08,19:48:17
6a270062832c9a57883636ee,edohrmb,Lmfao. GOAT reference.,neutral,neutral,positive,85%,,2026-06-08,19:47:57,amusement,joy,95%,,2026-06-08,19:48:07,amusement,joy,95%,,2026-06-08,19:48:18
6a270064832c9a57883636ef,ee8k7h7,If itâs fan made they deserve an award. Or money. Something. The score is strange though,surprise,surprise,positive,70%,,2026-06-08,19:47:58,approval,joy,85%,,2026-06-08,19:48:09,admiration,joy,80%,,2026-06-08,19:48:20
6a27007b832c9a57883636f0,ef8fbik,Wow really? I watched a fair bit of KR Contenders. I guess I just wasnât paying that much attention.,surprise,surprise,neutral,85%,,2026-06-08,19:48:21,confusion,neutral,80%,,2026-06-08,19:48:32,confusion,neutral,85%,,2026-06-08,19:48:43
6a27007c832c9a57883636f1,ef47ybt,"If anything, [NAME] got fouled ",neutral,neutral,negative,70%,,2026-06-08,19:48:22,anger,anger,85%,,2026-06-08,19:48:33,anger,anger,85%,,2026-06-08,19:48:44
6a27007d832c9a57883636f2,ef0rsb1,Never worked on my babies. So disappointing,disappointment,sadness,negative,95%,,2026-06-08,19:48:24,disappointment,sadness,95%,,2026-06-08,19:48:35,disappointment,sadness,95%,,2026-06-08,19:48:45
6a27007f832c9a57883636f3,edbcp5t,"It sounds like they found out that when asked if they have an allergy, people with a non-allergy food intolerance still answer yes.",realization,surprise,neutral,95%,,2026-06-08,19:48:25,confusion,neutral,85%,,2026-06-08,19:48:36,confusion,neutral,70%,,2026-06-08,19:48:47
6a270080832c9a57883636f4,ef8misu,"thats the future right there, robots trying to help but destroying your whole home in the process. ",disgust,disgust,negative,95%,,2026-06-08,19:48:27,amusement,joy,70%,,2026-06-08,19:48:37,disappointment,sadness,85%,,2026-06-08,19:48:48
6a270081832c9a57883636f5,edvfsis,He forgot about his head real quick after his legs got smashed,neutral,neutral,negative,95%,,2026-06-08,19:48:28,disappointment,sadness,85%,,2026-06-08,19:48:39,disappointment,sadness,85%,,2026-06-08,19:48:49
6a270083832c9a57883636f6,edo0tpt,Rape kit test from six year old migrant girl revealed DNA from 30 men.,sadness,sadness,negative,95%,,2026-06-08,19:48:29,disgust,disgust,95%,,2026-06-08,19:48:40,disgust,disgust,95%,,2026-06-08,19:48:51
6a270084832c9a57883636f7,edp4m3v,"By ranting aimlessly on the internet about it, obviously  )",anger,anger,negative,85%,,2026-06-08,19:48:31,annoyance,anger,85%,,2026-06-08,19:48:41,anger,anger,85%,,2026-06-08,19:48:52
6a27009c832c9a57883636f8,eenq04k,No it was a joke,amusement,joy,neutral,70%,,2026-06-08,19:48:53,amusement,joy,85%,,2026-06-08,19:49:04,amusement,joy,70%,,2026-06-08,19:49:16
6a27009d832c9a57883636f9,efe0x7m,There is no doubt about either one. Question is offside for this one.,neutral,neutral,neutral,90%,,2026-06-08,19:48:55,disapproval,anger,95%,,2026-06-08,19:49:05,neutral,neutral,90%,,2026-06-08,19:49:17
6a27009e832c9a57883636fa,ef7u0s1,"Didn't notice the date, sorry.",remorse,sadness,neutral,80%,,2026-06-08,19:48:56,sadness,sadness,70%,,2026-06-08,19:49:08,neutral,neutral,100%,,2026-06-08,19:49:18
6a2700a0832c9a57883636fb,eenkagk,Kotaku never ceases to amaze me with the horrible decisions they make in posting stories that can ruin people's lives with no confirmation or validity.,fear,fear,negative,95%,,2026-06-08,19:48:57,anger,anger,95%,,2026-06-08,19:49:09,disapproval,anger,95%,,2026-06-08,19:49:20
6a2700a1832c9a57883636fc,eerk5ja,"Well I like [NAME] but other than her, I don't know any interesting asian youtubers. so help me out",admiration,joy,neutral,70%,,2026-06-08,19:48:59,disappointment,sadness,85%,,2026-06-08,19:49:10,curiosity,neutral,70%,,2026-06-08,19:49:21
6a2700a2832c9a57883636fd,edwaw82,i was just feeling it okay i knew it wouldnât blow up!!!,optimism,joy,positive,85%,,2026-06-08,19:49:00,relief,joy,90%,,2026-06-08,19:49:12,joy,joy,85%,,2026-06-08,19:49:22
6a2700a4832c9a57883636fe,ef8n43f,Which part do you not understand?,confusion,neutral,negative,85%,,2026-06-08,19:49:01,confusion,neutral,90%,,2026-06-08,19:49:13,confusion,neutral,85%,,2026-06-08,19:49:24
6a2700a5832c9a57883636ff,eea4ui4,How so?,neutral,neutral,neutral,70%,,2026-06-08,19:49:03,confusion,neutral,90%,,2026-06-08,19:49:14,confusion,neutral,70%,,2026-06-08,19:49:25
6a2700bc832c9a5788363700,eedoqgf,"If they actually want to prevent abortions, they should be fighting for universal healthcare, comprehensive sex ed, and civilized parental leave policies.",approval,joy,negative,85%,,2026-06-08,19:49:26,disapproval,anger,95%,,2026-06-08,19:49:37,disappointment,sadness,85%,,2026-06-08,19:49:48
6a2700be832c9a5788363701,eea1qjt,Totally disagree. I love this look.,disapproval,anger,positive,70%,,2026-06-08,19:49:28,disapproval,anger,90%,,2026-06-08,19:49:39,approval,joy,90%,,2026-06-08,19:49:50
6a2700bf832c9a5788363702,eeihmkq,Thank you. Language is weird. Why do you have multiple words for the same thing?,gratitude,joy,neutral,70%,,2026-06-08,19:49:29,confusion,neutral,85%,,2026-06-08,19:49:40,confusion,neutral,75%,,2026-06-08,19:49:51
6a2700c0832c9a5788363703,efeepl0,No I mean live,neutral,neutral,neutral,70%,,2026-06-08,19:49:30,confusion,neutral,85%,,2026-06-08,19:49:41,confusion,neutral,70%,,2026-06-08,19:49:52
6a2700c2832c9a5788363704,eet7zvm,">They talked about it a lot in early 2017, specifically mentioning r/Minnesota. Lol, someone found one comment that had 3 points.",neutral,neutral,negative,85%,,2026-06-08,19:49:32,amusement,joy,85%,,2026-06-08,19:49:43,amusement,joy,85%,,2026-06-08,19:49:54
6a2700c3832c9a5788363705,ef0y87w,MD will add it soon too. Too big opportunity not too. Casino everywhere. Add good growth to Maryland area,neutral,neutral,positive,85%,,2026-06-08,19:49:33,excitement,joy,85%,,2026-06-08,19:49:44,excitement,joy,85%,,2026-06-08,19:49:55
6a2700c4832c9a5788363706,eekafhe,When is that? There will always be supporters who don't support the players.,approval,joy,negative,70%,,2026-06-08,19:49:35,confusion,neutral,85%,,2026-06-08,19:49:46,anger,anger,70%,,2026-06-08,19:49:56
6a2700c6832c9a5788363707,edvkudq,THIS IS THE JOKE,amusement,joy,neutral,70%,,2026-06-08,19:49:36,amusement,joy,80%,,2026-06-08,19:49:47,amusement,joy,70%,,2026-06-08,19:49:58
6a2700dd832c9a5788363708,ef6uafd,"The dad is like ARE YOU FUCKING SORRY Jokes aside, good on the dad and the 2nd pissed off dude Tryin to make a change  -",disgust,disgust,negative,70%,,2026-06-08,19:49:59,anger,anger,85%,,2026-06-08,19:50:10,anger,anger,85%,,2026-06-08,19:50:21
6a2700de832c9a5788363709,edbcyxu,It becomes manageable after I get prep going. But first thing in the morning itâs always a mess.,neutral,neutral,neutral,80%,,2026-06-08,19:50:00,annoyance,anger,80%,,2026-06-08,19:50:11,annoyance,anger,70%,,2026-06-08,19:50:22
6a2700df832c9a578836370a,eexixy5,What loser feels superior cause they have airpods tho,neutral,neutral,negative,85%,,2026-06-08,19:50:02,disapproval,anger,95%,,2026-06-08,19:50:13,disapproval,anger,85%,,2026-06-08,19:50:23
6a2700e1832c9a578836370b,eev538b,Lay off the drugs dude,caring,love,negative,95%,,2026-06-08,19:50:03,anger,anger,90%,,2026-06-08,19:50:14,disapproval,anger,95%,,2026-06-08,19:50:25
6a2700e2832c9a578836370c,eeu9urb,Thank you for explaining! Iâm only 31 but now I feel old lol,amusement,joy,negative,85%,,2026-06-08,19:50:04,sadness,sadness,85%,,2026-06-08,19:50:15,sadness,sadness,80%,,2026-06-08,19:50:26
6a2700e3832c9a578836370d,eeejsh7,She was using her lighter to heat up the cold pump handle.,neutral,neutral,neutral,95%,,2026-06-08,19:50:06,care,neutral,85%,,2026-06-08,19:50:17,caring,love,85%,,2026-06-08,19:50:27
6a2700e5832c9a578836370e,eex0j7h,"No, that means you're actually 41.",disapproval,anger,negative,85%,,2026-06-08,19:50:07,surprise,surprise,90%,,2026-06-08,19:50:18,disappointment,sadness,85%,,2026-06-08,19:50:29
6a2700e6832c9a578836370f,eekieck,"Sometimes, a shirt is just a shirt. Do you have any reason to believe otherwise?",neutral,neutral,neutral,85%,,2026-06-08,19:50:08,confusion,neutral,70%,,2026-06-08,19:50:19,curiosity,neutral,70%,,2026-06-08,19:50:30
6a2700fd832c9a5788363710,eedj766,Wow talk about strength!,admiration,joy,positive,95%,,2026-06-08,19:50:32,admiration,joy,95%,,2026-06-08,19:50:42,admiration,joy,95%,,2026-06-08,19:50:53
6a2700fe832c9a5788363711,eefzrjz,If they hadnât played the Vikings in SBIII itâs a guarantee they wouldâve lost,neutral,neutral,negative,85%,,2026-06-08,19:50:33,disappointment,sadness,85%,,2026-06-08,19:50:43,disappointment,sadness,85%,,2026-06-08,19:50:54
6a270100832c9a5788363712,efguf14,"[NAME], He's got the name that you'd love to touch...",love,love,positive,85%,,2026-06-08,19:50:34,desire,neutral,85%,,2026-06-08,19:50:45,amusement,joy,85%,,2026-06-08,19:50:56
6a270101832c9a5788363713,eeo7rbo,I've seen a number of them on there. I regret seeing most of them but some are legit movies.,remorse,sadness,negative,85%,,2026-06-08,19:50:35,disappointment,sadness,85%,,2026-06-08,19:50:46,disappointment,sadness,90%,,2026-06-08,19:50:57
6a270102832c9a5788363714,effq6ru,I can relate to this so much.,neutral,neutral,positive,95%,,2026-06-08,19:50:37,admiration,joy,70%,,2026-06-08,19:50:48,joy,joy,95%,,2026-06-08,19:50:58
6a270104832c9a5788363715,eeo0tgr,beautiful story arc. glad you decided to end it in my semi hometown of excelsior - really neat lil town.,admiration,joy,positive,95%,,2026-06-08,19:50:38,joy,joy,95%,,2026-06-08,19:50:49,joy,joy,95%,,2026-06-08,19:51:00
6a270105832c9a5788363716,eegnsh3,He landed badly on his shoulder at full speed. Definitely wasnât nothing,neutral,neutral,negative,95%,,2026-06-08,19:50:39,pain,neutral,80%,,2026-06-08,19:50:50,disappointment,sadness,85%,,2026-06-08,19:51:01
6a270107832c9a5788363717,ede3zls,"If you live in OC, you know who to blacklist   [NAME]",neutral,neutral,negative,95%,,2026-06-08,19:50:41,disapproval,anger,95%,,2026-06-08,19:50:51,anger,anger,95%,,2026-06-08,19:51:03
6a270120832c9a5788363718,eenxarn,"i cannot stand babies and i would run the other way which is all kinds of illegal if it's my own, haha. ",neutral,neutral,negative,95%,,2026-06-08,19:51:07,disgust,disgust,95%,,2026-06-08,19:51:18,disgust,disgust,95%,,2026-06-08,19:51:28
6a270122832c9a5788363719,efcamf1,Because of my adhd I do this with everything.,neutral,neutral,neutral,85%,,2026-06-08,19:51:08,neutral,neutral,80%,,2026-06-08,19:51:19,neutral,neutral,85%,,2026-06-08,19:51:30
6a270123832c9a578836371a,ee9ygcn,I'm starting to think that this whole DSJ trade thing is a bunch of BS.,realization,surprise,negative,95%,,2026-06-08,19:51:10,disapproval,anger,95%,,2026-06-08,19:51:20,disapproval,anger,95%,,2026-06-08,19:51:31
6a270124832c9a578836371b,eeswk0k,"That actually sounds like it would help, Iâm glad it worked for you and I hope you eye is ok now ððªð»",approval,joy,positive,95%,,2026-06-08,19:51:11,caring,love,95%,,2026-06-08,19:51:22,caring,love,95%,,2026-06-08,19:51:32
6a270126832c9a578836371c,edu5d51,Can I stay with you if I fly down next season?,neutral,neutral,neutral,80%,,2026-06-08,19:51:12,desire,neutral,85%,,2026-06-08,19:51:23,desire,neutral,70%,,2026-06-08,19:51:34
6a270127832c9a578836371d,efed5qa,EB GAMES STILL EXIST there?,curiosity,neutral,neutral,70%,,2026-06-08,19:51:14,surprise,surprise,95%,,2026-06-08,19:51:24,surprise,surprise,85%,,2026-06-08,19:51:35
6a270129832c9a578836371e,edfd4y3,he blocked me right after ð,neutral,neutral,negative,70%,,2026-06-08,19:51:15,amusement,joy,80%,,2026-06-08,19:51:26,disappointment,sadness,70%,,2026-06-08,19:51:37
6a27012a832c9a578836371f,eee9lqc,More of us than you'd probably think. Vocal minority and whatnot.,neutral,neutral,negative,85%,,2026-06-08,19:51:16,annoyance,anger,70%,,2026-06-08,19:51:27,disapproval,anger,85%,,2026-06-08,19:51:38
6a270141832c9a5788363720,ed2zy1c,[NAME] to me will forever be proof that the true dangerous people are not the ones telling lies but rather the people that believe them.,neutral,neutral,negative,95%,,2026-06-08,19:51:39,disapproval,anger,95%,,2026-06-08,19:51:50,disapproval,anger,90%,,2026-06-08,19:52:01
6a270142832c9a5788363721,eesg6hw,That is the coolest name,admiration,joy,positive,85%,,2026-06-08,19:51:41,admiration,joy,85%,,2026-06-08,19:51:52,amusement,joy,85%,,2026-06-08,19:52:02
6a270144832c9a5788363722,ed5ehzo,Oh jeez I missed that  (,disappointment,sadness,negative,90%,,2026-06-08,19:51:42,disappointment,sadness,85%,,2026-06-08,19:51:53,disappointment,sadness,85%,,2026-06-08,19:52:04
6a270145832c9a5788363723,edur4v5,Damn that's a good-looking pizza,admiration,joy,positive,95%,,2026-06-08,19:51:43,admiration,joy,90%,,2026-06-08,19:51:54,amusement,joy,70%,,2026-06-08,19:52:05
6a270146832c9a5788363724,ee4ppgn,[NAME] would laugh and hang up if this was the offer,amusement,joy,negative,95%,,2026-06-08,19:51:45,amusement,joy,85%,,2026-06-08,19:51:56,disapproval,anger,90%,,2026-06-08,19:52:06
6a270148832c9a5788363725,ee5vdd5,[NAME] gets called for some of the softest fouls bro,neutral,neutral,negative,85%,,2026-06-08,19:51:46,annoyance,anger,85%,,2026-06-08,19:51:57,anger,anger,85%,,2026-06-08,19:52:08
6a270149832c9a5788363726,eesnb0z,he refers to marijuana as a narcotic. da fuq??,neutral,neutral,negative,85%,,2026-06-08,19:51:48,disapproval,anger,95%,,2026-06-08,19:51:58,disapproval,anger,95%,,2026-06-08,19:52:09
6a27014a832c9a5788363727,edm6udd,Throw it all on the mortgage. Don't spend it on garbage you think you need.,caring,love,negative,85%,,2026-06-08,19:51:49,disapproval,anger,95%,,2026-06-08,19:52:00,disapproval,anger,85%,,2026-06-08,19:52:10
6a270162832c9a5788363728,ed5gumx,Picture was gorgeous. What TV is that?,admiration,joy,positive,95%,,2026-06-08,19:52:12,curiosity,neutral,85%,,2026-06-08,19:52:23,joy,joy,95%,,2026-06-08,19:52:34
6a270163832c9a5788363729,ee6c630,I don't feel alive anymore. I don't feel anything. I'm just numb all over. All I know is I want it to stop,sadness,sadness,negative,95%,,2026-06-08,19:52:13,sadness,sadness,95%,,2026-06-08,19:52:24,sadness,sadness,95%,,2026-06-08,19:52:35
6a270164832c9a578836372a,efgfwla,It is. Something I've wondered about many times,surprise,surprise,neutral,70%,,2026-06-08,19:52:14,curiosity,neutral,85%,,2026-06-08,19:52:25,curiosity,neutral,80%,,2026-06-08,19:52:36
6a270166832c9a578836372b,efb06gz,"Gods, what a loser.",disappointment,sadness,negative,95%,,2026-06-08,19:52:16,disapproval,anger,85%,,2026-06-08,19:52:27,disapproval,anger,95%,,2026-06-08,19:52:38
6a270167832c9a578836372c,edbdtxe,Be careful with the Washington Times. It's not exactly the Washington Post.,caring,love,negative,85%,,2026-06-08,19:52:17,disapproval,anger,85%,,2026-06-08,19:52:28,disapproval,anger,85%,,2026-06-08,19:52:39
6a270168832c9a578836372d,ee0de4c,"Where the mask inside, too? Are air purifers not good enough for inside? Sorry for the dumb question... Just moved here this week.",curiosity,neutral,neutral,70%,,2026-06-08,19:52:19,confusion,neutral,85%,,2026-06-08,19:52:29,confusion,neutral,85%,,2026-06-08,19:52:40
6a27016a832c9a578836372e,edk6r0u,Don't worry. r/fireemblem is obligated to bash fates whenever it can [NAME] I love the entire scene so much. ~~Too bad it ruined the song~~,disappointment,sadness,positive,85%,,2026-06-08,19:52:20,love,love,85%,,2026-06-08,19:52:31,love,love,95%,,2026-06-08,19:52:42
6a27016b832c9a578836372f,eepuicw,Is it that confusing to understand a food layerd with meat chees pasta aand sos we call lasagna,confusion,neutral,negative,85%,,2026-06-08,19:52:21,confusion,neutral,80%,,2026-06-08,19:52:32,annoyance,anger,85%,,2026-06-08,19:52:43
6a270182832c9a5788363730,ed47g7c,because it's a morning ritual and i like the smell and taste,love,love,positive,95%,,2026-06-08,19:52:44,joy,joy,90%,,2026-06-08,19:52:55,joy,joy,95%,,2026-06-08,19:53:06
6a270184832c9a5788363731,edgq1k8,I think it's your choice that determines it,approval,joy,neutral,70%,,2026-06-08,19:52:46,neutral,neutral,80%,,2026-06-08,19:52:56,neutral,neutral,90%,,2026-06-08,19:53:08
6a270185832c9a5788363732,eeuui3g,I'm mostly impressed that you can get to work from West Seattle in 20 minutes by car.,admiration,joy,positive,95%,,2026-06-08,19:52:47,admiration,joy,95%,,2026-06-08,19:52:58,admiration,joy,95%,,2026-06-08,19:53:09
6a270186832c9a5788363733,edulm1d,You are the only real person i can look at soo noo,approval,joy,negative,80%,,2026-06-08,19:52:48,love,love,70%,,2026-06-08,19:52:59,sadness,sadness,85%,,2026-06-08,19:53:10
6a270188832c9a5788363734,eerctzh,Donât say that to a person with a rapidly deteriorating health condition,caring,love,negative,95%,,2026-06-08,19:52:49,caring,love,95%,,2026-06-08,19:53:00,disappointment,sadness,85%,,2026-06-08,19:53:12
6a270189832c9a5788363735,eey3bf2,"and may the kratz be with you too, sir!",neutral,neutral,positive,95%,,2026-06-08,19:52:51,amusement,joy,85%,,2026-06-08,19:53:02,joy,joy,95%,,2026-06-08,19:53:13
6a27018a832c9a5788363736,efeijug,Lol no wonder it's so expensive. I've been wondering if his developers are taking him for a ride.,amusement,joy,negative,95%,,2026-06-08,19:52:52,annoyance,anger,85%,,2026-06-08,19:53:03,disapproval,anger,90%,,2026-06-08,19:53:14
6a27018c832c9a5788363737,ee41kcd,Excellent use of this scene. Your skills and taste border on wizardry.,admiration,joy,positive,95%,,2026-06-08,19:52:54,admiration,joy,95%,,2026-06-08,19:53:05,admiration,joy,95%,,2026-06-08,19:53:16
6a2701a3832c9a5788363738,edwdylp,"This is the most majestic effortless mullet I have ever seen. The blending, the way his wavy locks lay. This is incredible. ",admiration,joy,positive,95%,,2026-06-08,19:53:17,admiration,joy,95%,,2026-06-08,19:53:28,admiration,joy,95%,,2026-06-08,19:53:39
6a2701a4832c9a5788363739,eefsu6f,Bruh Nicollet Mall is downtown Minneapolis. Thereâs nothing suburban about it.,neutral,neutral,negative,85%,,2026-06-08,19:53:18,disapproval,anger,85%,,2026-06-08,19:53:30,disappointment,sadness,85%,,2026-06-08,19:53:40
6a2701a6832c9a578836373a,edka8z2,It's not like other teams have been spending tons of money in the last couple weeks. Making small moves doesn't mean we can't make big moves.,neutral,neutral,neutral,70%,,2026-06-08,19:53:20,annoyance,anger,85%,,2026-06-08,19:53:31,optimism,joy,75%,,2026-06-08,19:53:42
6a2701a7832c9a578836373b,eez8bvj,"If youâre concerned about [NAME], then you must still be concerned about [NAME]. WAR over last 2 seasons  [NAME]  4.8, 3.1 [NAME]  4.0, 3.6",caring,love,neutral,85%,,2026-06-08,19:53:22,confusion,neutral,80%,,2026-06-08,19:53:32,confusion,neutral,70%,,2026-06-08,19:53:43
6a2701a8832c9a578836373c,ee8htkr,I'm not on it I was just wondering for the sake of knowing.,surprise,surprise,neutral,95%,,2026-06-08,19:53:23,neutral,neutral,90%,,2026-06-08,19:53:34,curiosity,neutral,70%,,2026-06-08,19:53:44
6a2701aa832c9a578836373d,eeks9he,So how long was this guy hospitalized? Did he survive to walk out of the hospital? And the guy spotting the ladder?,neutral,neutral,neutral,70%,,2026-06-08,19:53:24,curiosity,neutral,85%,,2026-06-08,19:53:35,curiosity,neutral,85%,,2026-06-08,19:53:46
6a2701ab832c9a578836373e,efe03tx,I miss seeing us capitalize on our rivalsâ slip ups,neutral,neutral,negative,85%,,2026-06-08,19:53:26,sadness,sadness,85%,,2026-06-08,19:53:36,sadness,sadness,85%,,2026-06-08,19:53:47
6a2701ad832c9a578836373f,edep5ck,This hurts me.,sadness,sadness,negative,95%,,2026-06-08,19:53:27,sadness,sadness,90%,,2026-06-08,19:53:38,sadness,sadness,95%,,2026-06-08,19:53:49
6a2701c6832c9a5788363740,effa0ri,But it was in Northern Ireland?? I live there?,neutral,neutral,negative,85%,,2026-06-08,19:53:51,confusion,neutral,90%,,2026-06-08,19:54:03,confusion,neutral,90%,,2026-06-08,19:54:14
6a2701c7832c9a5788363741,ee58wao,Well fuck my kids then,anger,anger,negative,95%,,2026-06-08,19:53:52,anger,anger,95%,,2026-06-08,19:54:04,anger,anger,95%,,2026-06-08,19:54:15
6a2701c8832c9a5788363742,ef0tnl6,"Because the content creators don't deserve to be paid, your seconds spent listening to ads are too valuable!",admiration,joy,negative,95%,,2026-06-08,19:53:54,disapproval,anger,95%,,2026-06-08,19:54:05,disapproval,anger,90%,,2026-06-08,19:54:16
6a2701c9832c9a5788363743,eedcfbk,If you want a one minute story told in half an hour then ask [NAME] to tell it.,amusement,joy,negative,70%,,2026-06-08,19:53:55,amusement,joy,85%,,2026-06-08,19:54:07,annoyance,anger,85%,,2026-06-08,19:54:17
6a2701cb832c9a5788363744,efejplk,Welp see you in eternity!!!,neutral,neutral,negative,85%,,2026-06-08,19:53:56,anger,anger,80%,,2026-06-08,19:54:08,anger,anger,85%,,2026-06-08,19:54:19
6a2701cc832c9a5788363745,edr6h5r,Daoc. Nothing comes closer to this. Period.,neutral,neutral,positive,95%,,2026-06-08,19:53:58,admiration,joy,95%,,2026-06-08,19:54:09,admiration,joy,90%,,2026-06-08,19:54:20
6a2701ce832c9a5788363746,efgv6wq,And dedmon is expiring. So he likely would have walked for nothing. Huge win,admiration,joy,negative,85%,,2026-06-08,19:54:00,disappointment,sadness,85%,,2026-06-08,19:54:11,disappointment,sadness,85%,,2026-06-08,19:54:22
6a2701cf832c9a5788363747,edls9bt,It's normal school except they sexually identify as [RELIGION],approval,joy,negative,85%,,2026-06-08,19:54:01,disapproval,anger,95%,,2026-06-08,19:54:12,disapproval,anger,85%,,2026-06-08,19:54:23
6a2701e8832c9a5788363748,eevxqzo," >it'll get invaded by tankie, unfortunately. How apropos.",neutral,neutral,negative,95%,,2026-06-08,19:54:24,disapproval,anger,85%,,2026-06-08,19:54:38,disappointment,sadness,85%,,2026-06-08,19:54:48
6a2701ea832c9a5788363749,ef71i3m,Box up all his stuff and put it outside the door,annoyance,anger,negative,95%,,2026-06-08,19:54:26,anger,anger,85%,,2026-06-08,19:54:39,anger,anger,85%,,2026-06-08,19:54:50
6a2701eb832c9a578836374a,ee0sc6k,Itâs incalculable,neutral,neutral,neutral,70%,,2026-06-08,19:54:27,curiosity,neutral,70%,,2026-06-08,19:54:40,neutral,neutral,100%,,2026-06-08,19:54:51
6a2701ec832c9a578836374b,ee6vyer,Galaxy brained hot take Your IQ must be near [NAME] levels of hyperinteligence,admiration,joy,negative,85%,,2026-06-08,19:54:29,amusement,joy,85%,,2026-06-08,19:54:42,disapproval,anger,85%,,2026-06-08,19:54:52
6a2701ee832c9a578836374c,edjfbst,His time will come for that,optimism,joy,neutral,70%,,2026-06-08,19:54:30,optimism,joy,85%,,2026-06-08,19:54:43,optimism,joy,70%,,2026-06-08,19:54:54
6a2701ef832c9a578836374d,edzktok,Why the fuck do people have these conversations in public,anger,anger,negative,95%,,2026-06-08,19:54:31,anger,anger,95%,,2026-06-08,19:54:44,anger,anger,95%,,2026-06-08,19:54:55
6a2701f0832c9a578836374e,eeq7qv8,Not much of anything,neutral,neutral,negative,80%,,2026-06-08,19:54:35,neutral,neutral,90%,,2026-06-08,19:54:46,sadness,sadness,85%,,2026-06-08,19:54:56
6a2701f2832c9a578836374f,efgafoy,I freakin love this channel,admiration,joy,positive,95%,,2026-06-08,19:54:36,love,love,95%,,2026-06-08,19:54:47,love,love,95%,,2026-06-08,19:54:58
6a270208832c9a5788363750,edc82vb,He's the only one who has managed anything positive in this game,admiration,joy,positive,85%,,2026-06-08,19:54:59,admiration,joy,85%,,2026-06-08,19:55:10,admiration,joy,90%,,2026-06-08,19:55:20
6a27020a832c9a5788363751,edw7v5j,"Would be really interesting to see how an FMT from a 20 year old would play out in the gut of 60 year old, or vice versa. ",approval,joy,neutral,95%,,2026-06-08,19:55:00,curiosity,neutral,90%,,2026-06-08,19:55:11,curiosity,neutral,85%,,2026-06-08,19:55:22
6a27020b832c9a5788363752,eex2fxc,that's why im here in the overwatch university subreddit you fucking idiot.,anger,anger,negative,95%,,2026-06-08,19:55:02,anger,anger,95%,,2026-06-08,19:55:12,anger,anger,95%,,2026-06-08,19:55:23
6a27020d832c9a5788363753,edjcm7b,You are the expert.,admiration,joy,neutral,100%,,2026-06-08,19:55:03,approval,joy,95%,,2026-06-08,19:55:14,neutral,neutral,100%,,2026-06-08,19:55:25
6a27020f832c9a5788363754,eeuo7sw,Yes but [NAME] advice is better then some randoms lol he was one of the leagues best ever defenders,admiration,joy,positive,85%,,2026-06-08,19:55:04,approval,joy,85%,,2026-06-08,19:55:15,approval,joy,90%,,2026-06-08,19:55:27
6a270210832c9a5788363755,edofp4f,"""I'm sorry mam, but we dont allow children in the store unattended, so you are going to have to leave."" ",caring,love,negative,95%,,2026-06-08,19:55:06,disapproval,anger,95%,,2026-06-08,19:55:16,disapproval,anger,95%,,2026-06-08,19:55:28
6a270212832c9a5788363756,ed2z2g9,"The walls are repainted anyway every few years, so if you buy the paint you want, they will even do it for you with that.",neutral,neutral,neutral,95%,,2026-06-08,19:55:07,approval,joy,85%,,2026-06-08,19:55:18,approval,joy,70%,,2026-06-08,19:55:30
6a270213832c9a5788363757,eesqy74,I really try to not use that terminology as it is inconsistent and was made up by people who know little to nothing about firearms.,neutral,neutral,negative,95%,,2026-06-08,19:55:08,disapproval,anger,90%,,2026-06-08,19:55:19,disapproval,anger,90%,,2026-06-08,19:55:31
6a27022d832c9a5788363758,ef4f027,Let me give you a hint  THEY PLAY IN BOSTON!!!,neutral,neutral,neutral,70%,,2026-06-08,19:55:33,excitement,joy,80%,,2026-06-08,19:55:46,excitement,joy,70%,,2026-06-08,19:55:57
6a27022e832c9a5788363759,ed4p747,"That's the key- minor corrections, little improvements, something slightly different.",neutral,neutral,neutral,85%,,2026-06-08,19:55:34,neutral,neutral,85%,,2026-06-08,19:55:47,neutral,neutral,95%,,2026-06-08,19:55:58
6a270230832c9a578836375a,ef0k68d,I do! (Sorry this comment just showed up for some reason),approval,joy,neutral,70%,,2026-06-08,19:55:35,confusion,neutral,85%,,2026-06-08,19:55:48,confusion,neutral,70%,,2026-06-08,19:56:00
6a270231832c9a578836375b,eeyo8v5,You better have done 3oh!3 proud and twisted,admiration,joy,negative,85%,,2026-06-08,19:55:37,disapproval,anger,95%,,2026-06-08,19:55:50,disappointment,sadness,85%,,2026-06-08,19:56:01
6a270232832c9a578836375c,edtbwuw,Older nurses seem to have less tolerance for the bullshit of hospital work and move on once it gets to be too ridiculous.,annoyance,anger,negative,95%,,2026-06-08,19:55:38,disapproval,anger,85%,,2026-06-08,19:55:52,disapproval,anger,85%,,2026-06-08,19:56:02
6a270234832c9a578836375d,edpk1j0,Thanks ! so need to try a donair sounds amazing,gratitude,joy,positive,95%,,2026-06-08,19:55:39,excitement,joy,85%,,2026-06-08,19:55:53,joy,joy,95%,,2026-06-08,19:56:04
6a270235832c9a578836375e,ediwxfx,/r/ATAAE from my POV.,neutral,neutral,neutral,70%,,2026-06-08,19:55:41,amusement,joy,85%,,2026-06-08,19:55:54,neutral,neutral,90%,,2026-06-08,19:56:05
6a270236832c9a578836375f,eeyvd8s,I love Skyline Chili but I totally understand why other people don't. Same with Imo's.,love,love,neutral,95%,,2026-06-08,19:55:42,love,love,85%,,2026-06-08,19:55:56,love,love,70%,,2026-06-08,19:56:06
6a27024d832c9a5788363760,edt8rd3,I appreciate the fact that you used your precious time to translate the meme in Latin.,admiration,joy,positive,95%,,2026-06-08,19:56:08,gratitude,joy,90%,,2026-06-08,19:56:18,gratitude,joy,95%,,2026-06-08,19:56:29
6a27024e832c9a5788363761,eerzag0,They've all fucked your mother. Just ask them.,annoyance,anger,negative,95%,,2026-06-08,19:56:09,anger,anger,95%,,2026-06-08,19:56:20,anger,anger,95%,,2026-06-08,19:56:30
6a270250832c9a5788363762,ed9ulpk,"Must be fun, just rewriting history at will...",amusement,joy,negative,85%,,2026-06-08,19:56:10,annoyance,anger,80%,,2026-06-08,19:56:21,disapproval,anger,85%,,2026-06-08,19:56:32
6a270251832c9a5788363763,eez2gfc,Tastes better? Or maybe totally worse I donât have experience,curiosity,neutral,neutral,70%,,2026-06-08,19:56:12,confusion,neutral,85%,,2026-06-08,19:56:22,confusion,neutral,85%,,2026-06-08,19:56:33
6a270253832c9a5788363764,eekfbsb,"Thanks for the reply! I appreciate your input. Please keep me in the loop, Iâd love to be more active with this if possible.",admiration,joy,positive,95%,,2026-06-08,19:56:13,gratitude,joy,95%,,2026-06-08,19:56:24,gratitude,joy,95%,,2026-06-08,19:56:35
6a270254832c9a5788363765,edfjgxy,"Oh no, are you going to be psychologically tormented and cry in the shower about it later? ",neutral,neutral,negative,85%,,2026-06-08,19:56:14,annoyance,anger,85%,,2026-06-08,19:56:25,disappointment,sadness,85%,,2026-06-08,19:56:36
6a270255832c9a5788363766,eduq6fj,while i'm grinding my pitchfork tines... can i get a source on that?,neutral,neutral,neutral,80%,,2026-06-08,19:56:16,curiosity,neutral,85%,,2026-06-08,19:56:26,confusion,neutral,85%,,2026-06-08,19:56:37
6a270257832c9a5788363767,eedht8c,i really don't get why people like this guy,confusion,neutral,negative,95%,,2026-06-08,19:56:17,disapproval,anger,90%,,2026-06-08,19:56:28,disapproval,anger,90%,,2026-06-08,19:56:39
6a27026f832c9a5788363768,edfd4gr,That song was epic live,admiration,joy,positive,95%,,2026-06-08,19:56:40,excitement,joy,90%,,2026-06-08,19:56:51,excitement,joy,95%,,2026-06-08,19:57:03
6a270270832c9a5788363769,eemr899,Probably stop school shootings hehe,amusement,joy,neutral,60%,,2026-06-08,19:56:41,amusement,joy,60%,,2026-06-08,19:56:53,amusement,joy,70%,,2026-06-08,19:57:04
6a270271832c9a578836376a,edzwlrx,"I love you, as a feminist with ASD words are very hard for me and you described this so well",love,love,positive,95%,,2026-06-08,19:56:43,love,love,95%,,2026-06-08,19:56:54,love,love,95%,,2026-06-08,19:57:05
6a270273832c9a578836376b,ef3uof8,"An ex-friend of mine proclaimed than anyone who speaks of being raped is a horrible, unethical human being.",anger,anger,negative,95%,,2026-06-08,19:56:44,disgust,disgust,95%,,2026-06-08,19:56:56,disapproval,anger,95%,,2026-06-08,19:57:07
6a270274832c9a578836376c,ed701uo,Finally something nice,joy,joy,positive,95%,,2026-06-08,19:56:45,joy,joy,95%,,2026-06-08,19:56:57,joy,joy,95%,,2026-06-08,19:57:08
6a270275832c9a578836376d,ee2vy9d,Thats even worse than what you put up (no offense really). Your work is well done just a hideous design.,admiration,joy,negative,95%,,2026-06-08,19:56:47,disapproval,anger,95%,,2026-06-08,19:56:59,disappointment,sadness,95%,,2026-06-08,19:57:09
6a270277832c9a578836376e,eeqph79,Huh I guess hes gotten calls to help someone bury stuff,neutral,neutral,neutral,70%,,2026-06-08,19:56:48,confusion,neutral,80%,,2026-06-08,19:57:00,neutral,neutral,90%,,2026-06-08,19:57:11
6a270278832c9a578836376f,eeq9vmq,"Dude, you're being gaslit right now by someone who despises [NAME]. Save your breath.",neutral,neutral,negative,95%,,2026-06-08,19:56:50,disapproval,anger,90%,,2026-06-08,19:57:01,disapproval,anger,95%,,2026-06-08,19:57:12
6a27028f832c9a5788363770,ed3oixx,Would have been faster to seal it and then pressurize the tube so the kitty gets shot out like a cannonball.,neutral,neutral,negative,85%,,2026-06-08,19:57:13,amusement,joy,85%,,2026-06-08,19:57:24,disapproval,anger,85%,,2026-06-08,19:57:35
6a270290832c9a5788363771,ed8u6q4,Thanks nate. If you need any help any time or support I'm here for ya.,gratitude,joy,positive,95%,,2026-06-08,19:57:15,caring,love,95%,,2026-06-08,19:57:26,caring,love,95%,,2026-06-08,19:57:36
6a270292832c9a5788363772,eea6lt7,I sure could have used that during nursing home rotations .,neutral,neutral,positive,85%,,2026-06-08,19:57:16,disappointment,sadness,85%,,2026-06-08,19:57:27,gratitude,joy,85%,,2026-06-08,19:57:38
6a270293832c9a5788363773,ee8im0g,Me too. Sweet!,approval,joy,positive,95%,,2026-06-08,19:57:17,joy,joy,85%,,2026-06-08,19:57:28,joy,joy,85%,,2026-06-08,19:57:39
6a270294832c9a5788363774,eed0hd3,Gun ownership isnât a hobby or recreational. Itâs a right youâre born with independently of where youâre born.,neutral,neutral,positive,85%,,2026-06-08,19:57:19,approval,joy,85%,,2026-06-08,19:57:30,approval,joy,95%,,2026-06-08,19:57:40
6a270296832c9a5788363775,ef4rpdm,Happened to me today...ended my shift early.,neutral,neutral,negative,90%,,2026-06-08,19:57:20,relief,joy,85%,,2026-06-08,19:57:31,disappointment,sadness,85%,,2026-06-08,19:57:42
6a270297832c9a5788363776,ef8ox47,>who accused him and [NAME] of raping her then did a porno where she fucked both of them AND [NAME]? She did?,curiosity,neutral,negative,95%,,2026-06-08,19:57:21,disgust,disgust,95%,,2026-06-08,19:57:32,disgust,disgust,95%,,2026-06-08,19:57:43
6a270299832c9a5788363777,eewqx5l,Impressive to have such foresight.,admiration,joy,positive,95%,,2026-06-08,19:57:23,admiration,joy,90%,,2026-06-08,19:57:34,admiration,joy,95%,,2026-06-08,19:57:45
6a2702b2832c9a5788363778,eej4u5g,too much logic in there for remainiacs only interested in cheering for unicorns and insulting the british people.,annoyance,anger,negative,95%,,2026-06-08,19:57:46,disapproval,anger,90%,,2026-06-08,19:57:57,disapproval,anger,95%,,2026-06-08,19:58:10
6a2702b4832c9a5788363779,ee9i3wf,I like your rant.,love,love,positive,95%,,2026-06-08,19:57:47,approval,joy,90%,,2026-06-08,19:57:58,approval,joy,90%,,2026-06-08,19:58:12
6a2702b6832c9a578836377a,effl1bx,Mommy bad man!!!,surprise,surprise,negative,95%,,2026-06-08,19:57:49,fear,fear,90%,,2026-06-08,19:57:59,fear,fear,85%,,2026-06-08,19:58:14
6a2702b7832c9a578836377b,eem0gli,Thanks I love him,gratitude,joy,positive,95%,,2026-06-08,19:57:50,love,love,95%,,2026-06-08,19:58:01,love,love,95%,,2026-06-08,19:58:15
6a2702b8832c9a578836377c,edwjhwz,Ive seen that move no less than 5 times and I still get irrationally angry at the Harvard rich kid,anger,anger,negative,95%,,2026-06-08,19:57:51,anger,anger,90%,,2026-06-08,19:58:02,anger,anger,95%,,2026-06-08,19:58:16
6a2702ba832c9a578836377d,efebcgj,I am glad your okay.,joy,joy,positive,95%,,2026-06-08,19:57:53,joy,joy,90%,,2026-06-08,19:58:06,joy,joy,95%,,2026-06-08,19:58:18
6a2702bb832c9a578836377e,eeddxes,I actually have an odd feeling the game will become even more fun than before.,excitement,joy,positive,80%,,2026-06-08,19:57:54,optimism,joy,85%,,2026-06-08,19:58:07,optimism,joy,85%,,2026-06-08,19:58:19
6a2702bc832c9a578836377f,eefa45q,Unite us. Unite the clans.,approval,joy,positive,95%,,2026-06-08,19:57:55,desire,neutral,80%,,2026-06-08,19:58:08,excitement,joy,85%,,2026-06-08,19:58:20
6a2702d4832c9a5788363780,edlhqh7,Wow. All that up and down cycling. These people must feel 80 by the time they're 30.,admiration,joy,negative,95%,,2026-06-08,19:58:22,disapproval,anger,80%,,2026-06-08,19:58:32,disappointment,sadness,85%,,2026-06-08,19:58:44
6a2702d6832c9a5788363781,ee8zowv,You don't follow [NAME]. You're a hypocrite following man's interpretation of the word of [NAME]. Youre too stupid to even be embarrassed.,annoyance,anger,negative,95%,,2026-06-08,19:58:23,disapproval,anger,95%,,2026-06-08,19:58:35,disgust,disgust,85%,,2026-06-08,19:58:46
6a2702d7832c9a5788363782,ee95oid,"Dude! Coyotes are no joke. Good job, [NAME]. ",admiration,joy,positive,85%,,2026-06-08,19:58:24,admiration,joy,85%,,2026-06-08,19:58:36,amusement,joy,75%,,2026-06-08,19:58:47
6a2702d8832c9a5788363783,eequf89,"Let [NAME] think about his performance for this 2 week break, god that was a brutal last 5 mins ",disappointment,sadness,negative,95%,,2026-06-08,19:58:26,disappointment,sadness,85%,,2026-06-08,19:58:37,disappointment,sadness,85%,,2026-06-08,19:58:48
6a2702da832c9a5788363784,eedzxk9,You are a shining ray of light in a dark chessless world. thank you my friend.,admiration,joy,positive,95%,,2026-06-08,19:58:27,gratitude,joy,95%,,2026-06-08,19:58:39,gratitude,joy,95%,,2026-06-08,19:58:50
6a2702db832c9a5788363785,ed2mvzr,It would've been pretty funny in May. Not anymore I'd say.,optimism,joy,negative,90%,,2026-06-08,19:58:28,sadness,sadness,85%,,2026-06-08,19:58:40,disappointment,sadness,90%,,2026-06-08,19:58:51
6a2702dc832c9a5788363786,ed2zjqi,Let's do the same to the throwing knife then,neutral,neutral,neutral,80%,,2026-06-08,19:58:30,curiosity,neutral,85%,,2026-06-08,19:58:41,neutral,neutral,100%,,2026-06-08,19:58:52
6a2702de832c9a5788363787,edr7sii,"> Yes, I truly believe in soul mates. we'll just have to agree to disagree",approval,joy,positive,85%,,2026-06-08,19:58:31,approval,joy,85%,,2026-06-08,19:58:43,love,love,85%,,2026-06-08,19:58:54
6a2702f5832c9a5788363788,edwnm0k,"Never mind the delays. Fish, unlike Wine or cheese doesn't improve with age.",approval,joy,neutral,85%,,2026-06-08,19:58:55,amusement,joy,85%,,2026-06-08,19:59:07,neutral,neutral,80%,,2026-06-08,19:59:17
6a2702f7832c9a5788363789,ef0oo4c,I drive an old car but it is clean and well maintained.,approval,joy,positive,90%,,2026-06-08,19:58:56,pride,joy,85%,,2026-06-08,19:59:08,pride,joy,85%,,2026-06-08,19:59:19
6a2702f8832c9a578836378a,edcly8j,They dont here it i have a room that is pretty isolated,neutral,neutral,neutral,70%,,2026-06-08,19:58:58,confusion,neutral,85%,,2026-06-08,19:59:09,neutral,neutral,90%,,2026-06-08,19:59:20
6a2702f9832c9a578836378b,edjktzo,At least I can get laid in my natural state.,neutral,neutral,positive,70%,,2026-06-08,19:58:59,amusement,joy,70%,,2026-06-08,19:59:11,amusement,joy,85%,,2026-06-08,19:59:21
6a2702fb832c9a578836378c,eeq3lpz,"Remember, the little accident with black panthers nomination...",neutral,neutral,negative,85%,,2026-06-08,19:59:01,disappointment,sadness,85%,,2026-06-08,19:59:12,disappointment,sadness,95%,,2026-06-08,19:59:23
6a2702fc832c9a578836378d,eetdgmo,$390 CAD.,neutral,neutral,neutral,90%,,2026-06-08,19:59:03,neutral,neutral,90%,,2026-06-08,19:59:13,neutral,neutral,90%,,2026-06-08,19:59:24
6a2702fd832c9a578836378e,edun2jk,Just checking in with my fellow zombie pale girls  what kinda brains do you like with your ghoulish pallor?,curiosity,neutral,neutral,85%,,2026-06-08,19:59:04,amusement,joy,85%,,2026-06-08,19:59:15,amusement,joy,85%,,2026-06-08,19:59:25
6a2702ff832c9a578836378f,ee4pw6s,Deadlift and 3-lift total 100% raw federation,neutral,neutral,neutral,85%,,2026-06-08,19:59:05,pride,joy,85%,,2026-06-08,19:59:16,pride,joy,85%,,2026-06-08,19:59:27
6a270316832c9a5788363790,effg9s5,"Weird, FBI did an investigation and proved that never happened. White knights make me cringe.",fear,fear,negative,95%,,2026-06-08,19:59:28,disgust,disgust,85%,,2026-06-08,19:59:39,disapproval,anger,90%,,2026-06-08,19:59:50
6a270317832c9a5788363791,efei2q0,Sorry to hear that was all it got  /,sadness,sadness,negative,95%,,2026-06-08,19:59:29,sadness,sadness,80%,,2026-06-08,19:59:40,sadness,sadness,85%,,2026-06-08,19:59:51
6a270318832c9a5788363792,ed0yddw,I don't recall saying we didn't - I just don't think we're particularly bad.,neutral,neutral,neutral,85%,,2026-06-08,19:59:31,confusion,neutral,85%,,2026-06-08,19:59:42,neutral,neutral,85%,,2026-06-08,19:59:52
6a27031a832c9a5788363793,edfqvtk,Nice work [NAME]!,admiration,joy,positive,95%,,2026-06-08,19:59:32,joy,joy,90%,,2026-06-08,19:59:43,joy,joy,95%,,2026-06-08,19:59:54
6a27031b832c9a5788363794,ee5kbld,Plus of course raging at a system that requires that they consider other people (who might even be the dreaded [NAME] or 'foid') as human beings.,neutral,neutral,negative,95%,,2026-06-08,19:59:33,anger,anger,95%,,2026-06-08,19:59:44,anger,anger,95%,,2026-06-08,19:59:55
6a27031c832c9a5788363795,eczlw97,You have a long and amazing life ahead of you...you're beautiful ð,admiration,joy,positive,95%,,2026-06-08,19:59:35,love,love,95%,,2026-06-08,19:59:46,joy,joy,95%,,2026-06-08,19:59:56
6a27031e832c9a5788363796,edkkzq8,It really sucks that almost everything we know and love about [NAME] is either told to us by proxy through other characters or is the result of fan-fics/shipping.,annoyance,anger,negative,95%,,2026-06-08,19:59:36,disappointment,sadness,95%,,2026-06-08,19:59:47,disappointment,sadness,95%,,2026-06-08,19:59:58
6a27031f832c9a5788363797,eec1mx2,I know one time I mixed stuff up and posted the slashes instead of the asterisks to italicize. Oops.,embarrassment,sadness,negative,85%,,2026-06-08,19:59:38,embarrassment,sadness,90%,,2026-06-08,19:59:48,disappointment,sadness,85%,,2026-06-08,19:59:59
6a270337832c9a5788363798,edm0qmw,"I love Big Brother, they make an appointment and come pick up used household goods and clothes. Easiest way to donate.",love,love,positive,95%,,2026-06-08,20:00:00,love,love,95%,,2026-06-08,20:00:11,gratitude,joy,95%,,2026-06-08,20:00:23
6a270338832c9a5788363799,ef7n25x,"And maybe you can divert her physical touch to something like holding hands, or putting your arm around her while sitting on the couch. ",neutral,neutral,positive,85%,,2026-06-08,20:00:02,desire,neutral,85%,,2026-06-08,20:00:13,desire,neutral,85%,,2026-06-08,20:00:24
6a27033a832c9a578836379a,eebvvim,i still remember by my first dodger game in 2001,neutral,neutral,positive,85%,,2026-06-08,20:00:03,nostalgia,neutral,85%,,2026-06-08,20:00:14,joy,joy,95%,,2026-06-08,20:00:26
6a27033b832c9a578836379b,ef6kha2,"Burnout takedown. Then when trying to recover in the weekend, a nice chunk of self condemnation.",disapproval,anger,negative,95%,,2026-06-08,20:00:05,disappointment,sadness,85%,,2026-06-08,20:00:15,disappointment,sadness,85%,,2026-06-08,20:00:27
6a27033c832c9a578836379c,eeoi9xo,They're the same people who will tell you 600 a day is unhealthy,annoyance,anger,negative,85%,,2026-06-08,20:00:06,disapproval,anger,85%,,2026-06-08,20:00:17,disapproval,anger,85%,,2026-06-08,20:00:28
6a27033e832c9a578836379d,edhaw8t,Don't you feel embarrassed at all that your country answers to a country literally opposite of the world from yours?,curiosity,neutral,negative,95%,,2026-06-08,20:00:07,disapproval,anger,95%,,2026-06-08,20:00:19,disapproval,anger,95%,,2026-06-08,20:00:30
6a27033f832c9a578836379e,ee3ewxa,They got washed away by the endless sweat from his forehead.,neutral,neutral,negative,85%,,2026-06-08,20:00:09,disgust,disgust,85%,,2026-06-08,20:00:20,disgust,disgust,85%,,2026-06-08,20:00:31
6a270340832c9a578836379f,eet11b4,What a wonderful post. Such love. Thanks so much.,admiration,joy,positive,95%,,2026-06-08,20:00:10,gratitude,joy,95%,,2026-06-08,20:00:22,gratitude,joy,95%,,2026-06-08,20:00:32
6a270358832c9a57883637a0,efb0qog,No one comes here itâs cool,relief,joy,neutral,70%,,2026-06-08,20:00:35,amusement,joy,85%,,2026-06-08,20:00:45,neutral,neutral,80%,,2026-06-08,20:00:56
6a270359832c9a57883637a1,efccy8t,**I can't believe she held out for a full 24 hours before flip-flopping**,surprise,surprise,negative,85%,,2026-06-08,20:00:36,disapproval,anger,90%,,2026-06-08,20:00:47,disappointment,sadness,85%,,2026-06-08,20:00:57
6a27035b832c9a57883637a2,ef6ln2q,I feel like environmentalism has lost steam over the past ten to twenty years as the call to action has gotten too large in scope and abstract.,realization,surprise,negative,95%,,2026-06-08,20:00:37,disappointment,sadness,85%,,2026-06-08,20:00:48,disappointment,sadness,85%,,2026-06-08,20:00:59
6a27035c832c9a57883637a3,ee27ouf,... I'll get back to you.,neutral,neutral,neutral,80%,,2026-06-08,20:00:39,neutral,neutral,80%,,2026-06-08,20:00:49,neutral,neutral,90%,,2026-06-08,20:01:00
6a27035d832c9a57883637a4,ee1gome,"Everyone is fed up of it, but it'll be over soon and we'll be glad of it then. Just like the Newlands Cross flyover.",optimism,joy,negative,85%,,2026-06-08,20:00:40,relief,joy,85%,,2026-06-08,20:00:51,relief,joy,85%,,2026-06-08,20:01:01
6a27035f832c9a57883637a5,edojuxv,Very interesting!!!,admiration,joy,positive,95%,,2026-06-08,20:00:41,amusement,joy,70%,,2026-06-08,20:00:52,amusement,joy,85%,,2026-06-08,20:01:03
6a270360832c9a57883637a6,edcd318,I find calzone to be... Fatty.,neutral,neutral,negative,95%,,2026-06-08,20:00:43,disgust,disgust,85%,,2026-06-08,20:00:53,disgust,disgust,85%,,2026-06-08,20:01:04
6a270361832c9a57883637a7,ee7fp9o,Whoops yeah my bad And no just from the pictures ive seen there were just u opened sauce packets arranged on platters,disappointment,sadness,neutral,85%,,2026-06-08,20:00:44,amusement,joy,85%,,2026-06-08,20:00:55,amusement,joy,70%,,2026-06-08,20:01:05
6a270379832c9a57883637a8,ed6ugqi,Dogs get itches every now and then and use the ground to scratch it out. But usually it's on dirt not asphalt.,neutral,neutral,neutral,95%,,2026-06-08,20:01:07,neutral,neutral,90%,,2026-06-08,20:01:18,neutral,neutral,90%,,2026-06-08,20:01:29
6a27037a832c9a57883637a9,edw2w2e,"Thanks, I'll do that next time. I didn't mean to get blood on it after all.",gratitude,joy,neutral,85%,,2026-06-08,20:01:08,remorse,sadness,85%,,2026-06-08,20:01:19,remorse,sadness,85%,,2026-06-08,20:01:30
6a27037c832c9a57883637aa,edl8fk2,Give it time. Pain like that needs to heal just like open wounds. I really hope that you will eventually start to feel better.,optimism,joy,positive,95%,,2026-06-08,20:01:09,caring,love,95%,,2026-06-08,20:01:21,caring,love,95%,,2026-06-08,20:01:32
6a27037d832c9a57883637ab,edx1jwa,"It's interesting, if this was about invasive food smells in an apartment this conversation probably wouldn't be happening.",admiration,joy,neutral,80%,,2026-06-08,20:01:11,curiosity,neutral,80%,,2026-06-08,20:01:22,curiosity,neutral,75%,,2026-06-08,20:01:33
6a27037f832c9a57883637ac,ed9udhc,I'm surprised [NAME] didn't bust that dress open when she bent down to high [NAME],surprise,surprise,negative,85%,,2026-06-08,20:01:12,surprise,surprise,95%,,2026-06-08,20:01:24,surprise,surprise,95%,,2026-06-08,20:01:35
6a270380832c9a57883637ad,edgqcnq,What exactly are we looking at?,confusion,neutral,neutral,95%,,2026-06-08,20:01:13,confusion,neutral,90%,,2026-06-08,20:01:25,confusion,neutral,85%,,2026-06-08,20:01:36
6a270381832c9a57883637ae,ee1b2uh,[NAME]!,anger,anger,neutral,70%,,2026-06-08,20:01:15,neutral,neutral,90%,,2026-06-08,20:01:26,neutral,neutral,100%,,2026-06-08,20:01:37
6a270383832c9a57883637af,edh5uhe,Took me a few time watching it to realize that was a man and not a child.,realization,surprise,neutral,80%,,2026-06-08,20:01:16,confusion,neutral,80%,,2026-06-08,20:01:28,confusion,neutral,85%,,2026-06-08,20:01:39
6a27039a832c9a57883637b0,eeuxw8b,"No, I don't mind all that much. I just hate being subjected to second hand carcinogens",anger,anger,negative,95%,,2026-06-08,20:01:40,disgust,disgust,90%,,2026-06-08,20:01:52,anger,anger,95%,,2026-06-08,20:02:02
6a27039c832c9a57883637b1,ee7km6c,If your enjoying your time with the other person then you are always on fun dates.,joy,joy,positive,95%,,2026-06-08,20:01:41,joy,joy,90%,,2026-06-08,20:01:53,joy,joy,95%,,2026-06-08,20:02:04
6a27039d832c9a57883637b2,edqjtti,FYI killing yourself is god-tier lib ownage,neutral,neutral,negative,95%,,2026-06-08,20:01:43,disapproval,anger,85%,,2026-06-08,20:01:54,disapproval,anger,95%,,2026-06-08,20:02:05
6a27039f832c9a57883637b3,eeoqj9k,Makes you wonder about the superbike which was going even faster..,admiration,joy,neutral,70%,,2026-06-08,20:01:44,curiosity,neutral,85%,,2026-06-08,20:01:56,curiosity,neutral,70%,,2026-06-08,20:02:07
6a2703a0832c9a57883637b4,eec82vv,Lips are the key to crumb containment.,neutral,neutral,positive,85%,,2026-06-08,20:01:45,amusement,joy,85%,,2026-06-08,20:01:57,amusement,joy,95%,,2026-06-08,20:02:08
6a2703a2832c9a57883637b5,edufgm4,tfw the blood rushes into your penis,neutral,neutral,positive,85%,,2026-06-08,20:01:47,desire,neutral,90%,,2026-06-08,20:01:58,excitement,joy,95%,,2026-06-08,20:02:10
6a2703a3832c9a57883637b6,edo9dxa,Kind of like how menat enraged the average player,neutral,neutral,negative,85%,,2026-06-08,20:01:48,anger,anger,85%,,2026-06-08,20:02:00,anger,anger,95%,,2026-06-08,20:02:11
6a2703a4832c9a57883637b7,ee2cjkr,The map is not the territory. This is all I kept thinking.,neutral,neutral,neutral,95%,,2026-06-08,20:01:49,realization,surprise,90%,,2026-06-08,20:02:01,realization,surprise,85%,,2026-06-08,20:02:12
6a2703bc832c9a57883637b8,eduieux,"100%,I'm actually impressed",admiration,joy,positive,95%,,2026-06-08,20:02:14,admiration,joy,90%,,2026-06-08,20:02:25,admiration,joy,95%,,2026-06-08,20:02:36
6a2703bd832c9a57883637b9,ef7s1xh,Hooray for the cancer! /s,joy,joy,negative,95%,,2026-06-08,20:02:15,disgust,disgust,95%,,2026-06-08,20:02:27,disgust,disgust,95%,,2026-06-08,20:02:37
6a2703bf832c9a57883637ba,edcyblz,Steeler 4 life lol,amusement,joy,positive,95%,,2026-06-08,20:02:17,amusement,joy,80%,,2026-06-08,20:02:28,joy,joy,95%,,2026-06-08,20:02:39
6a2703c0832c9a57883637bb,eelfza9,The refs missed big calls for both teams in that game.,neutral,neutral,negative,95%,,2026-06-08,20:02:18,disapproval,anger,85%,,2026-06-08,20:02:29,disappointment,sadness,85%,,2026-06-08,20:02:40
6a2703c1832c9a57883637bc,eehchsn,I think he's probably (hopefully) more interested in the URL of the page...  D,optimism,joy,neutral,70%,,2026-06-08,20:02:19,curiosity,neutral,80%,,2026-06-08,20:02:31,curiosity,neutral,70%,,2026-06-08,20:02:41
6a2703c3832c9a57883637bd,ed4u1kq,"Reddit Iâm blind, whatâs the bottom right?",curiosity,neutral,neutral,70%,,2026-06-08,20:02:21,curiosity,neutral,85%,,2026-06-08,20:02:32,curiosity,neutral,85%,,2026-06-08,20:02:43
6a2703c4832c9a57883637be,eetdbsv,Ah what a bummer! Better kill them herons and spoonbills!,disappointment,sadness,negative,95%,,2026-06-08,20:02:23,anger,anger,85%,,2026-06-08,20:02:33,anger,anger,85%,,2026-06-08,20:02:44
6a2703c5832c9a57883637bf,edlyor7,Yes? FBI? This Lady Right here..,approval,joy,neutral,60%,,2026-06-08,20:02:24,surprise,surprise,85%,,2026-06-08,20:02:35,confusion,neutral,70%,,2026-06-08,20:02:45
6a2703de832c9a57883637c0,edq681n,2 2nd rounders but not a first or a future first. Heâs not worth the risk,disapproval,anger,negative,95%,,2026-06-08,20:02:48,disapproval,anger,95%,,2026-06-08,20:02:59,disapproval,anger,95%,,2026-06-08,20:03:10
6a2703df832c9a57883637c1,edssn96,"Oh my, it belongs to r/comedyheaven. Laughed for a good minute",amusement,joy,positive,95%,,2026-06-08,20:02:50,amusement,joy,95%,,2026-06-08,20:03:00,joy,joy,95%,,2026-06-08,20:03:11
6a2703e0832c9a57883637c2,ees5bt3,Shadow of Mordor 3 looks pretty lit,admiration,joy,positive,85%,,2026-06-08,20:02:51,excitement,joy,90%,,2026-06-08,20:03:02,excitement,joy,90%,,2026-06-08,20:03:12
6a2703e2832c9a57883637c3,edmvddt,Australian here. I hereby agree that this does in fact provoke nightmares.,approval,joy,negative,95%,,2026-06-08,20:02:52,disapproval,anger,85%,,2026-06-08,20:03:03,fear,fear,90%,,2026-06-08,20:03:14
6a2703e3832c9a57883637c4,ef0unuj,Nah man. This website smells like toast and makes my left arm hurt.,disapproval,anger,negative,95%,,2026-06-08,20:02:54,disgust,disgust,85%,,2026-06-08,20:03:04,disgust,disgust,85%,,2026-06-08,20:03:15
6a2703e5832c9a57883637c5,eepdi5g,"I mean, she could still be related to Palpatine or something. I mean, who knows they're kinda making it all up as they go along.",confusion,neutral,negative,75%,,2026-06-08,20:02:55,confusion,neutral,85%,,2026-06-08,20:03:06,disappointment,sadness,85%,,2026-06-08,20:03:17
6a2703e6832c9a57883637c6,ee1msax,Human trafficking is bad.,disapproval,anger,negative,95%,,2026-06-08,20:02:56,disapproval,anger,90%,,2026-06-08,20:03:07,disapproval,anger,95%,,2026-06-08,20:03:18
6a2703e7832c9a57883637c7,edpxgdw,You quack!,annoyance,anger,negative,70%,,2026-06-08,20:02:58,anger,anger,80%,,2026-06-08,20:03:08,anger,anger,85%,,2026-06-08,20:03:19
6a2703ff832c9a57883637c8,eel090e,"Oh thank [NAME] another commercial break. I was missing all these repeated, terrible ads",gratitude,joy,negative,95%,,2026-06-08,20:03:21,annoyance,anger,95%,,2026-06-08,20:03:32,annoyance,anger,95%,,2026-06-08,20:03:43
6a270401832c9a57883637c9,edp2c5v,I would like to see the tree as well!  D   ,desire,neutral,positive,85%,,2026-06-08,20:03:22,curiosity,neutral,85%,,2026-06-08,20:03:34,excitement,joy,85%,,2026-06-08,20:03:45
6a270402832c9a57883637ca,ed89fh1,I saw a pic on twitter where she was also wearing a fur stole and she looked amazing.,admiration,joy,positive,95%,,2026-06-08,20:03:23,admiration,joy,90%,,2026-06-08,20:03:35,admiration,joy,90%,,2026-06-08,20:03:46
6a270403832c9a57883637cb,efa6mp5,Youâre in a sub about getting [NAME] elected.,neutral,neutral,neutral,80%,,2026-06-08,20:03:25,excitement,joy,85%,,2026-06-08,20:03:37,neutral,neutral,90%,,2026-06-08,20:03:47
6a270405832c9a57883637cc,eetl3jg,"If we hurry, we can still catch the heroin craze! ",approval,joy,negative,85%,,2026-06-08,20:03:26,excitement,joy,85%,,2026-06-08,20:03:38,disappointment,sadness,85%,,2026-06-08,20:03:49
6a270406832c9a57883637cd,edrfkmx,Agree with [NAME] and yang I only really liked [NAME] for a little bit she irritated me,approval,joy,negative,90%,,2026-06-08,20:03:27,annoyance,anger,90%,,2026-06-08,20:03:39,annoyance,anger,90%,,2026-06-08,20:03:50
6a270408832c9a57883637ce,edrw37r,In draft I see a lot of enchantress. Even without Enchantress if Lodestone Demolition gets 6 dmg(same as Lightning Strike) I am happy.,joy,joy,positive,85%,,2026-06-08,20:03:29,approval,joy,90%,,2026-06-08,20:03:41,joy,joy,85%,,2026-06-08,20:03:52
6a270409832c9a57883637cf,eers0t0,"Itâs still not working unfortunately  (, you have a link to your YT?",disappointment,sadness,negative,95%,,2026-06-08,20:03:30,disappointment,sadness,90%,,2026-06-08,20:03:42,disappointment,sadness,95%,,2026-06-08,20:03:53
6a270421832c9a57883637d0,ed1ymry,Heâs fine for a 3rd string.,neutral,neutral,neutral,85%,,2026-06-08,20:03:55,disapproval,anger,70%,,2026-06-08,20:04:05,neutral,neutral,70%,,2026-06-08,20:04:17
6a270422832c9a57883637d1,ed2h962,A police response is probably justified for some of the larger spiders we have here.,approval,joy,neutral,80%,,2026-06-08,20:03:56,approval,joy,80%,,2026-06-08,20:04:07,approval,joy,70%,,2026-06-08,20:04:18
6a270423832c9a57883637d2,ee154yr,Sometimes itâs annoying but I think itâs at an okay place right now,approval,joy,neutral,70%,,2026-06-08,20:03:57,annoyance,anger,70%,,2026-06-08,20:04:08,annoyance,anger,70%,,2026-06-08,20:04:19
6a270425832c9a57883637d3,ef4a8jm,youve never played against a good support [NAME] then,grief,sadness,neutral,70%,,2026-06-08,20:03:59,annoyance,anger,85%,,2026-06-08,20:04:10,pride,joy,75%,,2026-06-08,20:04:21
6a270426832c9a57883637d4,edansr9,That guy had the day off when HI came in.,neutral,neutral,negative,85%,,2026-06-08,20:04:00,annoyance,anger,85%,,2026-06-08,20:04:11,disappointment,sadness,85%,,2026-06-08,20:04:22
6a270428832c9a57883637d5,eeva383,Samsies! I could have written the feels in this post. It's like the job I never ever wanted and got and now I've tenure,love,love,positive,85%,,2026-06-08,20:04:01,disappointment,sadness,85%,,2026-06-08,20:04:13,joy,joy,85%,,2026-06-08,20:04:24
6a270429832c9a57883637d6,ed6g0fm,i hate this,anger,anger,negative,95%,,2026-06-08,20:04:03,anger,anger,95%,,2026-06-08,20:04:14,anger,anger,95%,,2026-06-08,20:04:25
6a27042a832c9a57883637d7,efg2wyz,"âTo fight there civil rights battles for them.â Okay, with that in mind, do you agree with the message of the Gillette ad?",neutral,neutral,neutral,70%,,2026-06-08,20:04:04,approval,joy,85%,,2026-06-08,20:04:16,approval,joy,75%,,2026-06-08,20:04:26
6a270442832c9a57883637d8,eefdkfj,"Pair it with Mayhem meme eyes and baby, you've got a stew going.",neutral,neutral,positive,85%,,2026-06-08,20:04:28,amusement,joy,90%,,2026-06-08,20:04:39,amusement,joy,95%,,2026-06-08,20:04:50
6a270444832c9a57883637d9,edwsv7c,Doesn't change the fact that the Lions weren't in a position to get him because they had too much money tied up in their QB.,neutral,neutral,negative,95%,,2026-06-08,20:04:29,disapproval,anger,85%,,2026-06-08,20:04:41,disappointment,sadness,85%,,2026-06-08,20:04:52
6a270445832c9a57883637da,eeceuwe,The demon's still fighting!!,neutral,neutral,positive,85%,,2026-06-08,20:04:31,excitement,joy,90%,,2026-06-08,20:04:42,excitement,joy,95%,,2026-06-08,20:04:53
6a270446832c9a57883637db,eegw25i,oh gosh i heard about that and though it was absolutely disgusting,disgust,disgust,negative,95%,,2026-06-08,20:04:32,disgust,disgust,95%,,2026-06-08,20:04:43,disgust,disgust,95%,,2026-06-08,20:04:54
6a270449832c9a57883637dc,edflg2g,Yeah it sort of sucks now.,anger,anger,negative,95%,,2026-06-08,20:04:34,sadness,sadness,85%,,2026-06-08,20:04:45,sadness,sadness,85%,,2026-06-08,20:04:57
6a27044a832c9a57883637dd,edr91ai,Oh boy here we go.,neutral,neutral,negative,85%,,2026-06-08,20:04:35,annoyance,anger,85%,,2026-06-08,20:04:46,annoyance,anger,85%,,2026-06-08,20:04:58
6a27044b832c9a57883637de,eeolqog,I dont own a gun. I just dont like your attitude. You read like a drugged out washed up leach.,disapproval,anger,negative,95%,,2026-06-08,20:04:36,anger,anger,95%,,2026-06-08,20:04:47,disgust,disgust,85%,,2026-06-08,20:04:59
6a27044d832c9a57883637df,eeln9g4,I could not agree with you more! These selfish women crying abuse to manipulate.,approval,joy,negative,95%,,2026-06-08,20:04:38,anger,anger,90%,,2026-06-08,20:04:49,anger,anger,95%,,2026-06-08,20:05:01
6a270464832c9a57883637e0,ee4j6k1,True i hate going to parties or concerts but love going to a bar or a houseparty.,disapproval,anger,negative,80%,,2026-06-08,20:05:02,disapproval,anger,85%,,2026-06-08,20:05:14,disapproval,anger,90%,,2026-06-08,20:05:24
6a270466832c9a57883637e1,edq4d1u,"Bay Area, sorry  D",remorse,sadness,negative,70%,,2026-06-08,20:05:03,sadness,sadness,85%,,2026-06-08,20:05:15,disappointment,sadness,85%,,2026-06-08,20:05:26
6a270467832c9a57883637e2,edvbvpd,Achilios too good,admiration,joy,positive,85%,,2026-06-08,20:05:05,admiration,joy,85%,,2026-06-08,20:05:16,joy,joy,95%,,2026-06-08,20:05:27
6a270468832c9a57883637e3,edammem,[NAME] way of doing things is straight trash for [NAME] lol. The latter end of the competition being bottom is a default sometimes.,amusement,joy,negative,95%,,2026-06-08,20:05:06,disapproval,anger,90%,,2026-06-08,20:05:18,disapproval,anger,95%,,2026-06-08,20:05:28
6a27046a832c9a57883637e4,eeoaeqr,ahh yes I forgot to include steps 3a *and* 3b. thanks fam,realization,surprise,neutral,85%,,2026-06-08,20:05:07,amusement,joy,70%,,2026-06-08,20:05:19,gratitude,joy,70%,,2026-06-08,20:05:30
6a27046c832c9a57883637e5,edz19n1,Wear a hoody?,neutral,neutral,neutral,80%,,2026-06-08,20:05:09,confusion,neutral,85%,,2026-06-08,20:05:20,neutral,neutral,95%,,2026-06-08,20:05:32
6a27046d832c9a57883637e6,ee9hmgo,That water looks like it has alligators in it.,confusion,neutral,negative,95%,,2026-06-08,20:05:11,fear,fear,90%,,2026-06-08,20:05:22,fear,fear,85%,,2026-06-08,20:05:33
6a27046f832c9a57883637e7,ed74yer,Go Army!,neutral,neutral,positive,95%,,2026-06-08,20:05:12,excitement,joy,95%,,2026-06-08,20:05:23,excitement,joy,95%,,2026-06-08,20:05:35
6a270486832c9a57883637e8,ee9tq0f,"By that definition, though, everyone with any relationships outside their mono romantic partner is polyamorous, and I don't think that makes sense to say. ",neutral,neutral,negative,85%,,2026-06-08,20:05:36,disapproval,anger,85%,,2026-06-08,20:05:47,disapproval,anger,85%,,2026-06-08,20:05:58
6a270487832c9a57883637e9,edau7m9,It's all fun and games until your crush turns into a spaceship.,joy,joy,neutral,85%,,2026-06-08,20:05:37,surprise,surprise,95%,,2026-06-08,20:05:48,surprise,surprise,85%,,2026-06-08,20:05:59
6a270488832c9a57883637ea,eew77gx,One of our favorite rides.,love,love,positive,95%,,2026-06-08,20:05:39,love,love,90%,,2026-06-08,20:05:50,joy,joy,95%,,2026-06-08,20:06:00
6a27048a832c9a57883637eb,eecqa5f,Story checks out.,neutral,neutral,positive,95%,,2026-06-08,20:05:40,approval,joy,95%,,2026-06-08,20:05:51,approval,joy,95%,,2026-06-08,20:06:02
6a27048b832c9a57883637ec,ef7godt,Thank you!,gratitude,joy,positive,95%,,2026-06-08,20:05:42,gratitude,joy,95%,,2026-06-08,20:05:52,gratitude,joy,95%,,2026-06-08,20:06:03
6a27048c832c9a57883637ed,eetc6db,Non of them are smart enough to have a look out? Thatâs something all them should have known,neutral,neutral,negative,85%,,2026-06-08,20:05:43,anger,anger,95%,,2026-06-08,20:05:54,disapproval,anger,90%,,2026-06-08,20:06:04
6a27048e832c9a57883637ee,edf1p8c,At least she wasnât engaged 19 TIMES!!!! ð,realization,surprise,positive,85%,,2026-06-08,20:05:44,amusement,joy,95%,,2026-06-08,20:05:55,amusement,joy,85%,,2026-06-08,20:06:06
6a27048f832c9a57883637ef,eeexq49,What do you mean by verified transactions?,confusion,neutral,neutral,80%,,2026-06-08,20:05:46,confusion,neutral,85%,,2026-06-08,20:05:57,confusion,neutral,85%,,2026-06-08,20:06:07
6a2704a7832c9a57883637f0,eeung0v,His preamble in his book is written by a [RELIGION] person. [NAME] is pal is [RELIGION]. He loves [RELIGION] people.,neutral,neutral,neutral,70%,,2026-06-08,20:06:08,approval,joy,80%,,2026-06-08,20:06:20,neutral,neutral,100%,,2026-06-08,20:06:31
6a2704a8832c9a57883637f1,ed0odi7,"Hey! Any chance you still have those templates? I'd love to replace my screens with Chabot and Dutchy, or Tkachuk, or Stoner  )",curiosity,neutral,positive,85%,,2026-06-08,20:06:10,desire,neutral,85%,,2026-06-08,20:06:21,desire,neutral,85%,,2026-06-08,20:06:32
6a2704a9832c9a57883637f2,ee2jjx8,Lots of free stuff for Mission Presidents]( and [Q12-Q70.,neutral,neutral,neutral,80%,,2026-06-08,20:06:11,curiosity,neutral,85%,,2026-06-08,20:06:22,curiosity,neutral,70%,,2026-06-08,20:06:33
6a2704ab832c9a57883637f3,ed47l38,Wow this team has no clue what to do against this right now. There has to be 15 turnovers already.,surprise,surprise,negative,95%,,2026-06-08,20:06:13,disapproval,anger,95%,,2026-06-08,20:06:24,disappointment,sadness,85%,,2026-06-08,20:06:35
6a2704ac832c9a57883637f4,ed72vtx,I don't remember this song at all I had it on psp back then.,neutral,neutral,neutral,80%,,2026-06-08,20:06:14,confusion,neutral,85%,,2026-06-08,20:06:25,confusion,neutral,85%,,2026-06-08,20:06:36
6a2704ad832c9a57883637f5,edikqcf,I appreciate the pointer. It definitely sounds like something Iâm capable of. Iâll reach out to them.,gratitude,joy,positive,95%,,2026-06-08,20:06:15,optimism,joy,85%,,2026-06-08,20:06:27,optimism,joy,95%,,2026-06-08,20:06:37
6a2704af832c9a57883637f6,eetz4py,Hard pass on this!,neutral,neutral,negative,95%,,2026-06-08,20:06:17,disapproval,anger,95%,,2026-06-08,20:06:28,disapproval,anger,95%,,2026-06-08,20:06:39
6a2704b1832c9a57883637f7,edwp0sg,Ah i wish i wouldâve come across one! Just left though Unfortunately  ( in Manchester now,desire,neutral,negative,90%,,2026-06-08,20:06:18,disappointment,sadness,90%,,2026-06-08,20:06:29,disappointment,sadness,95%,,2026-06-08,20:06:41
6a2704c8832c9a57883637f8,ed5lk9c,[NAME] a fantastic word poet,admiration,joy,positive,95%,,2026-06-08,20:06:43,admiration,joy,95%,,2026-06-08,20:06:54,admiration,joy,95%,,2026-06-08,20:07:04
6a2704ca832c9a57883637f9,eesxn0v,"I'd give it a 6.9, based on the fact that he was still caught in the tree",approval,joy,neutral,85%,,2026-06-08,20:06:44,disapproval,anger,85%,,2026-06-08,20:06:55,neutral,neutral,80%,,2026-06-08,20:07:06
6a2704cb832c9a57883637fa,edh8zk5,"sorry, i phrased that wrong. i meant that as a asexual, i get that a lot",remorse,sadness,neutral,95%,,2026-06-08,20:06:45,disappointment,sadness,70%,,2026-06-08,20:06:56,disappointment,sadness,70%,,2026-06-08,20:07:07
6a2704cc832c9a57883637fb,edoj69i,we will see I hope your right. all we can do is play our best.,optimism,joy,neutral,70%,,2026-06-08,20:06:47,nervousness,fear,70%,,2026-06-08,20:06:58,neutral,neutral,70%,,2026-06-08,20:07:08
6a2704ce832c9a57883637fc,edmqg99,This is a very long story about nothing,approval,joy,neutral,80%,,2026-06-08,20:06:48,amusement,joy,70%,,2026-06-08,20:06:59,boredom,neutral,85%,,2026-06-08,20:07:10
6a2704cf832c9a57883637fd,edzhgw6,Just curious  What do you normally do with your weekends?,curiosity,neutral,neutral,80%,,2026-06-08,20:06:50,curiosity,neutral,90%,,2026-06-08,20:07:00,curiosity,neutral,90%,,2026-06-08,20:07:11
6a2704d0832c9a57883637fe,edh3gvb,Very nice.,admiration,joy,positive,95%,,2026-06-08,20:06:51,joy,joy,90%,,2026-06-08,20:07:02,joy,joy,95%,,2026-06-08,20:07:12
6a2704d2832c9a57883637ff,edgc533,Still wish [NAME] hadn't sent him away the way he did.,neutral,neutral,negative,95%,,2026-06-08,20:06:52,sadness,sadness,85%,,2026-06-08,20:07:03,disappointment,sadness,85%,,2026-06-08,20:07:14
6a2704e9832c9a5788363800,eecp2ik,"Hey man, I was just answering the question. ",neutral,neutral,neutral,80%,,2026-06-08,20:07:15,neutral,neutral,85%,,2026-06-08,20:07:26,neutral,neutral,100%,,2026-06-08,20:07:37
6a2704ea832c9a5788363801,edr2oyy,Cute. ð,admiration,joy,positive,95%,,2026-06-08,20:07:16,joy,joy,90%,,2026-06-08,20:07:27,joy,joy,95%,,2026-06-08,20:07:38
6a2704ec832c9a5788363802,eepqzte,Appreciate it.. just for trolls sake Plot Twist   The one trick has no mic XD,admiration,joy,neutral,70%,,2026-06-08,20:07:18,amusement,joy,85%,,2026-06-08,20:07:28,amusement,joy,70%,,2026-06-08,20:07:40
6a2704ed832c9a5788363803,ee16q3k,I love that smile of his!!!!,love,love,positive,95%,,2026-06-08,20:07:19,joy,joy,95%,,2026-06-08,20:07:30,joy,joy,95%,,2026-06-08,20:07:41
6a2704ef832c9a5788363804,edh62x7,This joke made me want to walk right out of the Dumbledoor.,amusement,joy,negative,70%,,2026-06-08,20:07:20,disapproval,anger,85%,,2026-06-08,20:07:31,disappointment,sadness,85%,,2026-06-08,20:07:43
6a2704f0832c9a5788363805,ed2ug0m,"This game is so good, nearly every dc character you can think of is in it",admiration,joy,positive,95%,,2026-06-08,20:07:22,joy,joy,95%,,2026-06-08,20:07:33,joy,joy,95%,,2026-06-08,20:07:44
6a2704f1832c9a5788363806,ef13rgz,"Be careful, or he'll have to use 10% of his power on you!",caring,love,negative,85%,,2026-06-08,20:07:23,fear,fear,80%,,2026-06-08,20:07:34,fear,fear,85%,,2026-06-08,20:07:45
6a2704f3832c9a5788363807,effz2oc,"Sorry dumbass, the provision is for paid **training days** But nice try",annoyance,anger,negative,95%,,2026-06-08,20:07:24,anger,anger,95%,,2026-06-08,20:07:36,anger,anger,95%,,2026-06-08,20:07:47
6a270509832c9a5788363808,edmofqz,"Honestly, itâs probably for the best if he didnât know his father too well.",approval,joy,neutral,85%,,2026-06-08,20:07:48,relief,joy,85%,,2026-06-08,20:07:59,relief,joy,70%,,2026-06-08,20:08:09
6a27050b832c9a5788363809,edzs0ld,Wow that was ...mind blowing.,excitement,joy,positive,95%,,2026-06-08,20:07:49,amusement,joy,80%,,2026-06-08,20:08:00,awe,neutral,95%,,2026-06-08,20:08:11
6a27050c832c9a578836380a,ee8mbg9,too bad nothing came off it,disappointment,sadness,negative,95%,,2026-06-08,20:07:51,disappointment,sadness,90%,,2026-06-08,20:08:01,disappointment,sadness,95%,,2026-06-08,20:08:12
6a27050e832c9a578836380b,ed2u6rb,Props to the guy for being honest,admiration,joy,positive,95%,,2026-06-08,20:07:52,admiration,joy,90%,,2026-06-08,20:08:03,admiration,joy,90%,,2026-06-08,20:08:14
6a270510832c9a578836380c,edukkkm,Being misunderstood really is the worst thing ever! Iâm sorry some people are so unkind.,disappointment,sadness,negative,95%,,2026-06-08,20:07:53,anger,anger,85%,,2026-06-08,20:08:04,sadness,sadness,85%,,2026-06-08,20:08:15
6a270511832c9a578836380d,edzzofo,Hate the Pats more. Hate Chiefs fans more.,neutral,neutral,negative,95%,,2026-06-08,20:07:54,anger,anger,95%,,2026-06-08,20:08:05,anger,anger,95%,,2026-06-08,20:08:17
6a270512832c9a578836380e,edgdqvo,"He, like [NAME] and [NAME], are better in the latter halves of seasons. Let's see if he can do some damage.",optimism,joy,positive,85%,,2026-06-08,20:07:56,curiosity,neutral,85%,,2026-06-08,20:08:07,excitement,joy,70%,,2026-06-08,20:08:18
6a270514832c9a578836380f,edk8ure,"I freakinâ love doing this, too!!! Makes me happy for a second or two!",joy,joy,positive,95%,,2026-06-08,20:07:57,joy,joy,95%,,2026-06-08,20:08:08,joy,joy,95%,,2026-06-08,20:08:20
6a27052a832c9a5788363810,edizvix,"Whenever I'm having a bad day, I watch a few eps of Cosmos to chill out.",joy,joy,positive,95%,,2026-06-08,20:08:21,calmness,neutral,90%,,2026-06-08,20:08:32,joy,joy,95%,,2026-06-08,20:08:42
6a27052b832c9a5788363811,edw4e5x,I thought that phrase was only used for memes now lol at least that's what I got from Vic deals,amusement,joy,neutral,70%,,2026-06-08,20:08:22,amusement,joy,90%,,2026-06-08,20:08:33,confusion,neutral,70%,,2026-06-08,20:08:43
6a27052d832c9a5788363812,ef7uyq0,"To be fair, it might have been dislodged during the earthquake that was weirdly in sync with your music",neutral,neutral,neutral,70%,,2026-06-08,20:08:24,confusion,neutral,85%,,2026-06-08,20:08:34,confusion,neutral,85%,,2026-06-08,20:08:45
6a27052e832c9a5788363813,ee8xq6e,Thatâs me! Got it at the sens store by 304,neutral,neutral,neutral,70%,,2026-06-08,20:08:25,realization,surprise,85%,,2026-06-08,20:08:36,joy,joy,60%,,2026-06-08,20:08:46
6a270530832c9a5788363814,ed9yzxd,Weâre a bunch of northerners so thatâs basically the norm.,neutral,neutral,neutral,90%,,2026-06-08,20:08:26,neutral,neutral,90%,,2026-06-08,20:08:37,neutral,neutral,90%,,2026-06-08,20:08:48
6a270531832c9a5788363815,ee3hqsn,Nobody would flop like that in practice,disapproval,anger,negative,85%,,2026-06-08,20:08:28,disapproval,anger,85%,,2026-06-08,20:08:38,disappointment,sadness,85%,,2026-06-08,20:08:49
6a270532832c9a5788363816,eeadak7,I love in SoSpaHa - south of Spanish Harlem.,love,love,positive,95%,,2026-06-08,20:08:29,love,love,95%,,2026-06-08,20:08:40,love,love,95%,,2026-06-08,20:08:50
6a270534832c9a5788363817,ee7qgxn,"Just recked him, totally and utterly. ",neutral,neutral,negative,95%,,2026-06-08,20:08:30,anger,anger,95%,,2026-06-08,20:08:41,disapproval,anger,90%,,2026-06-08,20:08:52
6a27054a832c9a5788363818,eeljp85,"Dude awesome job being the reading police, great work out there tonight. Keeping the streets safe.",admiration,joy,positive,95%,,2026-06-08,20:08:53,amusement,joy,70%,,2026-06-08,20:09:04,amusement,joy,85%,,2026-06-08,20:09:14
6a27054b832c9a5788363819,eezjayz,Undoubtedly offensive goaltending on [NAME] here. Pistons got away with one.,neutral,neutral,negative,95%,,2026-06-08,20:08:54,anger,anger,95%,,2026-06-08,20:09:05,anger,anger,95%,,2026-06-08,20:09:15
6a27054d832c9a578836381a,edwigs8,Lol you wish it was that easy. Lying POS customers have the advantage with review websites sadly.,amusement,joy,negative,95%,,2026-06-08,20:08:56,annoyance,anger,85%,,2026-06-08,20:09:06,anger,anger,85%,,2026-06-08,20:09:17
6a27054e832c9a578836381b,eesxeqt,"Thanks everyone for your feedback! Dosing one bottle tomorrow night around 8pm EST, will post back with results ð¤ ",gratitude,joy,positive,95%,,2026-06-08,20:08:57,excitement,joy,85%,,2026-06-08,20:09:08,excitement,joy,85%,,2026-06-08,20:09:18
6a27054f832c9a578836381c,eepe477,"But both lost, whereas moderate Sinema won. Its important because without Arizona there is no real path to Senate majority in 2020.",disappointment,sadness,positive,85%,,2026-06-08,20:08:58,disappointment,sadness,85%,,2026-06-08,20:09:09,disappointment,sadness,85%,,2026-06-08,20:09:19
6a270551832c9a578836381d,eel5b51,I don't think you see it in the flames sub... if you do it's probably a joke,amusement,joy,negative,80%,,2026-06-08,20:09:00,disapproval,anger,85%,,2026-06-08,20:09:10,disappointment,sadness,85%,,2026-06-08,20:09:21
6a270552832c9a578836381e,eedo39y,"So what you're saying is, there actually won't be any roads in Ancapistan. ",neutral,neutral,negative,85%,,2026-06-08,20:09:01,confusion,neutral,85%,,2026-06-08,20:09:11,disappointment,sadness,85%,,2026-06-08,20:09:22
6a270554832c9a578836381f,edesoag,Did people really go against [NAME] when he came out? I wasn't as in to his stuff at the time but I remember people being supportive.,confusion,neutral,neutral,70%,,2026-06-08,20:09:02,confusion,neutral,85%,,2026-06-08,20:09:13,confusion,neutral,70%,,2026-06-08,20:09:24
6a27056b832c9a5788363820,eddkpl9,This will pass and you will be happy again. Just not right now. Hang in there.,caring,love,positive,80%,,2026-06-08,20:09:26,optimism,joy,85%,,2026-06-08,20:09:36,optimism,joy,85%,,2026-06-08,20:09:47
6a27056c832c9a5788363821,eew5j0j,That game hurt.,sadness,sadness,negative,95%,,2026-06-08,20:09:27,sadness,sadness,85%,,2026-06-08,20:09:38,sadness,sadness,85%,,2026-06-08,20:09:48
6a27056e832c9a5788363822,ef7jndn,Hitting your kids for punishment just makes them sneakier. Maybe that has something to do with the dishonesty of the church and [RELIGION] in general.,confusion,neutral,negative,85%,,2026-06-08,20:09:29,disapproval,anger,85%,,2026-06-08,20:09:39,disapproval,anger,85%,,2026-06-08,20:09:50
6a27056f832c9a5788363823,eemr4z8,AV is a system where if you vote for a loser you can change your mind and 'have another go'. That's the problem.,annoyance,anger,negative,95%,,2026-06-08,20:09:30,disapproval,anger,90%,,2026-06-08,20:09:41,disappointment,sadness,95%,,2026-06-08,20:09:51
6a270571832c9a5788363824,ed4sfwu,No. Everyone going through the temple that day -- living and for the dead -- all got the same name.,neutral,neutral,neutral,95%,,2026-06-08,20:09:31,confusion,neutral,80%,,2026-06-08,20:09:42,confusion,neutral,85%,,2026-06-08,20:09:53
6a270572832c9a5788363825,eebhrte,"Acute services are just for that, for acute services. It sucks, but it's not your doctor's fault.",neutral,neutral,negative,85%,,2026-06-08,20:09:33,annoyance,anger,85%,,2026-06-08,20:09:43,disappointment,sadness,85%,,2026-06-08,20:09:54
6a270573832c9a5788363826,eex1qvd,"I have a Secrets engagement ring, I love it, cost 1/10th of a real diamond and no one can tell. Would highly recommend!",love,love,positive,95%,,2026-06-08,20:09:34,joy,joy,95%,,2026-06-08,20:09:45,joy,joy,95%,,2026-06-08,20:09:55
6a270574832c9a5788363827,ee77wjf,The highest rate of eating disorder in men is binge eating disorder... I fail to see how a pressure to l ok good causes binge eating disorder,disappointment,sadness,negative,95%,,2026-06-08,20:09:35,disapproval,anger,85%,,2026-06-08,20:09:46,disapproval,anger,95%,,2026-06-08,20:09:56
6a27058b832c9a5788363828,ee1mfdy,"""So long, [NAME]""",joy,joy,negative,95%,,2026-06-08,20:09:58,sadness,sadness,85%,,2026-06-08,20:10:09,sadness,sadness,95%,,2026-06-08,20:10:19
6a27058d832c9a5788363829,efbnlae,**Flair *does* check out.,neutral,neutral,positive,95%,,2026-06-08,20:09:59,approval,joy,90%,,2026-06-08,20:10:10,approval,joy,95%,,2026-06-08,20:10:21
6a27058e832c9a578836382a,ee8kgeq,"To be fair, expecting sex twice a day, every day is a little ridiculous.",annoyance,anger,negative,95%,,2026-06-08,20:10:00,disapproval,anger,90%,,2026-06-08,20:10:11,disapproval,anger,85%,,2026-06-08,20:10:22
6a270590832c9a578836382b,edenbnu,This version of mass destruction is by far my favorite,love,love,positive,95%,,2026-06-08,20:10:02,love,love,85%,,2026-06-08,20:10:13,joy,joy,95%,,2026-06-08,20:10:24
6a270591832c9a578836382c,eeqhnyd,"""[NAME] remains being [NAME]"" is absolutely perfect.",approval,joy,positive,95%,,2026-06-08,20:10:03,admiration,joy,95%,,2026-06-08,20:10:14,admiration,joy,95%,,2026-06-08,20:10:25
6a270592832c9a578836382d,edk8ond,Awesome! Thanks for your reply,admiration,joy,positive,95%,,2026-06-08,20:10:04,joy,joy,95%,,2026-06-08,20:10:15,gratitude,joy,95%,,2026-06-08,20:10:26
6a270594832c9a578836382e,eesedza,That's awesome. Hahaha,admiration,joy,positive,95%,,2026-06-08,20:10:06,joy,joy,95%,,2026-06-08,20:10:17,joy,joy,95%,,2026-06-08,20:10:27
6a270595832c9a578836382f,eecp1lg,"Wow either [NAME] misspoke or I didn't hear correctly. I swear he said chainsaw, that is totally different from knife or cooking accident.",surprise,surprise,negative,85%,,2026-06-08,20:10:07,confusion,neutral,95%,,2026-06-08,20:10:18,confusion,neutral,85%,,2026-06-08,20:10:29
6a2705ac832c9a5788363830,eej57ul,>Pretty much as soon as he said he was going to work towards income equality he was killed. It wasnt for his civil rights work.,neutral,neutral,negative,95%,,2026-06-08,20:10:30,sadness,sadness,85%,,2026-06-08,20:10:41,sadness,sadness,85%,,2026-06-08,20:10:52
6a2705ad832c9a5788363831,edtp10x,Why is there a huge focus on the living room? The perspective confused me so much.,confusion,neutral,negative,85%,,2026-06-08,20:10:31,confusion,neutral,90%,,2026-06-08,20:10:42,confusion,neutral,90%,,2026-06-08,20:10:53
6a2705ae832c9a5788363832,ee6lcw2,What evidence at all shows that [NAME] was an accomplice?,confusion,neutral,negative,85%,,2026-06-08,20:10:33,confusion,neutral,85%,,2026-06-08,20:10:43,disapproval,anger,85%,,2026-06-08,20:10:54
6a2705b0832c9a5788363833,edj6zbz,I feel like someone smart will go pound bama on the ML right now. But that person wonât be me lol.,amusement,joy,neutral,70%,,2026-06-08,20:10:34,amusement,joy,85%,,2026-06-08,20:10:45,amusement,joy,70%,,2026-06-08,20:10:56
6a2705b1832c9a5788363834,edq9v2y,"Been with ethnic girls, blondes, brunettes, and a fake red head. No correlation. ",approval,joy,neutral,80%,,2026-06-08,20:10:36,amusement,joy,85%,,2026-06-08,20:10:46,neutral,neutral,95%,,2026-06-08,20:10:57
6a2705b3832c9a5788363835,eer7k4a,I love this comment,love,love,positive,95%,,2026-06-08,20:10:37,love,love,90%,,2026-06-08,20:10:48,love,love,95%,,2026-06-08,20:10:59
6a2705b4832c9a5788363836,ed8qsvg,> 1 who was asleep [NAME]? Then who was using the phone at 9 20?,neutral,neutral,neutral,80%,,2026-06-08,20:10:38,confusion,neutral,90%,,2026-06-08,20:10:49,confusion,neutral,85%,,2026-06-08,20:11:00
6a2705b5832c9a5788363837,ee7m9l4,You would be floored to hear how many times I played Portal 2...,neutral,neutral,positive,85%,,2026-06-08,20:10:40,amusement,joy,85%,,2026-06-08,20:10:50,joy,joy,85%,,2026-06-08,20:11:01
6a2705cd832c9a5788363838,eepuojs,So fucking awesome. Cheers from Brazil.,admiration,joy,positive,95%,,2026-06-08,20:11:03,joy,joy,95%,,2026-06-08,20:11:14,joy,joy,95%,,2026-06-08,20:11:25
6a2705ce832c9a5788363839,edtxxs1,Is this not standard practice among many animal charities around the world? Not something that any of them like to put front and center.,neutral,neutral,negative,85%,,2026-06-08,20:11:04,disapproval,anger,85%,,2026-06-08,20:11:16,disapproval,anger,85%,,2026-06-08,20:11:26
6a2705d0832c9a578836383a,ed778k4,wasn't that a while back?,neutral,neutral,neutral,80%,,2026-06-08,20:11:05,confusion,neutral,80%,,2026-06-08,20:11:17,confusion,neutral,80%,,2026-06-08,20:11:28
6a2705d1832c9a578836383b,efc6xqw,This is oddly wholesome. I love it.,love,love,positive,95%,,2026-06-08,20:11:07,love,love,95%,,2026-06-08,20:11:18,joy,joy,95%,,2026-06-08,20:11:29
6a2705d2832c9a578836383c,eetnatn,"> You first. Really. I have. I reject both, but I can do it separately because they're not necessarily correlated beliefs.",neutral,neutral,negative,85%,,2026-06-08,20:11:09,disapproval,anger,90%,,2026-06-08,20:11:20,disapproval,anger,95%,,2026-06-08,20:11:30
6a2705d4832c9a578836383d,ed11574,Is that a kid directly beside her?,curiosity,neutral,neutral,70%,,2026-06-08,20:11:10,surprise,surprise,85%,,2026-06-08,20:11:21,confusion,neutral,85%,,2026-06-08,20:11:32
6a2705d5832c9a578836383e,edaaaja,That was never in discussion all Miami wanted was to get rid off the whole contract.,disapproval,anger,negative,95%,,2026-06-08,20:11:12,disapproval,anger,85%,,2026-06-08,20:11:22,disappointment,sadness,85%,,2026-06-08,20:11:33
6a2705d7832c9a578836383f,eebteqb,"You know, you make inroads, do 5 points better each time. Few cycles down the lane you have a tossup on your hands.",neutral,neutral,positive,75%,,2026-06-08,20:11:13,optimism,joy,85%,,2026-06-08,20:11:24,excitement,joy,85%,,2026-06-08,20:11:35
6a2705f1832c9a5788363840,eeq1yyy,So because you are abnormal in you saving and spending habits you are unilaterally deciding no one else should strike when not getting paid.,neutral,neutral,negative,85%,,2026-06-08,20:11:39,anger,anger,85%,,2026-06-08,20:11:49,anger,anger,95%,,2026-06-08,20:12:01
6a2705f2832c9a5788363841,ed1wupq,DID SOMEONE SAY THE TH WORD!!!!! I HAVE ARRIVED!,neutral,neutral,positive,85%,,2026-06-08,20:11:40,excitement,joy,95%,,2026-06-08,20:11:52,excitement,joy,95%,,2026-06-08,20:12:02
6a2705f4832c9a5788363842,ee5z9xs,Harry's appears to actually be worse. Check out their charity choices.,neutral,neutral,negative,85%,,2026-06-08,20:11:41,disapproval,anger,90%,,2026-06-08,20:11:53,disapproval,anger,95%,,2026-06-08,20:12:04
6a2705f5832c9a5788363843,ed3yhq4,Whaaaaaaat the heck was that?,anger,anger,negative,85%,,2026-06-08,20:11:43,confusion,neutral,95%,,2026-06-08,20:11:54,confusion,neutral,85%,,2026-06-08,20:12:05
6a2705f8832c9a5788363844,eeqxqqi,"Yea I tossed that one on the pile as a insult to myself and likely many, many others. ",neutral,neutral,negative,85%,,2026-06-08,20:11:44,sadness,sadness,85%,,2026-06-08,20:11:56,disappointment,sadness,85%,,2026-06-08,20:12:08
6a2705f9832c9a5788363845,ed2se1r,If you could even teleport non-living things you'd make a fortune.,neutral,neutral,positive,85%,,2026-06-08,20:11:45,amusement,joy,95%,,2026-06-08,20:11:57,amusement,joy,85%,,2026-06-08,20:12:09
6a2705fb832c9a5788363846,ef7p0ef,Haaaaa this was just on OZ the other night. Thanks.,gratitude,joy,positive,85%,,2026-06-08,20:11:47,gratitude,joy,95%,,2026-06-08,20:11:58,gratitude,joy,95%,,2026-06-08,20:12:11
6a2705fc832c9a5788363847,ef7kwn0,I donât owe you an explanation. Iâm at work.,annoyance,anger,negative,85%,,2026-06-08,20:11:48,annoyance,anger,85%,,2026-06-08,20:12:00,anger,anger,85%,,2026-06-08,20:12:12
6a270613832c9a5788363848,ee5ua5f,"Fam, I didn't have him kill [NAME] so I can do it next episode",neutral,neutral,negative,85%,,2026-06-08,20:12:13,excitement,joy,85%,,2026-06-08,20:12:24,anger,anger,85%,,2026-06-08,20:12:35
6a270618832c9a5788363849,ed5ermj,"""She doesn't understand.""",neutral,neutral,negative,85%,,2026-06-08,20:12:15,confusion,neutral,90%,,2026-06-08,20:12:26,disappointment,sadness,85%,,2026-06-08,20:12:40
6a270619832c9a578836384a,edej2s9,I'm infinitely more interested in why the Physique one has an extra like,excitement,joy,neutral,85%,,2026-06-08,20:12:16,curiosity,neutral,95%,,2026-06-08,20:12:27,curiosity,neutral,95%,,2026-06-08,20:12:41
6a27061b832c9a578836384b,ef2sdo1,Why is it that young girls seem to idolise serial killers? I had a friend like this and never understood the attraction. It's scary,confusion,neutral,negative,95%,,2026-06-08,20:12:17,confusion,neutral,85%,,2026-06-08,20:12:28,disapproval,anger,95%,,2026-06-08,20:12:43
6a27061c832c9a578836384c,ed4mz8l,Id like to see Finland win it. But id like to see [NAME] and [NAME] carry their teams in every way possible to those losses.,desire,neutral,neutral,80%,,2026-06-08,20:12:18,desire,neutral,80%,,2026-06-08,20:12:30,approval,joy,70%,,2026-06-08,20:12:44
6a27061d832c9a578836384d,ed6bwjs,"Nice post here, dork.",approval,joy,positive,70%,,2026-06-08,20:12:20,amusement,joy,85%,,2026-06-08,20:12:31,amusement,joy,85%,,2026-06-08,20:12:45
6a27061f832c9a578836384e,efaz22w,"I've recently figured out I'm the perfect mix of smart ass and sweet, the ladies love it.",love,love,positive,85%,,2026-06-08,20:12:22,pride,joy,90%,,2026-06-08,20:12:32,joy,joy,85%,,2026-06-08,20:12:47
6a270620832c9a578836384f,edthhuh,"I would never tell anyone stick is better than pad, but speaking personally, it's way more fun",joy,joy,neutral,85%,,2026-06-08,20:12:23,amusement,joy,85%,,2026-06-08,20:12:34,amusement,joy,85%,,2026-06-08,20:12:48
6a270638832c9a5788363850,edolmg7,Let them argue. We've never done anything remotely as bad as MOST OF THE WORLD does routinely.,anger,anger,neutral,75%,,2026-06-08,20:12:49,disapproval,anger,70%,,2026-06-08,20:13:00,disapproval,anger,70%,,2026-06-08,20:13:12
6a270639832c9a5788363851,eemp7o9,"Normally yes, but then it would be an attractive woman (at least it used to be).",neutral,neutral,neutral,70%,,2026-06-08,20:12:51,amusement,joy,70%,,2026-06-08,20:13:02,amusement,joy,70%,,2026-06-08,20:13:13
6a27063b832c9a5788363852,eewltdy,.......... no u!,neutral,neutral,negative,70%,,2026-06-08,20:12:52,amusement,joy,85%,,2026-06-08,20:13:03,anger,anger,85%,,2026-06-08,20:13:15
6a27063c832c9a5788363853,ee586q0,I know but it just sucks to feel like this,neutral,neutral,negative,95%,,2026-06-08,20:12:53,sadness,sadness,85%,,2026-06-08,20:13:04,sadness,sadness,95%,,2026-06-08,20:13:16
6a27063d832c9a5788363854,ef8kuhi,He is and will be irrelevant. No worries.,approval,joy,negative,95%,,2026-06-08,20:12:55,disapproval,anger,95%,,2026-06-08,20:13:06,disapproval,anger,95%,,2026-06-08,20:13:17
6a27063f832c9a5788363855,eez7z1v,Ok so this doesn't seem like a cover given they made a whole comp for him,disapproval,anger,negative,85%,,2026-06-08,20:12:56,confusion,neutral,85%,,2026-06-08,20:13:07,disappointment,sadness,85%,,2026-06-08,20:13:19
6a270640832c9a5788363856,ef269ay,"Thank you for the advice. I was thinking it was envy, and I needed some place to get advice from some strangers.",gratitude,joy,positive,85%,,2026-06-08,20:12:57,gratitude,joy,90%,,2026-06-08,20:13:08,gratitude,joy,95%,,2026-06-08,20:13:20
6a270642832c9a5788363857,edx8hct,Damn Blake is on fire today,neutral,neutral,positive,85%,,2026-06-08,20:12:59,admiration,joy,85%,,2026-06-08,20:13:11,excitement,joy,85%,,2026-06-08,20:13:22
6a27065a832c9a5788363858,ee5ceh7,"Grew up in the south. When I left for college, I was very confused why people were walking around with smudges on their foreheads for Ash Wednesday.",confusion,neutral,neutral,80%,,2026-06-08,20:13:23,confusion,neutral,90%,,2026-06-08,20:13:34,confusion,neutral,90%,,2026-06-08,20:13:46
6a27065c832c9a5788363859,edjnnwp,Could they have written a more uninspiring Press Release. Hopefully it is more about [NAME] than [NAME] and [NAME].,optimism,joy,negative,95%,,2026-06-08,20:13:25,disapproval,anger,95%,,2026-06-08,20:13:35,disappointment,sadness,85%,,2026-06-08,20:13:48
6a27065d832c9a578836385a,eeunlwg,Its just coming out now...,neutral,neutral,neutral,70%,,2026-06-08,20:13:26,confusion,neutral,80%,,2026-06-08,20:13:37,confusion,neutral,85%,,2026-06-08,20:13:49
6a27065f832c9a578836385b,edi09hy,"Thanks Iâm falling in love, and itâs also cost efficient!",gratitude,joy,positive,95%,,2026-06-08,20:13:27,love,love,95%,,2026-06-08,20:13:38,love,love,90%,,2026-06-08,20:13:51
6a270660832c9a578836385c,edm34cw,Illness,neutral,neutral,negative,90%,,2026-06-08,20:13:29,sadness,sadness,85%,,2026-06-08,20:13:39,sadness,sadness,85%,,2026-06-08,20:13:52
6a270661832c9a578836385d,eeamybs,It's going to hit all of us but there it is   no deal. It's high time to accept reality.,approval,joy,negative,95%,,2026-06-08,20:13:30,disappointment,sadness,85%,,2026-06-08,20:13:41,sadness,sadness,85%,,2026-06-08,20:13:53
6a270663832c9a578836385e,eetza2l,"Yeah, I do. I'm just pretty sure that that will fuck my heart eventually. But I'll worry about that later.",nervousness,fear,negative,95%,,2026-06-08,20:13:31,fear,fear,70%,,2026-06-08,20:13:44,sadness,sadness,85%,,2026-06-08,20:13:55
6a270664832c9a578836385f,efgu3j3,"> If everyone is put on the same level, whereâs the competition? That's not what communism is..",disapproval,anger,negative,85%,,2026-06-08,20:13:33,disapproval,anger,95%,,2026-06-08,20:13:45,disapproval,anger,95%,,2026-06-08,20:13:56
6a27067c832c9a5788363860,ef107zi,I think they think that they have created the best cod ever and everyone who doesn't think that is wrong,neutral,neutral,negative,85%,,2026-06-08,20:13:58,disapproval,anger,85%,,2026-06-08,20:14:09,disapproval,anger,90%,,2026-06-08,20:14:20
6a27067d832c9a5788363861,ee307gp," I donât give a F F the haters F all the haters Much love, no hate Machines within, machines within",anger,anger,positive,85%,,2026-06-08,20:13:59,love,love,85%,,2026-06-08,20:14:10,joy,joy,95%,,2026-06-08,20:14:21
6a27067e832c9a5788363862,edomj00,It really is! I loved everything about it. I'm so happy my friend told me about the franchise  ),love,love,positive,95%,,2026-06-08,20:14:01,joy,joy,95%,,2026-06-08,20:14:11,joy,joy,95%,,2026-06-08,20:14:22
6a270680832c9a5788363863,ed3oax4,"When you make excuses about what you're buying, you're the one calling attention to it.",neutral,neutral,negative,85%,,2026-06-08,20:14:02,disapproval,anger,85%,,2026-06-08,20:14:13,disapproval,anger,85%,,2026-06-08,20:14:24
6a270681832c9a5788363864,edrwks7,That was the gayest thing ive ever heard another man say.,neutral,neutral,negative,85%,,2026-06-08,20:14:03,disapproval,anger,85%,,2026-06-08,20:14:14,disapproval,anger,85%,,2026-06-08,20:14:25
6a270683832c9a5788363865,ee0vk9y,pwBPD can have psychosis.,neutral,neutral,neutral,90%,,2026-06-08,20:14:05,fear,fear,80%,,2026-06-08,20:14:16,fear,fear,70%,,2026-06-08,20:14:27
6a270684832c9a5788363866,ee17w15,"oh, me too, actually.",approval,joy,neutral,80%,,2026-06-08,20:14:06,joy,joy,70%,,2026-06-08,20:14:17,neutral,neutral,100%,,2026-06-08,20:14:28
6a270685832c9a5788363867,edorteb,The NEW and IMPROVED Doggy Slinky!!! Everyone loves a Slinky!,love,love,positive,95%,,2026-06-08,20:14:07,joy,joy,95%,,2026-06-08,20:14:18,joy,joy,95%,,2026-06-08,20:14:29
6a27069e832c9a5788363868,efgke18,Didn't really help who the Master is but [NAME] will lose his damn mind. We video game worlds now.,disappointment,sadness,negative,85%,,2026-06-08,20:14:31,anger,anger,85%,,2026-06-08,20:14:43,anger,anger,85%,,2026-06-08,20:14:54
6a27069f832c9a5788363869,edmiy44,He has been given all the time/freedom in the world - he just doesn't deliver.,disappointment,sadness,negative,95%,,2026-06-08,20:14:33,disappointment,sadness,90%,,2026-06-08,20:14:45,disappointment,sadness,95%,,2026-06-08,20:14:55
6a2706a1832c9a578836386a,edyrjqq,They didn't play it safe. They played it big and failed hard. The plot is too damn big for a soft-reboot game.-* +,disapproval,anger,negative,95%,,2026-06-08,20:14:35,disappointment,sadness,85%,,2026-06-08,20:14:46,disappointment,sadness,95%,,2026-06-08,20:14:57
6a2706a2832c9a578836386b,edhecot,Heâs so eager to please! This trait in dogs is so endearing.,annoyance,anger,positive,95%,,2026-06-08,20:14:36,admiration,joy,95%,,2026-06-08,20:14:47,admiration,joy,95%,,2026-06-08,20:14:58
6a2706a3832c9a578836386c,edrls4n,"Also the sneezing. The dog is sneezing which is canine for ""this is a great game""",admiration,joy,positive,70%,,2026-06-08,20:14:37,amusement,joy,85%,,2026-06-08,20:14:49,amusement,joy,95%,,2026-06-08,20:14:59
6a2706a5832c9a578836386d,eeblkwf,I kind of liked that one song he did with [NAME]. I forgot the name though.,neutral,neutral,positive,75%,,2026-06-08,20:14:39,nostalgia,neutral,80%,,2026-06-08,20:14:50,approval,joy,85%,,2026-06-08,20:15:01
6a2706a6832c9a578836386e,eehba2o,Dude I have a verrrrry strong feeling the barber did that on purpose. Nowhere in the world is that an acceptable haircut. Thatâs fucked up,anger,anger,negative,95%,,2026-06-08,20:14:40,anger,anger,95%,,2026-06-08,20:14:51,anger,anger,95%,,2026-06-08,20:15:02
6a2706a7832c9a578836386f,ednycbc,"That's not how they decide things. It's a political entity like any other and other members exert pressure, there are compromises, etc.",neutral,neutral,negative,85%,,2026-06-08,20:14:42,disapproval,anger,85%,,2026-06-08,20:14:53,disapproval,anger,95%,,2026-06-08,20:15:03
6a2706be832c9a5788363870,ed8n3se,It's sad that we have to think of it as a miracle and not a regular occurrence  /,sadness,sadness,negative,95%,,2026-06-08,20:15:05,sadness,sadness,90%,,2026-06-08,20:15:15,sadness,sadness,95%,,2026-06-08,20:15:26
6a2706c0832c9a5788363871,eeab7sc,The weak should fear the strong,neutral,neutral,negative,85%,,2026-06-08,20:15:06,fear,fear,80%,,2026-06-08,20:15:17,fear,fear,80%,,2026-06-08,20:15:28
6a2706c1832c9a5788363872,eet7jbl,About as odd as it is noticing a hockey players finger nails on tv,neutral,neutral,neutral,70%,,2026-06-08,20:15:07,amusement,joy,85%,,2026-06-08,20:15:18,amusement,joy,85%,,2026-06-08,20:15:29
6a2706c2832c9a5788363873,edq4pts,I wasnât saying she was faking just curious to see her reaction to it,curiosity,neutral,neutral,85%,,2026-06-08,20:15:09,curiosity,neutral,90%,,2026-06-08,20:15:19,curiosity,neutral,85%,,2026-06-08,20:15:30
6a2706c4832c9a5788363874,edlu60x,I don't want PR to vote because they'll vote blue. I want them to vote because they deserve the right to have representation.,neutral,neutral,negative,95%,,2026-06-08,20:15:10,disapproval,anger,90%,,2026-06-08,20:15:21,disapproval,anger,95%,,2026-06-08,20:15:32
6a2706c5832c9a5788363875,edvfikm,It's such a relieving feeling to know you're finally gone. You never have to go back. You are so strong you got this!!,admiration,joy,positive,85%,,2026-06-08,20:15:11,relief,joy,95%,,2026-06-08,20:15:22,relief,joy,95%,,2026-06-08,20:15:33
6a2706c7832c9a5788363876,ed0lnj6,Has anyone else realized that there are 16 [NAME] on this glorious movie poster?,curiosity,neutral,neutral,80%,,2026-06-08,20:15:13,surprise,surprise,90%,,2026-06-08,20:15:24,curiosity,neutral,85%,,2026-06-08,20:15:35
6a2706c8832c9a5788363877,eeyg1aa,A way to avoid reality. Personality doesnt matter. Only looks.,neutral,neutral,negative,85%,,2026-06-08,20:15:14,disapproval,anger,85%,,2026-06-08,20:15:25,disappointment,sadness,85%,,2026-06-08,20:15:36
6a2706e0832c9a5788363878,ee9xdta,You forgot blue passports,annoyance,anger,negative,85%,,2026-06-08,20:15:37,disappointment,sadness,85%,,2026-06-08,20:15:49,disappointment,sadness,85%,,2026-06-08,20:16:00
6a2706e1832c9a5788363879,ef3tr0w,"I can't wait till they invent that pill either, and for you to start taking it, for the sake of the rest of us. Fuck.",optimism,joy,negative,95%,,2026-06-08,20:15:39,annoyance,anger,85%,,2026-06-08,20:15:50,anger,anger,95%,,2026-06-08,20:16:01
6a2706e2832c9a578836387a,ef4esbw,"You are the type of fellow that puts mommy in the cheap home and cashes her cheques, loyalty of a snake.",anger,anger,negative,95%,,2026-06-08,20:15:40,disgust,disgust,95%,,2026-06-08,20:15:52,disgust,disgust,95%,,2026-06-08,20:16:02
6a2706e4832c9a578836387b,efcwkcf,"I used to live there (Hell) and I had this religious/fundy coworker who used to love to point out that ""DARWIN Road leads to HELL!"" ",neutral,neutral,negative,95%,,2026-06-08,20:15:42,annoyance,anger,85%,,2026-06-08,20:15:53,disapproval,anger,85%,,2026-06-08,20:16:04
6a2706e5832c9a578836387c,ee4ypiw,Great show honestly,admiration,joy,positive,95%,,2026-06-08,20:15:43,joy,joy,85%,,2026-06-08,20:15:54,joy,joy,95%,,2026-06-08,20:16:05
6a2706e6832c9a578836387d,edeq9vx,You look awesome in this picture,admiration,joy,positive,95%,,2026-06-08,20:15:45,admiration,joy,90%,,2026-06-08,20:15:56,admiration,joy,95%,,2026-06-08,20:16:06
6a2706e8832c9a578836387e,eduh25i,"Again, that + is going to make people not want to do this deal.",disappointment,sadness,negative,95%,,2026-06-08,20:15:46,disapproval,anger,90%,,2026-06-08,20:15:57,disappointment,sadness,85%,,2026-06-08,20:16:08
6a2706e9832c9a578836387f,edpzsek,"People have made money off it. Belle Delphine was hit with a $60,000 fine recently",neutral,neutral,neutral,80%,,2026-06-08,20:15:48,disapproval,anger,85%,,2026-06-08,20:15:58,disapproval,anger,70%,,2026-06-08,20:16:09
6a270701832c9a5788363880,ef3yciw,Better than just saying hey  ),approval,joy,positive,70%,,2026-06-08,20:16:10,amusement,joy,80%,,2026-06-08,20:16:22,amusement,joy,85%,,2026-06-08,20:16:33
6a270702832c9a5788363881,edcle52,This is pretty worrying and makes me wonder why she canât. Thatâs not normal.,fear,fear,negative,95%,,2026-06-08,20:16:12,disapproval,anger,90%,,2026-06-08,20:16:23,disappointment,sadness,85%,,2026-06-08,20:16:34
6a270703832c9a5788363882,ee66yo9,It was just as illegal yesterday ... nothing changed,neutral,neutral,neutral,90%,,2026-06-08,20:16:13,disapproval,anger,85%,,2026-06-08,20:16:24,disapproval,anger,85%,,2026-06-08,20:16:35
6a270705832c9a5788363883,ee5j7ed,The dog has a very confused look on his face lol.,amusement,joy,neutral,85%,,2026-06-08,20:16:15,confusion,neutral,95%,,2026-06-08,20:16:26,confusion,neutral,85%,,2026-06-08,20:16:37
6a270706832c9a5788363884,edpnzfu,thanks!  ),gratitude,joy,positive,95%,,2026-06-08,20:16:16,gratitude,joy,95%,,2026-06-08,20:16:27,gratitude,joy,95%,,2026-06-08,20:16:38
6a270707832c9a5788363885,ed3ktve,Donât spend time with someone who isnât going to respect you as a person.,neutral,neutral,negative,95%,,2026-06-08,20:16:18,disapproval,anger,90%,,2026-06-08,20:16:28,disapproval,anger,95%,,2026-06-08,20:16:39
6a270709832c9a5788363886,ed7f8e2,I figured as much. If I were them I'd definitely be sceptical.,realization,surprise,negative,85%,,2026-06-08,20:16:19,disapproval,anger,85%,,2026-06-08,20:16:30,disapproval,anger,85%,,2026-06-08,20:16:41
6a27070a832c9a5788363887,edwdv95,COME TO BUTTHEAD,neutral,neutral,neutral,70%,,2026-06-08,20:16:20,anger,anger,85%,,2026-06-08,20:16:31,anger,anger,70%,,2026-06-08,20:16:42
6a270721832c9a5788363888,eds470l,Go you!,neutral,neutral,positive,90%,,2026-06-08,20:16:43,excitement,joy,85%,,2026-06-08,20:16:54,excitement,joy,85%,,2026-06-08,20:17:05
6a270722832c9a5788363889,eenuaiu,Damn you have a lot of alts.  D,amusement,joy,negative,85%,,2026-06-08,20:16:45,anger,anger,85%,,2026-06-08,20:16:56,anger,anger,95%,,2026-06-08,20:17:06
6a270724832c9a578836388a,edc4vte,Just out of curiosity... What was the opinion?,curiosity,neutral,neutral,70%,,2026-06-08,20:16:46,curiosity,neutral,95%,,2026-06-08,20:16:57,curiosity,neutral,85%,,2026-06-08,20:17:08
6a270725832c9a578836388b,edrxe6l,And you've never driven over the speed limit?,curiosity,neutral,negative,85%,,2026-06-08,20:16:47,disapproval,anger,85%,,2026-06-08,20:16:58,disapproval,anger,85%,,2026-06-08,20:17:09
6a270726832c9a578836388c,ef5zt1i,One of my 56 favourites,approval,joy,positive,85%,,2026-06-08,20:16:49,love,love,90%,,2026-06-08,20:17:00,joy,joy,95%,,2026-06-08,20:17:10
6a270728832c9a578836388d,ef6sxmu,I love [NAME].,love,love,positive,95%,,2026-06-08,20:16:50,love,love,95%,,2026-06-08,20:17:01,love,love,90%,,2026-06-08,20:17:12
6a270729832c9a578836388e,ed9k8e9,Don't forget about random sex,neutral,neutral,negative,70%,,2026-06-08,20:16:51,annoyance,anger,70%,,2026-06-08,20:17:02,disapproval,anger,85%,,2026-06-08,20:17:13
6a27072a832c9a578836388f,edel9ke,He'd hate me. My standards are even higher.,anger,anger,negative,85%,,2026-06-08,20:16:53,fear,fear,80%,,2026-06-08,20:17:04,disappointment,sadness,85%,,2026-06-08,20:17:14
6a270741832c9a5788363890,efcxevg,"Don't worry, I forgive you.",approval,joy,positive,95%,,2026-06-08,20:17:16,caring,love,90%,,2026-06-08,20:17:26,love,love,85%,,2026-06-08,20:17:37
6a270742832c9a5788363891,eelgcmr,"This has happened to me with the girls I tried to connect with irl as well as FA ""lonely"" girls from this very sub",disappointment,sadness,negative,85%,,2026-06-08,20:17:17,sadness,sadness,85%,,2026-06-08,20:17:28,sadness,sadness,85%,,2026-06-08,20:17:38
6a270744832c9a5788363892,edw9mem,Thank you bot.,gratitude,joy,positive,95%,,2026-06-08,20:17:18,gratitude,joy,95%,,2026-06-08,20:17:29,gratitude,joy,95%,,2026-06-08,20:17:40
6a270745832c9a5788363893,eemt60b,I believe [NAME] solved this issue back in 2004 with the racial draft,approval,joy,positive,70%,,2026-06-08,20:17:20,approval,joy,80%,,2026-06-08,20:17:30,approval,joy,85%,,2026-06-08,20:17:41
6a270746832c9a5788363894,eduiaap,"â[NAME] make y'famous tonight, buddy!â ð¤£ Anyway, no manger for him!",neutral,neutral,positive,85%,,2026-06-08,20:17:21,amusement,joy,95%,,2026-06-08,20:17:32,excitement,joy,85%,,2026-06-08,20:17:42
6a270748832c9a5788363895,ef82k2h,"If he does well, do you guys think that's a sign that we could flip a senate seat? I like [NAME] a lot.",love,love,positive,85%,,2026-06-08,20:17:22,optimism,joy,85%,,2026-06-08,20:17:33,optimism,joy,85%,,2026-06-08,20:17:44
6a270749832c9a5788363896,ed9wuph,"I am in fact a woman, but I'm not bothered by the assumption. Thank you  )",gratitude,joy,neutral,95%,,2026-06-08,20:17:24,neutral,neutral,90%,,2026-06-08,20:17:34,neutral,neutral,95%,,2026-06-08,20:17:45
6a27074a832c9a5788363897,eeautqy,"*Redditor for less than 30 days* New troll account, eh?",confusion,neutral,negative,85%,,2026-06-08,20:17:25,annoyance,anger,85%,,2026-06-08,20:17:36,disapproval,anger,85%,,2026-06-08,20:17:46
6a270761832c9a5788363898,edi69b8,How will identity politics help this situation?,confusion,neutral,negative,85%,,2026-06-08,20:17:48,confusion,neutral,85%,,2026-06-08,20:17:58,disapproval,anger,95%,,2026-06-08,20:18:09
6a270762832c9a5788363899,edi53km,That's still doxing.,neutral,neutral,negative,95%,,2026-06-08,20:17:49,disapproval,anger,95%,,2026-06-08,20:18:00,disapproval,anger,90%,,2026-06-08,20:18:10
6a270764832c9a578836389a,eez9ryd,âMy Goddess went to prison and all I got was this crappy t-shirtâ,annoyance,anger,negative,95%,,2026-06-08,20:17:50,sadness,sadness,85%,,2026-06-08,20:18:01,disappointment,sadness,90%,,2026-06-08,20:18:12
6a270765832c9a578836389b,ef5zl3r,My worst fear when I finally get over someone Those damn what ifs,fear,fear,negative,95%,,2026-06-08,20:17:52,fear,fear,85%,,2026-06-08,20:18:02,sadness,sadness,85%,,2026-06-08,20:18:13
6a270766832c9a578836389c,eey60r8,Hey.... that's not the wallet inspector...,disapproval,anger,negative,90%,,2026-06-08,20:17:53,confusion,neutral,90%,,2026-06-08,20:18:04,disappointment,sadness,85%,,2026-06-08,20:18:14
6a270768832c9a578836389d,edfo736,You seem like a nice fellow but not sure where to start with this post,neutral,neutral,neutral,70%,,2026-06-08,20:17:54,confusion,neutral,85%,,2026-06-08,20:18:05,confusion,neutral,85%,,2026-06-08,20:18:16
6a270769832c9a578836389e,eetecqs,I hate that I like them...,anger,anger,negative,85%,,2026-06-08,20:17:56,disapproval,anger,90%,,2026-06-08,20:18:06,disappointment,sadness,85%,,2026-06-08,20:18:17
6a27076a832c9a578836389f,ee35rfv,Omg thatâs a perfect idea! I obviously want to avoid the stalker thing but I do love basketball and understand it so this seems possible,admiration,joy,positive,95%,,2026-06-08,20:17:57,joy,joy,90%,,2026-06-08,20:18:08,joy,joy,95%,,2026-06-08,20:18:18
6a270781832c9a57883638a0,ee6lrfk,Except 47 out of the 59 tribes were in support of the pipeline. Don't let facts get in the way of your narrative though.,neutral,neutral,negative,85%,,2026-06-08,20:18:20,disapproval,anger,95%,,2026-06-08,20:18:31,disapproval,anger,95%,,2026-06-08,20:18:41
6a270783832c9a57883638a1,editd0h,Right. Iâm surprised everyone thinks heâs so cute...,surprise,surprise,negative,70%,,2026-06-08,20:18:21,surprise,surprise,90%,,2026-06-08,20:18:32,confusion,neutral,85%,,2026-06-08,20:18:43
6a270785832c9a57883638a2,eduxb00,Iâm gunna be the bigger man... blessings on your weekend my friend...,gratitude,joy,positive,95%,,2026-06-08,20:18:23,love,love,85%,,2026-06-08,20:18:33,love,love,85%,,2026-06-08,20:18:45
6a270786832c9a57883638a3,eec0rki,Do keep in mind your phone needs to support the Low Band signals My phone does not But it has noticed less congestion,neutral,neutral,negative,85%,,2026-06-08,20:18:24,annoyance,anger,85%,,2026-06-08,20:18:35,disappointment,sadness,85%,,2026-06-08,20:18:46
6a270788832c9a57883638a4,efco2kv,And there I was blaming the poor black lads,sadness,sadness,negative,85%,,2026-06-08,20:18:25,anger,anger,85%,,2026-06-08,20:18:36,disapproval,anger,90%,,2026-06-08,20:18:48
6a270789832c9a57883638a5,ee2yfar,This is a depressing r/tworedditorsonecup,disappointment,sadness,negative,95%,,2026-06-08,20:18:27,sadness,sadness,90%,,2026-06-08,20:18:37,sadness,sadness,90%,,2026-06-08,20:18:49
6a27078a832c9a57883638a6,eemdivq,That's an extremely ignorant thing to say,annoyance,anger,negative,95%,,2026-06-08,20:18:28,disapproval,anger,95%,,2026-06-08,20:18:39,disapproval,anger,95%,,2026-06-08,20:18:50
6a27078c832c9a57883638a7,eek2fnr,thank you!,gratitude,joy,positive,95%,,2026-06-08,20:18:29,gratitude,joy,95%,,2026-06-08,20:18:40,gratitude,joy,99%,,2026-06-08,20:18:52
6a2707a3832c9a57883638a8,ee7bfza,Wow. Thank you so much. I really appreciate this.,gratitude,joy,positive,99%,,2026-06-08,20:18:53,gratitude,joy,95%,,2026-06-08,20:19:04,gratitude,joy,95%,,2026-06-08,20:19:15
6a2707a4832c9a57883638a9,eeubetl,"I agree with this. I'm extremely happy with the hires, but I think the draft may be a bigger tell tale on how the off-season goes.",approval,joy,positive,85%,,2026-06-08,20:18:54,joy,joy,85%,,2026-06-08,20:19:05,joy,joy,85%,,2026-06-08,20:19:16
6a2707a5832c9a57883638aa,ed27kst,Are your daughters twins?,confusion,neutral,neutral,90%,,2026-06-08,20:18:56,curiosity,neutral,85%,,2026-06-08,20:19:06,curiosity,neutral,70%,,2026-06-08,20:19:17
6a2707a7832c9a57883638ab,efdimsv,[NAME] wasn't accused of sexual assault,disapproval,anger,neutral,90%,,2026-06-08,20:18:57,relief,joy,85%,,2026-06-08,20:19:08,neutral,neutral,100%,,2026-06-08,20:19:19
6a2707a8832c9a57883638ac,ee62myo,Oh [NAME] your tolling.,neutral,neutral,negative,85%,,2026-06-08,20:18:58,sadness,sadness,85%,,2026-06-08,20:19:09,sadness,sadness,85%,,2026-06-08,20:19:20
6a2707a9832c9a57883638ad,ee89kuj,Well I mean he got erased from existence twice and is still here so I'm guessing it has to be something more than that.,approval,joy,neutral,80%,,2026-06-08,20:19:00,confusion,neutral,80%,,2026-06-08,20:19:10,confusion,neutral,80%,,2026-06-08,20:19:21
6a2707ab832c9a57883638ae,ee7ajre,Yeah that doesn't sound fun at all. I may just stick to the burbs.... Thanks for the reply.,gratitude,joy,negative,95%,,2026-06-08,20:19:01,disappointment,sadness,95%,,2026-06-08,20:19:12,disappointment,sadness,95%,,2026-06-08,20:19:23
6a2707ac832c9a57883638af,ef9nhi5,"This qualifies as emotional neglect. Just, to be clear, that is a form of covert abuse and is not okay or normal.",disapproval,anger,negative,95%,,2026-06-08,20:19:02,disapproval,anger,95%,,2026-06-08,20:19:13,disapproval,anger,95%,,2026-06-08,20:19:24
6a2707c3832c9a57883638b0,edpchmr,"At least he was polite - ""please"" fuck off! ",anger,anger,negative,95%,,2026-06-08,20:19:26,disapproval,anger,95%,,2026-06-08,20:19:37,anger,anger,95%,,2026-06-08,20:19:47
6a2707c5832c9a57883638b1,eezjbs8,Uhhhhhhhhh well that's not good,disapproval,anger,negative,95%,,2026-06-08,20:19:27,disappointment,sadness,85%,,2026-06-08,20:19:38,disappointment,sadness,95%,,2026-06-08,20:19:49
6a2707c6832c9a57883638b2,edrnpo7,I guess without me you would just go on mistakenly thinking [NAME] was a part of the Dodgers ownership group.,neutral,neutral,negative,85%,,2026-06-08,20:19:28,amusement,joy,70%,,2026-06-08,20:19:39,disappointment,sadness,85%,,2026-06-08,20:19:50
6a2707c7832c9a57883638b3,edj2go7,What song was that earlier ? It went oooh oooh ooooh oooh oooh oooh.,confusion,neutral,neutral,85%,,2026-06-08,20:19:30,curiosity,neutral,95%,,2026-06-08,20:19:41,curiosity,neutral,80%,,2026-06-08,20:19:51
6a2707c9832c9a57883638b4,ef43tu2,"I have already, what's your point? ",curiosity,neutral,negative,85%,,2026-06-08,20:19:31,annoyance,anger,85%,,2026-06-08,20:19:42,disapproval,anger,85%,,2026-06-08,20:19:53
6a2707ca832c9a57883638b5,ef8hcb6,"Itâs embarrassing to share a license with them, thatâs for sure.",embarrassment,sadness,negative,95%,,2026-06-08,20:19:33,embarrassment,sadness,90%,,2026-06-08,20:19:43,embarrassment,sadness,95%,,2026-06-08,20:19:54
6a2707cb832c9a57883638b6,efb3g99,Yes! Wonder how tall the girls will end up ð,optimism,joy,positive,85%,,2026-06-08,20:19:34,amusement,joy,90%,,2026-06-08,20:19:45,amusement,joy,90%,,2026-06-08,20:19:55
6a2707cd832c9a57883638b7,ef9j776,"Iâm glad you fixed Minnesota, because there is a 0% chance we will go Red.",relief,joy,positive,85%,,2026-06-08,20:19:35,relief,joy,95%,,2026-06-08,20:19:46,relief,joy,95%,,2026-06-08,20:19:57
6a2707e4832c9a57883638b8,ef56cjf,Wow. Of COURSE this happened,surprise,surprise,negative,85%,,2026-06-08,20:19:58,disappointment,sadness,85%,,2026-06-08,20:20:09,disappointment,sadness,85%,,2026-06-08,20:20:20
6a2707e5832c9a57883638b9,ee7xn1p,Someone should make a religion out of this,neutral,neutral,negative,70%,,2026-06-08,20:20:00,disapproval,anger,85%,,2026-06-08,20:20:10,disapproval,anger,85%,,2026-06-08,20:20:21
6a2707e7832c9a57883638ba,eerf666,"This is simply honesty + humility. Indeed, very respectable.",admiration,joy,positive,95%,,2026-06-08,20:20:01,admiration,joy,95%,,2026-06-08,20:20:12,admiration,joy,95%,,2026-06-08,20:20:23
6a2707e8832c9a57883638bb,ee5ks8s,"Well, this is the first time I've seen that in over three years.",excitement,joy,neutral,80%,,2026-06-08,20:20:02,surprise,surprise,85%,,2026-06-08,20:20:13,surprise,surprise,85%,,2026-06-08,20:20:24
6a2707ea832c9a57883638bc,eetnx0b,[NAME]? I'd be surprised if he plays.,surprise,surprise,negative,85%,,2026-06-08,20:20:04,surprise,surprise,90%,,2026-06-08,20:20:14,disappointment,sadness,85%,,2026-06-08,20:20:26
6a2707eb832c9a57883638bd,edph3vq,"Even though you can me, Iâm slow clapping to this!",neutral,neutral,positive,85%,,2026-06-08,20:20:05,amusement,joy,85%,,2026-06-08,20:20:16,amusement,joy,95%,,2026-06-08,20:20:27
6a2707ec832c9a57883638be,eczhruc,"Yeah, and you donât learn fine intricacies in a tutorial. You learn them through playing. Youâre arguing a strawman now. ",neutral,neutral,negative,85%,,2026-06-08,20:20:06,annoyance,anger,85%,,2026-06-08,20:20:17,anger,anger,85%,,2026-06-08,20:20:28
6a2707ee832c9a57883638bf,ededdtl,happy cake day,excitement,joy,positive,90%,,2026-06-08,20:20:08,joy,joy,90%,,2026-06-08,20:20:19,joy,joy,95%,,2026-06-08,20:20:30
6a270804832c9a57883638c0,eedmcll,[NAME] I hate this,anger,anger,negative,95%,,2026-06-08,20:20:31,anger,anger,95%,,2026-06-08,20:20:42,anger,anger,95%,,2026-06-08,20:20:52
6a270806832c9a57883638c1,ee26933,"Fuck right off, it was illegal at the time so the law was being broken. Learn to live with your actions and their consequences you whiny socialists.",anger,anger,negative,95%,,2026-06-08,20:20:32,anger,anger,95%,,2026-06-08,20:20:43,anger,anger,95%,,2026-06-08,20:20:54
6a270807832c9a57883638c2,eetnlji,Sheâs a disgusting snob.. Feel bad for the workers.  (,disgust,disgust,negative,95%,,2026-06-08,20:20:34,disgust,disgust,95%,,2026-06-08,20:20:44,disgust,disgust,95%,,2026-06-08,20:20:55
6a270808832c9a57883638c3,ee1xxrp,"If you want nuance, deep thought and constructive dialogue maybe try a topic not as asinine as the cultural value of a reality TV star ð",disapproval,anger,negative,95%,,2026-06-08,20:20:35,amusement,joy,95%,,2026-06-08,20:20:45,disapproval,anger,95%,,2026-06-08,20:20:56
6a27080a832c9a57883638c4,edwgdz2,"That's the idea, don't be so indignant that I called out your bs.",caring,love,negative,85%,,2026-06-08,20:20:36,annoyance,anger,85%,,2026-06-08,20:20:47,anger,anger,85%,,2026-06-08,20:20:58
6a27080b832c9a57883638c5,ef3h0wt,oliver and black canary is evergreen.. [NAME] is the most annoying character since season 3.. why would CW come up with that,admiration,joy,negative,95%,,2026-06-08,20:20:38,annoyance,anger,95%,,2026-06-08,20:20:48,annoyance,anger,95%,,2026-06-08,20:20:59
6a27080c832c9a57883638c6,ed0ubc5,"so did [NAME], she really held back",neutral,neutral,negative,85%,,2026-06-08,20:20:39,anger,anger,70%,,2026-06-08,20:20:50,anger,anger,85%,,2026-06-08,20:21:00
6a27080e832c9a57883638c7,eehwnpr,[NAME] has no Plan B. She's either dominating the match or praying that her opponent drops her level and playing second fiddle.,neutral,neutral,negative,85%,,2026-06-08,20:20:40,disappointment,sadness,85%,,2026-06-08,20:20:51,disappointment,sadness,85%,,2026-06-08,20:21:02
6a270825832c9a57883638c8,efbrh4j,What do you mean? They're doing a huey too.,neutral,neutral,negative,70%,,2026-06-08,20:21:03,confusion,neutral,90%,,2026-06-08,20:21:14,confusion,neutral,90%,,2026-06-08,20:21:25
6a270826832c9a57883638c9,eeeep3h,Whatâs it like to comment on things without bothering to read the context?,neutral,neutral,negative,95%,,2026-06-08,20:21:04,disapproval,anger,85%,,2026-06-08,20:21:15,disapproval,anger,95%,,2026-06-08,20:21:26
6a270827832c9a57883638ca,eea0gzs,Pretty sure that had been upped to at least 10k subs. It actually might even be higher now.,approval,joy,positive,85%,,2026-06-08,20:21:06,disappointment,sadness,70%,,2026-06-08,20:21:16,excitement,joy,85%,,2026-06-08,20:21:27
6a270829832c9a57883638cb,edrn6et,"If I could get to GC in 30 min instead of 57, well my life would truly change.",neutral,neutral,positive,85%,,2026-06-08,20:21:07,desire,neutral,90%,,2026-06-08,20:21:18,desire,neutral,95%,,2026-06-08,20:21:29
6a27082a832c9a57883638cc,edepgbd,"Oh, but amazingly it seemed to work out in the end because oil eating bacteria evolved in the Gulf of Mexico",admiration,joy,positive,85%,,2026-06-08,20:21:08,amusement,joy,80%,,2026-06-08,20:21:19,amusement,joy,70%,,2026-06-08,20:21:30
6a27082c832c9a57883638cd,ee1zdgd,Forget every single acronym and buzz word from TRP. Never think using that terminology.,neutral,neutral,negative,95%,,2026-06-08,20:21:10,disapproval,anger,95%,,2026-06-08,20:21:21,disapproval,anger,95%,,2026-06-08,20:21:32
6a27082d832c9a57883638ce,ee056pm,"Holy fuck, report this now. The fuck you doing on reddit? ",anger,anger,negative,95%,,2026-06-08,20:21:11,anger,anger,95%,,2026-06-08,20:21:22,anger,anger,95%,,2026-06-08,20:21:33
6a27082e832c9a57883638cf,ed4jda0,I wouldn't be surprised if the Cheetos dust was coming out of his sweat.,surprise,surprise,negative,85%,,2026-06-08,20:21:12,disgust,disgust,85%,,2026-06-08,20:21:23,disgust,disgust,85%,,2026-06-08,20:21:34
6a270845832c9a57883638d0,ee9g8qn,"I legit thought he was JSE for a second. I was so confused, but so happy all at the same time",confusion,neutral,positive,85%,,2026-06-08,20:21:36,confusion,neutral,70%,,2026-06-08,20:21:46,joy,joy,85%,,2026-06-08,20:21:57
6a270846832c9a57883638d1,edode7v,You gotta find that fine line where you amass as much paper equity as possible while not sacrificing whatâs really important in life.,caring,love,neutral,85%,,2026-06-08,20:21:37,optimism,joy,70%,,2026-06-08,20:21:48,confusion,neutral,70%,,2026-06-08,20:21:58
6a270848832c9a57883638d2,ef3ygt0,"the original concern was about one particular type of vaccine, not all vaccinations.",disapproval,anger,neutral,85%,,2026-06-08,20:21:38,clarification,neutral,95%,,2026-06-08,20:21:49,clarification,neutral,90%,,2026-06-08,20:22:00
6a270849832c9a57883638d3,ef4laco,Video...must get video when popping in the pubic region. Now go to your room.,neutral,neutral,negative,85%,,2026-06-08,20:21:40,disapproval,anger,85%,,2026-06-08,20:21:50,disapproval,anger,95%,,2026-06-08,20:22:01
6a27084a832c9a57883638d4,ee0j4pc,"Saddos??? And holy heck that laughing emoji, what a disrespectful sociopath. I'm so sorry you have to deal with her.",remorse,sadness,negative,95%,,2026-06-08,20:21:41,disapproval,anger,95%,,2026-06-08,20:21:52,disapproval,anger,95%,,2026-06-08,20:22:02
6a27084c832c9a57883638d5,efblc1k,It always makes me super happy when I see stuff like this. Go live your best life girl!,joy,joy,positive,95%,,2026-06-08,20:21:42,joy,joy,95%,,2026-06-08,20:21:53,joy,joy,95%,,2026-06-08,20:22:04
6a27084d832c9a57883638d6,eeqyy85,I donât understand WHY the [NAME] are so stubborn on this issue. Theyâre just like the [NAME] on abortion. Damn the facts!,neutral,neutral,negative,95%,,2026-06-08,20:21:44,anger,anger,85%,,2026-06-08,20:21:54,anger,anger,85%,,2026-06-08,20:22:05
6a27084e832c9a57883638d7,eeuqcmv,Go fuck yourself.,anger,anger,negative,100%,,2026-06-08,20:21:45,anger,anger,95%,,2026-06-08,20:21:56,anger,anger,95%,,2026-06-08,20:22:06
6a270866832c9a57883638d8,ee36f5o,"Well, in that case I don't think there's any use in trying to explain. Carry on  )",neutral,neutral,negative,85%,,2026-06-08,20:22:08,disappointment,sadness,85%,,2026-06-08,20:22:18,disappointment,sadness,85%,,2026-06-08,20:22:30
6a270867832c9a57883638d9,ee3bd7h,Yayyyy [NAME]!!!! Now go get a hat trick tonight!,excitement,joy,positive,95%,,2026-06-08,20:22:09,excitement,joy,95%,,2026-06-08,20:22:20,excitement,joy,95%,,2026-06-08,20:22:31
6a270869832c9a57883638da,ed2e1a1,180 is not good for checking enzyme deficiency which is what I am referring too.,disapproval,anger,negative,95%,,2026-06-08,20:22:10,disappointment,sadness,85%,,2026-06-08,20:22:21,disappointment,sadness,90%,,2026-06-08,20:22:33
6a27086a832c9a57883638db,ed4s2p0,"Your mindset is the right mindset, sadly, it's easier said than done.",admiration,joy,neutral,85%,,2026-06-08,20:22:12,sadness,sadness,85%,,2026-06-08,20:22:22,disappointment,sadness,70%,,2026-06-08,20:22:34
6a27086b832c9a57883638dc,edo02vy,I'm hoping that the TTK might help. He's really bad at R6 for the most part.,optimism,joy,neutral,70%,,2026-06-08,20:22:13,amusement,joy,85%,,2026-06-08,20:22:24,hope,neutral,70%,,2026-06-08,20:22:35
6a27086d832c9a57883638dd,ed13255,Happy new years!!!!,joy,joy,positive,95%,,2026-06-08,20:22:14,joy,joy,95%,,2026-06-08,20:22:25,joy,joy,95%,,2026-06-08,20:22:37
6a27086e832c9a57883638de,eebf52s,The real joke is always in the comments.,neutral,neutral,neutral,70%,,2026-06-08,20:22:16,amusement,joy,85%,,2026-06-08,20:22:26,amusement,joy,70%,,2026-06-08,20:22:38
6a270870832c9a57883638df,edncm2k,Damn you and your facts.,anger,anger,negative,95%,,2026-06-08,20:22:17,anger,anger,95%,,2026-06-08,20:22:29,anger,anger,95%,,2026-06-08,20:22:40
6a270888832c9a57883638e0,eev5i9l,here for me scenes of [NAME] being dragged by her children,neutral,neutral,negative,85%,,2026-06-08,20:22:41,amusement,joy,70%,,2026-06-08,20:22:52,sadness,sadness,85%,,2026-06-08,20:23:04
6a270889832c9a57883638e1,eentxjj,She did it once I donât think she would do it again but they might interfere in [NAME] match with [NAME],neutral,neutral,neutral,70%,,2026-06-08,20:22:43,disapproval,anger,70%,,2026-06-08,20:22:54,neutral,neutral,70%,,2026-06-08,20:23:05
6a27088a832c9a57883638e2,efdwp12,wow! trust issues.,surprise,surprise,negative,85%,,2026-06-08,20:22:44,surprise,surprise,85%,,2026-06-08,20:22:55,disappointment,sadness,85%,,2026-06-08,20:23:06
6a27088c832c9a57883638e3,edzrxw3,i am. This means i will move from MTN to VODACOM. and i only roam!! Wow,joy,joy,positive,85%,,2026-06-08,20:22:45,surprise,surprise,85%,,2026-06-08,20:22:56,excitement,joy,85%,,2026-06-08,20:23:08
6a27088d832c9a57883638e4,eevdm3z,5 years for a guy who will most likely break down physically before year 3. Awesome move.,admiration,joy,negative,85%,,2026-06-08,20:22:47,disapproval,anger,95%,,2026-06-08,20:22:58,disapproval,anger,95%,,2026-06-08,20:23:09
6a27088e832c9a57883638e5,eeydlf7,Thank you!! Every time I see someone say âwith one exceptionâ Iâm like nooo! Itâs a song too!!,gratitude,joy,negative,85%,,2026-06-08,20:22:48,annoyance,anger,85%,,2026-06-08,20:22:59,annoyance,anger,85%,,2026-06-08,20:23:10
6a270890832c9a57883638e6,efc18fu,IT'S ALL YOUR FAULT MAMA,disappointment,sadness,negative,95%,,2026-06-08,20:22:50,anger,anger,95%,,2026-06-08,20:23:00,anger,anger,95%,,2026-06-08,20:23:12
6a270891832c9a57883638e7,ef8350g,"I saw this to, thanks tho  ) it helps but not as much as I'd like",gratitude,joy,neutral,70%,,2026-06-08,20:22:51,gratitude,joy,70%,,2026-06-08,20:23:02,gratitude,joy,70%,,2026-06-08,20:23:13
6a2708a8832c9a57883638e8,edj9uqc,Stupid [NAME] referencing that stupid seagull/cricket myth,neutral,neutral,negative,95%,,2026-06-08,20:23:14,anger,anger,95%,,2026-06-08,20:23:25,anger,anger,95%,,2026-06-08,20:23:36
6a2708aa832c9a57883638e9,edmhlr3,1 Corinthians 13 ð I am lazy so i won't write it down sry,disapproval,anger,neutral,80%,,2026-06-08,20:23:16,amusement,joy,95%,,2026-06-08,20:23:27,amusement,joy,85%,,2026-06-08,20:23:38
6a2708ab832c9a57883638ea,eddnnbb,Not my proudest fap,disapproval,anger,negative,95%,,2026-06-08,20:23:17,disappointment,sadness,95%,,2026-06-08,20:23:28,disappointment,sadness,90%,,2026-06-08,20:23:39
6a2708ac832c9a57883638eb,edm2mo2,Uncle doods is awesome.,admiration,joy,positive,95%,,2026-06-08,20:23:18,admiration,joy,90%,,2026-06-08,20:23:30,joy,joy,95%,,2026-06-08,20:23:40
6a2708af832c9a57883638ec,ee7axrq,Genoa likes [NAME],neutral,neutral,neutral,70%,,2026-06-08,20:23:20,love,love,80%,,2026-06-08,20:23:31,neutral,neutral,100%,,2026-06-08,20:23:43
6a2708b0832c9a57883638ed,eew7ppc,Hey don't insult troglodytes like that. I'm sure they would have wanted vaccines,approval,joy,negative,85%,,2026-06-08,20:23:21,anger,anger,85%,,2026-06-08,20:23:32,disapproval,anger,95%,,2026-06-08,20:23:44
6a2708b1832c9a57883638ee,edykgib,"I'd just feel less out of place, I guess. My SA makes me feel like I'm so behind my peers in terms of a social life",disappointment,sadness,negative,95%,,2026-06-08,20:23:23,sadness,sadness,85%,,2026-06-08,20:23:34,sadness,sadness,85%,,2026-06-08,20:23:45
6a2708b3832c9a57883638ef,eeowi6x,It may get you pregnant so just make sure you eat all her birth control before hand.,caring,love,negative,85%,,2026-06-08,20:23:24,disapproval,anger,85%,,2026-06-08,20:23:35,disapproval,anger,85%,,2026-06-08,20:23:47
6a2708cb832c9a57883638f0,edpp1ko,Exercising. Yoga. Meditation. Walks out by myself. ( walking meditation) Good friends. Time with good friends.,joy,joy,positive,95%,,2026-06-08,20:23:48,joy,joy,90%,,2026-06-08,20:24:00,joy,joy,95%,,2026-06-08,20:24:11
6a2708cf832c9a57883638f1,edd4bg5,*losing hope Loose is what your mom is,sadness,sadness,negative,95%,,2026-06-08,20:23:49,sadness,sadness,85%,,2026-06-08,20:24:01,sadness,sadness,95%,,2026-06-08,20:24:15
6a2708d0832c9a57883638f2,edg96mx,Your opinion doesnât matter enough to me to trigger me  ),disapproval,anger,negative,85%,,2026-06-08,20:23:51,disapproval,anger,85%,,2026-06-08,20:24:03,disapproval,anger,85%,,2026-06-08,20:24:16
6a2708d1832c9a57883638f3,eeyhws2,"You're late, I'm not paying for those",neutral,neutral,negative,95%,,2026-06-08,20:23:52,anger,anger,95%,,2026-06-08,20:24:04,anger,anger,90%,,2026-06-08,20:24:17
6a2708d3832c9a57883638f4,eelwbqj,Fuck that guy for game 2,anger,anger,negative,95%,,2026-06-08,20:23:53,anger,anger,90%,,2026-06-08,20:24:05,anger,anger,95%,,2026-06-08,20:24:19
6a2708d4832c9a57883638f5,eeqdvub,For some reason this post is making me crave an apartment.,desire,neutral,positive,80%,,2026-06-08,20:23:55,desire,neutral,85%,,2026-06-08,20:24:07,desire,neutral,85%,,2026-06-08,20:24:20
6a2708d6832c9a57883638f6,edu6t9l,The number of pedos is too damn high!,anger,anger,negative,95%,,2026-06-08,20:23:56,anger,anger,90%,,2026-06-08,20:24:08,anger,anger,95%,,2026-06-08,20:24:22
6a2708d7832c9a57883638f7,edvjecd,Congrats bud! Hope it was a good 21st!,admiration,joy,positive,95%,,2026-06-08,20:23:57,joy,joy,85%,,2026-06-08,20:24:09,joy,joy,95%,,2026-06-08,20:24:23
6a2708ee832c9a57883638f8,edp2271,Do it  ) Youâd make my day!,optimism,joy,positive,95%,,2026-06-08,20:24:24,excitement,joy,85%,,2026-06-08,20:24:36,joy,joy,95%,,2026-06-08,20:24:46
6a2708f0832c9a57883638f9,ef2ugoc,I wish that was a thing ð,desire,neutral,neutral,70%,,2026-06-08,20:24:26,amusement,joy,90%,,2026-06-08,20:24:37,amusement,joy,85%,,2026-06-08,20:24:48
6a2708f1832c9a57883638fa,ef580ll,THESAURUS THREW UP ON THIS COMMENT,neutral,neutral,negative,95%,,2026-06-08,20:24:27,disgust,disgust,85%,,2026-06-08,20:24:38,disgust,disgust,95%,,2026-06-08,20:24:49
6a2708f2832c9a57883638fb,eeeugrh,Oh thatâs crazy to expect that much. 10/5 years is nothing.,neutral,neutral,negative,85%,,2026-06-08,20:24:28,disapproval,anger,85%,,2026-06-08,20:24:39,disappointment,sadness,85%,,2026-06-08,20:24:50
6a2708f4832c9a57883638fc,edszimp,In my mind. I forgot everything  (,sadness,sadness,neutral,70%,,2026-06-08,20:24:30,confusion,neutral,85%,,2026-06-08,20:24:41,confusion,neutral,85%,,2026-06-08,20:24:52
6a2708f7832c9a57883638fd,eeyx030,"Probably. Sorry, OP. But don't worry. A lot of us are in the same boat.",caring,love,neutral,70%,,2026-06-08,20:24:31,sadness,sadness,70%,,2026-06-08,20:24:42,caring,love,70%,,2026-06-08,20:24:55
6a2708f8832c9a57883638fe,edwamw7,"ASK HER OUT FOR COFFEE OR SOMETHING ALREADY! And while i wish things go well for you with her, next time dont wait for so many signals.",optimism,joy,positive,85%,,2026-06-08,20:24:33,annoyance,anger,85%,,2026-06-08,20:24:43,excitement,joy,85%,,2026-06-08,20:24:56
6a2708fa832c9a57883638ff,ef6menm,"So is liking [NAME] enormous eyebrows ""biological"" too? /s ^I ^think ^her ^eye ^brows ^look ^cool",admiration,joy,neutral,70%,,2026-06-08,20:24:34,amusement,joy,95%,,2026-06-08,20:24:45,amusement,joy,75%,,2026-06-08,20:24:58
6a270912832c9a5788363900,eek2w87,Happy little lies.,joy,joy,positive,85%,,2026-06-08,20:24:59,joy,joy,85%,,2026-06-08,20:25:10,joy,joy,90%,,2026-06-08,20:25:22
6a270913832c9a5788363901,eexx0lb,"Thank you. I've been correcting the record for triggered authoritarians for a minute! ""Mah taxes""",gratitude,joy,neutral,80%,,2026-06-08,20:25:00,amusement,joy,70%,,2026-06-08,20:25:11,amusement,joy,70%,,2026-06-08,20:25:23
6a270914832c9a5788363902,ef4jxwk,"I feel the same way! It just doesnât get better for some of us, Iâm sick of hearing that it gets better.",annoyance,anger,negative,95%,,2026-06-08,20:25:02,anger,anger,85%,,2026-06-08,20:25:12,anger,anger,95%,,2026-06-08,20:25:24
6a270916832c9a5788363903,ee5etqh,[NAME] can actually be accessed via the DC universe steaming/comics service,realization,surprise,neutral,85%,,2026-06-08,20:25:03,surprise,surprise,85%,,2026-06-08,20:25:14,curiosity,neutral,70%,,2026-06-08,20:25:26
6a270917832c9a5788363904,eeo75uk,What did I miss?!,neutral,neutral,negative,85%,,2026-06-08,20:25:04,confusion,neutral,90%,,2026-06-08,20:25:15,confusion,neutral,85%,,2026-06-08,20:25:27
6a270919832c9a5788363905,ee3tm94,"I mean... It's about average. So not $200 but not ""throw it in the trash"" either. ",annoyance,anger,neutral,85%,,2026-06-08,20:25:06,neutral,neutral,85%,,2026-06-08,20:25:16,neutral,neutral,80%,,2026-06-08,20:25:29
6a27091a832c9a5788363906,eefjh2w,And most ironic. We created the language but people still donât properly understand us as the mutated the damn thing,annoyance,anger,negative,85%,,2026-06-08,20:25:07,annoyance,anger,85%,,2026-06-08,20:25:18,disappointment,sadness,85%,,2026-06-08,20:25:30
6a27091b832c9a5788363907,eczqtaw,Last time I tried exposure at the grocery store I ended up with eight weeks community service.,neutral,neutral,negative,95%,,2026-06-08,20:25:08,fear,fear,85%,,2026-06-08,20:25:19,disappointment,sadness,95%,,2026-06-08,20:25:31
6a270932832c9a5788363908,ee96fcn,Don't ruin it for him,neutral,neutral,negative,85%,,2026-06-08,20:25:33,annoyance,anger,85%,,2026-06-08,20:25:43,annoyance,anger,85%,,2026-06-08,20:25:54
6a270933832c9a5788363909,eeicxm3,I mean... this is some shit right here,disgust,disgust,negative,95%,,2026-06-08,20:25:34,disgust,disgust,85%,,2026-06-08,20:25:45,disgust,disgust,85%,,2026-06-08,20:25:55
6a270935832c9a578836390a,eej75zu,"""drop the beat *AYYYYYYYYY........OOOOOOOOHHHHNNNOOOOOO""*",neutral,neutral,positive,95%,,2026-06-08,20:25:35,excitement,joy,95%,,2026-06-08,20:25:46,excitement,joy,95%,,2026-06-08,20:25:57
6a270936832c9a578836390b,ee2f5ji,You too thirsty,neutral,neutral,negative,70%,,2026-06-08,20:25:37,desire,neutral,85%,,2026-06-08,20:25:47,disappointment,sadness,85%,,2026-06-08,20:25:58
6a270938832c9a578836390c,edjpfac,Don't forget fluent in sarcasm,neutral,neutral,negative,85%,,2026-06-08,20:25:38,amusement,joy,85%,,2026-06-08,20:25:49,annoyance,anger,85%,,2026-06-08,20:26:00
6a270939832c9a578836390d,edju0tc,I think I should say that I am a student and have no income.,approval,joy,neutral,95%,,2026-06-08,20:25:39,embarrassment,sadness,85%,,2026-06-08,20:25:50,neutral,neutral,90%,,2026-06-08,20:26:01
6a27093a832c9a578836390e,edcj1kb,Thatâs a fuckin budgie. You gotta be a moron at birds to not know that. Thatâs like Bird Basics 101.,annoyance,anger,negative,95%,,2026-06-08,20:25:41,anger,anger,95%,,2026-06-08,20:25:51,disapproval,anger,95%,,2026-06-08,20:26:02
6a27093b832c9a578836390f,edv84m1,âItâs not happening right in front of me if I donât look at it.â,neutral,neutral,neutral,85%,,2026-06-08,20:25:42,neutral,neutral,90%,,2026-06-08,20:25:53,confusion,neutral,70%,,2026-06-08,20:26:03
6a270952832c9a5788363910,ef6z0k2,"finally, a game to watch",neutral,neutral,positive,85%,,2026-06-08,20:26:05,excitement,joy,85%,,2026-06-08,20:26:15,excitement,joy,85%,,2026-06-08,20:26:26
6a270954832c9a5788363911,eebc50g,"Her playing with fire, and getting burned. Stay strong. ",caring,love,neutral,80%,,2026-06-08,20:26:06,disapproval,anger,85%,,2026-06-08,20:26:17,disappointment,sadness,70%,,2026-06-08,20:26:28
6a270955832c9a5788363912,edk0zqb,This is terrible,fear,fear,negative,95%,,2026-06-08,20:26:07,disapproval,anger,95%,,2026-06-08,20:26:18,disappointment,sadness,95%,,2026-06-08,20:26:29
6a270956832c9a5788363913,eev5rd5,"Bro, you SHOULD be thankful for [NAME] ðð if it wasnt for them nobody would know who you guys are ",neutral,neutral,positive,85%,,2026-06-08,20:26:09,amusement,joy,70%,,2026-06-08,20:26:20,gratitude,joy,85%,,2026-06-08,20:26:30
6a270958832c9a5788363914,edskz6h,Read  A Billion Wicked Thoughts  What the Internet Tells Us About Sexual Relationships It will reveal all,neutral,neutral,neutral,85%,,2026-06-08,20:26:10,curiosity,neutral,85%,,2026-06-08,20:26:21,curiosity,neutral,70%,,2026-06-08,20:26:32
6a270959832c9a5788363915,ed7ue4k,Probably fake. In most situations Siri will tend to avoid words like penis and hope you're saying pianist,optimism,joy,negative,80%,,2026-06-08,20:26:11,disapproval,anger,85%,,2026-06-08,20:26:22,disapproval,anger,85%,,2026-06-08,20:26:33
6a27095a832c9a5788363916,eexv0p9,"I had big plans in life when I met this guy and two years later, nothing has materialized. Yes, I also feel frozen in time. ",neutral,neutral,negative,95%,,2026-06-08,20:26:13,disappointment,sadness,90%,,2026-06-08,20:26:24,disappointment,sadness,95%,,2026-06-08,20:26:34
6a27095c832c9a5788363917,edkx40g,"Good for him, most guys are like [NAME] and would take her back in an instant.",caring,love,positive,85%,,2026-06-08,20:26:14,approval,joy,85%,,2026-06-08,20:26:25,approval,joy,90%,,2026-06-08,20:26:36
6a270972832c9a5788363918,edtph9k,Hope you're ok!,caring,love,positive,95%,,2026-06-08,20:26:37,caring,love,90%,,2026-06-08,20:26:48,caring,love,95%,,2026-06-08,20:26:58
6a270974832c9a5788363919,edkgb61,I will third Blues City Deli...the Prez [NAME] is ridiculous!,amusement,joy,negative,95%,,2026-06-08,20:26:38,anger,anger,85%,,2026-06-08,20:26:49,disapproval,anger,95%,,2026-06-08,20:27:00
6a270975832c9a578836391a,edkdlxe,This is a very cursed lineup,annoyance,anger,negative,85%,,2026-06-08,20:26:40,disgust,disgust,85%,,2026-06-08,20:26:50,disgust,disgust,85%,,2026-06-08,20:27:01
6a270976832c9a578836391b,edgs59p,Where does this one person every 67 hours statistic come from?,confusion,neutral,neutral,80%,,2026-06-08,20:26:41,curiosity,neutral,85%,,2026-06-08,20:26:52,curiosity,neutral,85%,,2026-06-08,20:27:02
6a270978832c9a578836391c,een3isq,"Salaam, these thoughts happen. It is the shaitan trying to divert you from the path. May [NAME] grant you patience and the steadfastness to protect yourself.",caring,love,positive,95%,,2026-06-08,20:26:42,relief,joy,85%,,2026-06-08,20:26:53,gratitude,joy,95%,,2026-06-08,20:27:04
6a270979832c9a578836391d,ed9sbeg,It was a reference to earth 1s laurels arc. We honestly dont know enough about earth 2 laurel to come up with anything that wouldnt be overarching speculation.,neutral,neutral,neutral,80%,,2026-06-08,20:26:44,confusion,neutral,80%,,2026-06-08,20:26:54,confusion,neutral,70%,,2026-06-08,20:27:05
6a27097a832c9a578836391e,ee050v6,Gg my life.,neutral,neutral,negative,85%,,2026-06-08,20:26:45,sadness,sadness,85%,,2026-06-08,20:26:56,sadness,sadness,85%,,2026-06-08,20:27:06
6a27097c832c9a578836391f,edmg32w,You must be fun at parties.,amusement,joy,positive,80%,,2026-06-08,20:26:46,disapproval,anger,85%,,2026-06-08,20:26:57,amusement,joy,85%,,2026-06-08,20:27:08
